ISO-10303-21;
HEADER;
FILE_DESCRIPTION(('Open CASCADE Model'),'2;1');
FILE_NAME('Open CASCADE Shape Model','2026-10-04T09:22:55',('Author'),(
    'Open CASCADE'),'Open CASCADE STEP processor 7.9','Open CASCADE 7.9'
  ,'Unknown');
FILE_SCHEMA(('AUTOMOTIVE_DESIGN { 1 0 10303 214 1 1 1 1 }'));
ENDSEC;
DATA;
#1 = APPLICATION_PROTOCOL_DEFINITION('international standard',
  'automotive_design',2000,#2);
#2 = APPLICATION_CONTEXT(
  'core data for automotive mechanical design processes');
#3 = SHAPE_DEFINITION_REPRESENTATION(#4,#10);
#4 = PRODUCT_DEFINITION_SHAPE('','',#5);
#5 = PRODUCT_DEFINITION('design','',#6,#9);
#6 = PRODUCT_DEFINITION_FORMATION('','',#7);
#7 = PRODUCT('C_Ceramic_Dipped_P5.00mm','C_Ceramic_Dipped_P5.00mm','',(
    #8));
#8 = PRODUCT_CONTEXT('',#2,'mechanical');
#9 = PRODUCT_DEFINITION_CONTEXT('part definition',#2,'design');
#10 = SHAPE_REPRESENTATION('',(#11,#15,#19),#23);
#11 = AXIS2_PLACEMENT_3D('',#12,#13,#14);
#12 = CARTESIAN_POINT('',(0.,0.,0.));
#13 = DIRECTION('',(0.,0.,1.));
#14 = DIRECTION('',(1.,0.,-0.));
#15 = AXIS2_PLACEMENT_3D('',#16,#17,#18);
#16 = CARTESIAN_POINT('',(0.,0.,0.));
#17 = DIRECTION('',(0.,0.,1.));
#18 = DIRECTION('',(1.,0.,-0.));
#19 = AXIS2_PLACEMENT_3D('',#20,#21,#22);
#20 = CARTESIAN_POINT('',(0.,0.,0.));
#21 = DIRECTION('',(0.,0.,1.));
#22 = DIRECTION('',(1.,0.,-0.));
#23 = ( GEOMETRIC_REPRESENTATION_CONTEXT(3) 
GLOBAL_UNCERTAINTY_ASSIGNED_CONTEXT((#27)) GLOBAL_UNIT_ASSIGNED_CONTEXT(
(#24,#25,#26)) REPRESENTATION_CONTEXT('Context #1',
  '3D Context with UNIT and UNCERTAINTY') );
#24 = ( LENGTH_UNIT() NAMED_UNIT(*) SI_UNIT(.MILLI.,.METRE.) );
#25 = ( NAMED_UNIT(*) PLANE_ANGLE_UNIT() SI_UNIT($,.RADIAN.) );
#26 = ( NAMED_UNIT(*) SI_UNIT($,.STERADIAN.) SOLID_ANGLE_UNIT() );
#27 = UNCERTAINTY_MEASURE_WITH_UNIT(LENGTH_MEASURE(1.E-04),#24,
  'distance_accuracy_value','confusion accuracy');
#28 = PRODUCT_RELATED_PRODUCT_CATEGORY('part',$,(#7));
#29 = SHAPE_DEFINITION_REPRESENTATION(#30,#36);
#30 = PRODUCT_DEFINITION_SHAPE('','',#31);
#31 = PRODUCT_DEFINITION('design','',#32,#35);
#32 = PRODUCT_DEFINITION_FORMATION('','',#33);
#33 = PRODUCT('body','body','',(#34));
#34 = PRODUCT_CONTEXT('',#2,'mechanical');
#35 = PRODUCT_DEFINITION_CONTEXT('part definition',#2,'design');
#36 = ADVANCED_BREP_SHAPE_REPRESENTATION('',(#11,#37),#6327);
#37 = MANIFOLD_SOLID_BREP('',#38);
#38 = CLOSED_SHELL('',(#39,#682,#1317,#1365,#1789,#1995,#2201,#2315,
    #2517,#2631,#2741,#2842,#2947,#3232,#3338,#3466,#3537,#3564,#3613,
    #3646,#3701,#3794,#3821,#3848,#3983,#4118,#4416,#4652,#4739,#4871,
    #5046,#5120,#5250,#5302,#5635,#5660,#5732,#5804,#5877,#5949,#5975,
    #5981,#6006,#6078,#6150,#6223,#6295,#6321));
#39 = ADVANCED_FACE('',(#40),#55,.F.);
#40 = FACE_BOUND('',#41,.F.);
#41 = EDGE_LOOP('',(#42,#166,#250,#437,#518,#605,#629));
#42 = ORIENTED_EDGE('',*,*,#43,.T.);
#43 = EDGE_CURVE('',#44,#46,#48,.T.);
#44 = VERTEX_POINT('',#45);
#45 = CARTESIAN_POINT('',(0.75,8.900548278439E-17,0.923760430703));
#46 = VERTEX_POINT('',#47);
#47 = CARTESIAN_POINT('',(0.25,3.110073126698E-16,2.801304834898));
#48 = SURFACE_CURVE('',#49,(#54,#110),.PCURVE_S1.);
#49 = B_SPLINE_CURVE_WITH_KNOTS('',3,(#50,#51,#52,#53),.UNSPECIFIED.,.F.
  ,.F.,(4,4),(0.,1.),.PIECEWISE_BEZIER_KNOTS.);
#50 = CARTESIAN_POINT('',(0.75,8.900548278439E-17,0.923760430703));
#51 = CARTESIAN_POINT('',(0.422385229355,1.660059797871E-16,
    1.495248937421));
#52 = CARTESIAN_POINT('',(0.25,2.37873141507E-16,2.142570782905));
#53 = CARTESIAN_POINT('',(0.25,3.110073126698E-16,2.801304834898));
#54 = PCURVE('',#55,#104);
#55 = B_SPLINE_SURFACE_WITH_KNOTS('',3,3,(
    (#56,#57,#58,#59)
    ,(#60,#61,#62,#63)
    ,(#64,#65,#66,#67)
    ,(#68,#69,#70,#71)
    ,(#72,#73,#74,#75)
    ,(#76,#77,#78,#79)
    ,(#80,#81,#82,#83)
    ,(#84,#85,#86,#87)
    ,(#88,#89,#90,#91)
    ,(#92,#93,#94,#95)
    ,(#96,#97,#98,#99)
    ,(#100,#101,#102,#103
    )),.UNSPECIFIED.,.T.,.F.,.F.,(1,3,1,1,1,2,1,1,1,3,1),(4,4),(-0.125,
    0.,0.125,0.25,0.375,0.5,0.625,0.75,0.875,1.,1.125),(0.,1.),
  .UNSPECIFIED.);
#56 = CARTESIAN_POINT('',(0.75,7.545295562832E-17,0.923760430703));
#57 = CARTESIAN_POINT('',(0.422385229355,1.660059797871E-16,
    1.495248937421));
#58 = CARTESIAN_POINT('',(0.25,2.37873141507E-16,2.142570782905));
#59 = CARTESIAN_POINT('',(0.25,2.567972040455E-16,2.801304834898));
#60 = CARTESIAN_POINT('',(0.75,6.54498464275E-02,0.923760430703));
#61 = CARTESIAN_POINT('',(0.422385229355,0.114261874867,1.495248937421)
  );
#62 = CARTESIAN_POINT('',(0.25,0.163073903306,2.142570782905));
#63 = CARTESIAN_POINT('',(0.25,0.211885931746,2.801304834898));
#64 = CARTESIAN_POINT('',(0.803872184124,0.195903993837,0.923760430703)
  );
#65 = CARTESIAN_POINT('',(0.512563797158,0.342005285143,1.468830940709)
  );
#66 = CARTESIAN_POINT('',(0.36580952984,0.488106576449,2.10719521087));
#67 = CARTESIAN_POINT('',(0.391195486093,0.634207867755,2.698840561688)
  );
#68 = CARTESIAN_POINT('',(1.,0.27731081453,0.923760430703));
#69 = CARTESIAN_POINT('',(0.836192614678,0.484133563086,1.367744102042)
  );
#70 = CARTESIAN_POINT('',(0.784913084074,0.690956311642,1.957402797699)
  );
#71 = CARTESIAN_POINT('',(0.90503875969,0.897779060198,2.325949196461));
#72 = CARTESIAN_POINT('',(1.196127815876,0.195903993837,0.923760430703)
  );
#73 = CARTESIAN_POINT('',(1.159821432197,0.342005285143,1.266657263374)
  );
#74 = CARTESIAN_POINT('',(1.204016638309,0.488106576449,1.807610384529)
  );
#75 = CARTESIAN_POINT('',(1.418882033287,0.634207867755,1.953057831234)
  );
#76 = CARTESIAN_POINT('',(1.25,6.54498464275E-02,0.923760430703));
#77 = CARTESIAN_POINT('',(1.25,0.114261874867,1.240239266662));
#78 = CARTESIAN_POINT('',(1.319826168149,0.163073903306,1.772234812494)
  );
#79 = CARTESIAN_POINT('',(1.56007751938,0.211885931746,1.850593558024));
#80 = CARTESIAN_POINT('',(1.25,-6.54498464275E-02,0.923760430703));
#81 = CARTESIAN_POINT('',(1.25,-0.114261874867,1.240239266662));
#82 = CARTESIAN_POINT('',(1.319826168149,-0.163073903306,1.772234812494)
  );
#83 = CARTESIAN_POINT('',(1.56007751938,-0.211885931746,1.850593558024)
  );
#84 = CARTESIAN_POINT('',(1.196127815876,-0.195903993837,0.923760430703)
  );
#85 = CARTESIAN_POINT('',(1.159821432197,-0.342005285143,1.266657263374)
  );
#86 = CARTESIAN_POINT('',(1.204016638309,-0.488106576449,1.807610384529)
  );
#87 = CARTESIAN_POINT('',(1.418882033287,-0.634207867755,1.953057831234)
  );
#88 = CARTESIAN_POINT('',(1.,-0.27731081453,0.923760430703));
#89 = CARTESIAN_POINT('',(0.836192614678,-0.484133563086,1.367744102042)
  );
#90 = CARTESIAN_POINT('',(0.784913084074,-0.690956311642,1.957402797699)
  );
#91 = CARTESIAN_POINT('',(0.90503875969,-0.897779060198,2.325949196461)
  );
#92 = CARTESIAN_POINT('',(0.803872184124,-0.195903993837,0.923760430703)
  );
#93 = CARTESIAN_POINT('',(0.512563797158,-0.342005285143,1.468830940709)
  );
#94 = CARTESIAN_POINT('',(0.36580952984,-0.488106576449,2.10719521087));
#95 = CARTESIAN_POINT('',(0.391195486093,-0.634207867755,2.698840561688)
  );
#96 = CARTESIAN_POINT('',(0.75,-6.54498464275E-02,0.923760430703));
#97 = CARTESIAN_POINT('',(0.422385229355,-0.114261874867,1.495248937421)
  );
#98 = CARTESIAN_POINT('',(0.25,-0.163073903306,2.142570782905));
#99 = CARTESIAN_POINT('',(0.25,-0.211885931746,2.801304834898));
#100 = CARTESIAN_POINT('',(0.75,7.545295562832E-17,0.923760430703));
#101 = CARTESIAN_POINT('',(0.422385229355,1.660059797871E-16,
    1.495248937421));
#102 = CARTESIAN_POINT('',(0.25,2.37873141507E-16,2.142570782905));
#103 = CARTESIAN_POINT('',(0.25,2.567972040455E-16,2.801304834898));
#104 = DEFINITIONAL_REPRESENTATION('',(#105),#109);
#105 = LINE('',#106,#107);
#106 = CARTESIAN_POINT('',(1.,-4.439220515375E-17));
#107 = VECTOR('',#108,1.);
#108 = DIRECTION('',(0.,1.));
#109 = ( GEOMETRIC_REPRESENTATION_CONTEXT(2) 
PARAMETRIC_REPRESENTATION_CONTEXT() REPRESENTATION_CONTEXT('2D SPACE',''
  ) );
#110 = PCURVE('',#111,#160);
#111 = B_SPLINE_SURFACE_WITH_KNOTS('',3,3,(
    (#112,#113,#114,#115)
    ,(#116,#117,#118,#119)
    ,(#120,#121,#122,#123)
    ,(#124,#125,#126,#127)
    ,(#128,#129,#130,#131)
    ,(#132,#133,#134,#135)
    ,(#136,#137,#138,#139)
    ,(#140,#141,#142,#143)
    ,(#144,#145,#146,#147)
    ,(#148,#149,#150,#151)
    ,(#152,#153,#154,#155)
    ,(#156,#157,#158,#159
    )),.UNSPECIFIED.,.T.,.F.,.F.,(1,3,1,1,1,2,1,1,1,3,1),(4,4),(-0.125,
    0.,0.125,0.25,0.375,0.5,0.625,0.75,0.875,1.,1.125),(0.,1.),
  .UNSPECIFIED.);
#112 = CARTESIAN_POINT('',(0.75,7.545295562832E-17,0.923760430703));
#113 = CARTESIAN_POINT('',(0.422385229355,1.660059797871E-16,
    1.495248937421));
#114 = CARTESIAN_POINT('',(0.25,2.37873141507E-16,2.142570782905));
#115 = CARTESIAN_POINT('',(0.25,2.567972040455E-16,2.801304834898));
#116 = CARTESIAN_POINT('',(0.75,6.54498464275E-02,0.923760430703));
#117 = CARTESIAN_POINT('',(0.422385229355,0.114261874867,1.495248937421)
  );
#118 = CARTESIAN_POINT('',(0.25,0.163073903306,2.142570782905));
#119 = CARTESIAN_POINT('',(0.25,0.211885931746,2.801304834898));
#120 = CARTESIAN_POINT('',(0.803872184124,0.195903993837,0.923760430703)
  );
#121 = CARTESIAN_POINT('',(0.512563797158,0.342005285143,1.468830940709)
  );
#122 = CARTESIAN_POINT('',(0.36580952984,0.488106576449,2.10719521087));
#123 = CARTESIAN_POINT('',(0.391195486093,0.634207867755,2.698840561688)
  );
#124 = CARTESIAN_POINT('',(1.,0.27731081453,0.923760430703));
#125 = CARTESIAN_POINT('',(0.836192614678,0.484133563086,1.367744102042)
  );
#126 = CARTESIAN_POINT('',(0.784913084074,0.690956311642,1.957402797699)
  );
#127 = CARTESIAN_POINT('',(0.90503875969,0.897779060198,2.325949196461)
  );
#128 = CARTESIAN_POINT('',(1.196127815876,0.195903993837,0.923760430703)
  );
#129 = CARTESIAN_POINT('',(1.159821432197,0.342005285143,1.266657263374)
  );
#130 = CARTESIAN_POINT('',(1.204016638309,0.488106576449,1.807610384529)
  );
#131 = CARTESIAN_POINT('',(1.418882033287,0.634207867755,1.953057831234)
  );
#132 = CARTESIAN_POINT('',(1.25,6.54498464275E-02,0.923760430703));
#133 = CARTESIAN_POINT('',(1.25,0.114261874867,1.240239266662));
#134 = CARTESIAN_POINT('',(1.319826168149,0.163073903306,1.772234812494)
  );
#135 = CARTESIAN_POINT('',(1.56007751938,0.211885931746,1.850593558024)
  );
#136 = CARTESIAN_POINT('',(1.25,-6.54498464275E-02,0.923760430703));
#137 = CARTESIAN_POINT('',(1.25,-0.114261874867,1.240239266662));
#138 = CARTESIAN_POINT('',(1.319826168149,-0.163073903306,1.772234812494
    ));
#139 = CARTESIAN_POINT('',(1.56007751938,-0.211885931746,1.850593558024)
  );
#140 = CARTESIAN_POINT('',(1.196127815876,-0.195903993837,0.923760430703
    ));
#141 = CARTESIAN_POINT('',(1.159821432197,-0.342005285143,1.266657263374
    ));
#142 = CARTESIAN_POINT('',(1.204016638309,-0.488106576449,1.807610384529
    ));
#143 = CARTESIAN_POINT('',(1.418882033287,-0.634207867755,1.953057831234
    ));
#144 = CARTESIAN_POINT('',(1.,-0.27731081453,0.923760430703));
#145 = CARTESIAN_POINT('',(0.836192614678,-0.484133563086,1.367744102042
    ));
#146 = CARTESIAN_POINT('',(0.784913084074,-0.690956311642,1.957402797699
    ));
#147 = CARTESIAN_POINT('',(0.90503875969,-0.897779060198,2.325949196461)
  );
#148 = CARTESIAN_POINT('',(0.803872184124,-0.195903993837,0.923760430703
    ));
#149 = CARTESIAN_POINT('',(0.512563797158,-0.342005285143,1.468830940709
    ));
#150 = CARTESIAN_POINT('',(0.36580952984,-0.488106576449,2.10719521087)
  );
#151 = CARTESIAN_POINT('',(0.391195486093,-0.634207867755,2.698840561688
    ));
#152 = CARTESIAN_POINT('',(0.75,-6.54498464275E-02,0.923760430703));
#153 = CARTESIAN_POINT('',(0.422385229355,-0.114261874867,1.495248937421
    ));
#154 = CARTESIAN_POINT('',(0.25,-0.163073903306,2.142570782905));
#155 = CARTESIAN_POINT('',(0.25,-0.211885931746,2.801304834898));
#156 = CARTESIAN_POINT('',(0.75,7.545295562832E-17,0.923760430703));
#157 = CARTESIAN_POINT('',(0.422385229355,1.660059797871E-16,
    1.495248937421));
#158 = CARTESIAN_POINT('',(0.25,2.37873141507E-16,2.142570782905));
#159 = CARTESIAN_POINT('',(0.25,2.567972040455E-16,2.801304834898));
#160 = DEFINITIONAL_REPRESENTATION('',(#161),#165);
#161 = LINE('',#162,#163);
#162 = CARTESIAN_POINT('',(0.,-4.439220515375E-17));
#163 = VECTOR('',#164,1.);
#164 = DIRECTION('',(0.,1.));
#165 = ( GEOMETRIC_REPRESENTATION_CONTEXT(2) 
PARAMETRIC_REPRESENTATION_CONTEXT() REPRESENTATION_CONTEXT('2D SPACE',''
  ) );
#166 = ORIENTED_EDGE('',*,*,#167,.F.);
#167 = EDGE_CURVE('',#168,#46,#170,.T.);
#168 = VERTEX_POINT('',#169);
#169 = CARTESIAN_POINT('',(0.254823570006,-7.582886964839E-02,
    2.686470453412));
#170 = SURFACE_CURVE('',#171,(#179,#208),.PCURVE_S1.);
#171 = B_SPLINE_CURVE_WITH_KNOTS('',3,(#172,#173,#174,#175,#176,#177,
    #178),.UNSPECIFIED.,.F.,.F.,(4,3,4),(0.,1.297206800031E-04,
    1.3770078083E-04),.UNSPECIFIED.);
#172 = CARTESIAN_POINT('',(0.254823570006,-7.582886964839E-02,
    2.686470453412));
#173 = CARTESIAN_POINT('',(0.251784088577,-5.220766678814E-02,
    2.722560861145));
#174 = CARTESIAN_POINT('',(0.250190565679,-2.836436067933E-02,
    2.75865571698));
#175 = CARTESIAN_POINT('',(0.250016096677,-4.420244535638E-03,
    2.794660800856));
#176 = CARTESIAN_POINT('',(0.250005363768,-2.947260728939E-03,
    2.796875746072));
#177 = CARTESIAN_POINT('',(0.25,-1.473417842663E-03,2.799090152379));
#178 = CARTESIAN_POINT('',(0.25,3.110073126698E-16,2.801304834898));
#179 = PCURVE('',#55,#180);
#180 = DEFINITIONAL_REPRESENTATION('',(#181),#207);
#181 = B_SPLINE_CURVE_WITH_KNOTS('',3,(#182,#183,#184,#185,#186,#187,
    #188,#189,#190,#191,#192,#193,#194,#195,#196,#197,#198,#199,#200,
    #201,#202,#203,#204,#205,#206),.UNSPECIFIED.,.F.,.F.,(4,1,1,1,1,1,1,
    1,1,1,1,1,1,1,1,1,1,1,1,1,1,1,4),(0.,6.259126401364E-06,
    1.251825280273E-05,1.877737920409E-05,2.503650560546E-05,
    3.129563200682E-05,3.755475840819E-05,4.381388480955E-05,
    5.007301121092E-05,5.633213761228E-05,6.259126401364E-05,
    6.885039041501E-05,7.510951681637E-05,8.136864321774E-05,
    8.76277696191E-05,9.388689602047E-05,1.001460224218E-04,
    1.064051488232E-04,1.126642752246E-04,1.189234016259E-04,
    1.251825280273E-04,1.314416544287E-04,1.3770078083E-04),
  .QUASI_UNIFORM_KNOTS.);
#182 = CARTESIAN_POINT('',(0.984446095607,0.942892155241));
#183 = CARTESIAN_POINT('',(0.984690239843,0.943743897444));
#184 = CARTESIAN_POINT('',(0.985177744569,0.945448613038));
#185 = CARTESIAN_POINT('',(0.98590665635,0.948009378184));
#186 = CARTESIAN_POINT('',(0.98663322883,0.950573833149));
#187 = CARTESIAN_POINT('',(0.987357467775,0.953141976427));
#188 = CARTESIAN_POINT('',(0.988079378799,0.955713806785));
#189 = CARTESIAN_POINT('',(0.988798967342,0.958289323302));
#190 = CARTESIAN_POINT('',(0.989516238678,0.960868525353));
#191 = CARTESIAN_POINT('',(0.990231197914,0.963451412607));
#192 = CARTESIAN_POINT('',(0.990943849998,0.966037985025));
#193 = CARTESIAN_POINT('',(0.991654199712,0.96862824285));
#194 = CARTESIAN_POINT('',(0.992362251682,0.97122218661));
#195 = CARTESIAN_POINT('',(0.993068010374,0.973819817109));
#196 = CARTESIAN_POINT('',(0.993771480101,0.976421135425));
#197 = CARTESIAN_POINT('',(0.994472665018,0.979026142911));
#198 = CARTESIAN_POINT('',(0.995171569137,0.981634841153));
#199 = CARTESIAN_POINT('',(0.995868196291,0.984247232125));
#200 = CARTESIAN_POINT('',(0.996562550276,0.986863317584));
#201 = CARTESIAN_POINT('',(0.997254634318,0.98948310131));
#202 = CARTESIAN_POINT('',(0.997944453085,0.99210658072));
#203 = CARTESIAN_POINT('',(0.998632005181,0.994733778163));
#204 = CARTESIAN_POINT('',(0.999317311159,0.997364624083));
#205 = CARTESIAN_POINT('',(0.99977268562,0.999121097183));
#206 = CARTESIAN_POINT('',(1.,1.));
#207 = ( GEOMETRIC_REPRESENTATION_CONTEXT(2) 
PARAMETRIC_REPRESENTATION_CONTEXT() REPRESENTATION_CONTEXT('2D SPACE',''
  ) );
#208 = PCURVE('',#209,#222);
#209 = ( BOUNDED_SURFACE() B_SPLINE_SURFACE(3,2,(
    (#210,#211,#212)
    ,(#213,#214,#215)
    ,(#216,#217,#218)
    ,(#219,#220,#221
)),.UNSPECIFIED.,.F.,.F.,.F.) B_SPLINE_SURFACE_WITH_KNOTS((4,4),(3,3),(
    -3.903127820948E-18,1.595594504925E-04),(0.,1.),
.PIECEWISE_BEZIER_KNOTS.) GEOMETRIC_REPRESENTATION_ITEM() 
RATIONAL_B_SPLINE_SURFACE((
    (1.,0.998669850759,1.)
    ,(1.,0.99955711872,1.)
    ,(1.,0.999999770687,1.)
,(1.,1.,1.))) REPRESENTATION_ITEM('') SURFACE() );
#210 = CARTESIAN_POINT('',(0.254823570006,-7.582886964839E-02,
    2.686470453412));
#211 = CARTESIAN_POINT('',(0.255494740035,-8.788221935068E-02,
    2.696174664558));
#212 = CARTESIAN_POINT('',(0.254573187374,-9.999999999999E-02,
    2.705777557614));
#213 = CARTESIAN_POINT('',(0.251602213172,-5.079422896494E-02,
    2.724720424228));
#214 = CARTESIAN_POINT('',(0.251827455918,-5.885043387433E-02,
    2.731157654064));
#215 = CARTESIAN_POINT('',(0.251513801966,-6.68548622878E-02,
    2.737657397094));
#216 = CARTESIAN_POINT('',(0.25,-2.548385999839E-02,2.763002957474));
#217 = CARTESIAN_POINT('',(0.250000000303,-2.949218982211E-02,
    2.766250719406));
#218 = CARTESIAN_POINT('',(0.25,-3.350096048463E-02,2.769498556091));
#219 = CARTESIAN_POINT('',(0.25,2.567972040455E-16,2.801304834898));
#220 = CARTESIAN_POINT('',(0.25,2.83707016546E-16,2.801304834898));
#221 = CARTESIAN_POINT('',(0.25,3.106168290464E-16,2.801304834898));
#222 = DEFINITIONAL_REPRESENTATION('',(#223),#249);
#223 = B_SPLINE_CURVE_WITH_KNOTS('',3,(#224,#225,#226,#227,#228,#229,
    #230,#231,#232,#233,#234,#235,#236,#237,#238,#239,#240,#241,#242,
    #243,#244,#245,#246,#247,#248),.UNSPECIFIED.,.F.,.F.,(4,1,1,1,1,1,1,
    1,1,1,1,1,1,1,1,1,1,1,1,1,1,1,4),(0.,6.259126401364E-06,
    1.251825280273E-05,1.877737920409E-05,2.503650560546E-05,
    3.129563200682E-05,3.755475840819E-05,4.381388480955E-05,
    5.007301121092E-05,5.633213761228E-05,6.259126401364E-05,
    6.885039041501E-05,7.510951681637E-05,8.136864321774E-05,
    8.76277696191E-05,9.388689602047E-05,1.001460224218E-04,
    1.064051488232E-04,1.126642752246E-04,1.189234016259E-04,
    1.251825280273E-04,1.314416544287E-04,1.3770078083E-04),
  .QUASI_UNIFORM_KNOTS.);
#224 = CARTESIAN_POINT('',(-3.903127820948E-18,0.));
#225 = CARTESIAN_POINT('',(2.42139951124E-06,2.444123344126E-09));
#226 = CARTESIAN_POINT('',(7.264013980434E-06,9.467464914263E-07));
#227 = CARTESIAN_POINT('',(1.452731495022E-05,5.181843245919E-06));
#228 = CARTESIAN_POINT('',(2.178992814074E-05,1.223572895306E-05));
#229 = CARTESIAN_POINT('',(2.905178640571E-05,2.210944217082E-05));
#230 = CARTESIAN_POINT('',(3.631282254576E-05,3.480462437766E-05));
#231 = CARTESIAN_POINT('',(4.357296930876E-05,5.032362602338E-05));
#232 = CARTESIAN_POINT('',(5.083215940267E-05,6.866952108347E-05));
#233 = CARTESIAN_POINT('',(5.809032550506E-05,8.984617293599E-05));
#234 = CARTESIAN_POINT('',(6.534740027325E-05,1.138583023738E-04));
#235 = CARTESIAN_POINT('',(7.260331635436E-05,1.407116755481E-04));
#236 = CARTESIAN_POINT('',(7.985800639494E-05,1.7041309243E-04));
#237 = CARTESIAN_POINT('',(8.711140305149E-05,2.02971513007E-04));
#238 = CARTESIAN_POINT('',(9.436343899742E-05,2.38395611867E-04));
#239 = CARTESIAN_POINT('',(1.016140469429E-04,2.76705865956E-04));
#240 = CARTESIAN_POINT('',(1.088631596058E-04,3.178946737915E-04));
#241 = CARTESIAN_POINT('',(1.161107098649E-04,3.620849987416E-04));
#242 = CARTESIAN_POINT('',(1.233566302329E-04,4.089581124802E-04));
#243 = CARTESIAN_POINT('',(1.306008548659E-04,4.59933350626E-04));
#244 = CARTESIAN_POINT('',(1.378433121087E-04,5.101448024291E-04));
#245 = CARTESIAN_POINT('',(1.450839523572E-04,5.787251702784E-04));
#246 = CARTESIAN_POINT('',(1.523226441182E-04,5.971751407089E-04));
#247 = CARTESIAN_POINT('',(1.571473439874E-04,5.968715448506E-04));
#248 = CARTESIAN_POINT('',(1.595594504925E-04,5.940242466726E-04));
#249 = ( GEOMETRIC_REPRESENTATION_CONTEXT(2) 
PARAMETRIC_REPRESENTATION_CONTEXT() REPRESENTATION_CONTEXT('2D SPACE',''
  ) );
#250 = ORIENTED_EDGE('',*,*,#251,.F.);
#251 = EDGE_CURVE('',#252,#168,#254,.T.);
#252 = VERTEX_POINT('',#253);
#253 = CARTESIAN_POINT('',(1.403017588056,-0.117732905212,1.72474082886)
  );
#254 = SURFACE_CURVE('',#255,(#274,#325),.PCURVE_S1.);
#255 = B_SPLINE_CURVE_WITH_KNOTS('',3,(#256,#257,#258,#259,#260,#261,
    #262,#263,#264,#265,#266,#267,#268,#269,#270,#271,#272,#273),
  .UNSPECIFIED.,.F.,.F.,(4,2,2,2,2,2,2,2,4),(0.,2.546204017146E-04,
    5.092408034291E-04,7.638612051437E-04,1.018481606858E-03,
    1.273102008573E-03,1.527722410287E-03,1.782342812002E-03,
    2.036963213716E-03),.UNSPECIFIED.);
#256 = CARTESIAN_POINT('',(1.403017588056,-0.117732905212,1.72474082886)
  );
#257 = CARTESIAN_POINT('',(1.375772363447,-0.197287830903,1.707206193021
    ));
#258 = CARTESIAN_POINT('',(1.34219827343,-0.277055143396,1.704959569514)
  );
#259 = CARTESIAN_POINT('',(1.25263084743,-0.420329289136,1.725056322135)
  );
#260 = CARTESIAN_POINT('',(1.196557694786,-0.483383270688,1.748123446214
    ));
#261 = CARTESIAN_POINT('',(1.069665403983,-0.578212057523,1.808621375731
    ));
#262 = CARTESIAN_POINT('',(0.999032148114,-0.611655762856,1.847354041428
    ));
#263 = CARTESIAN_POINT('',(0.857586922807,-0.646765749561,1.93451671611)
  );
#264 = CARTESIAN_POINT('',(0.785743161495,-0.647771146871,1.982753872909
    ));
#265 = CARTESIAN_POINT('',(0.650236364465,-0.619964246625,2.07986025306)
  );
#266 = CARTESIAN_POINT('',(0.586113117288,-0.591995875316,2.130791072798
    ));
#267 = CARTESIAN_POINT('',(0.475394810849,-0.51870880972,2.23387828176)
  );
#268 = CARTESIAN_POINT('',(0.426855230903,-0.471807494872,2.287620724353
    ));
#269 = CARTESIAN_POINT('',(0.34826801353,-0.364730921208,2.392873821262)
  );
#270 = CARTESIAN_POINT('',(0.31764255961,-0.30471561772,2.445771539661)
  );
#271 = CARTESIAN_POINT('',(0.273904223396,-0.184754811753,2.557733918124
    ));
#272 = CARTESIAN_POINT('',(0.260897057303,-0.123028722271,2.614354654052
    ));
#273 = CARTESIAN_POINT('',(0.254823570006,-7.582886964839E-02,
    2.686470453412));
#274 = PCURVE('',#55,#275);
#275 = DEFINITIONAL_REPRESENTATION('',(#276),#324);
#276 = B_SPLINE_CURVE_WITH_KNOTS('',3,(#277,#278,#279,#280,#281,#282,
    #283,#284,#285,#286,#287,#288,#289,#290,#291,#292,#293,#294,#295,
    #296,#297,#298,#299,#300,#301,#302,#303,#304,#305,#306,#307,#308,
    #309,#310,#311,#312,#313,#314,#315,#316,#317,#318,#319,#320,#321,
    #322,#323),.UNSPECIFIED.,.F.,.F.,(4,1,1,1,1,1,1,1,1,1,1,1,1,1,1,1,1,
    1,1,1,1,1,1,1,1,1,1,1,1,1,1,1,1,1,1,1,1,1,1,1,1,1,1,1,4),(0.,
    4.629461849356E-05,9.258923698711E-05,1.388838554807E-04,
    1.851784739742E-04,2.314730924678E-04,2.777677109613E-04,
    3.240623294549E-04,3.703569479485E-04,4.16651566442E-04,
    4.629461849356E-04,5.092408034291E-04,5.555354219227E-04,
    6.018300404162E-04,6.481246589098E-04,6.944192774033E-04,
    7.407138958969E-04,7.870085143905E-04,8.33303132884E-04,
    8.795977513776E-04,9.258923698711E-04,9.721869883647E-04,
    1.018481606858E-03,1.064776225352E-03,1.111070843845E-03,
    1.157365462339E-03,1.203660080832E-03,1.249954699326E-03,
    1.29624931782E-03,1.342543936313E-03,1.388838554807E-03,
    1.4351331733E-03,1.481427791794E-03,1.527722410287E-03,
    1.574017028781E-03,1.620311647274E-03,1.666606265768E-03,
    1.712900884262E-03,1.759195502755E-03,1.805490121249E-03,
    1.851784739742E-03,1.898079358236E-03,1.944373976729E-03,
    1.990668595223E-03,2.036963213716E-03),.QUASI_UNIFORM_KNOTS.);
#277 = CARTESIAN_POINT('',(0.52805881934,0.75367177703));
#278 = CARTESIAN_POINT('',(0.53167326373,0.748164494335));
#279 = CARTESIAN_POINT('',(0.539027142002,0.738065522176));
#280 = CARTESIAN_POINT('',(0.550370329761,0.725383983956));
#281 = CARTESIAN_POINT('',(0.56195932901,0.714883137776));
#282 = CARTESIAN_POINT('',(0.573741443493,0.706299044734));
#283 = CARTESIAN_POINT('',(0.585676280879,0.699386779814));
#284 = CARTESIAN_POINT('',(0.597749298049,0.693887404226));
#285 = CARTESIAN_POINT('',(0.609920280235,0.689722295748));
#286 = CARTESIAN_POINT('',(0.622148266463,0.686716953416));
#287 = CARTESIAN_POINT('',(0.634386577309,0.684717656143));
#288 = CARTESIAN_POINT('',(0.646591754145,0.683579367109));
#289 = CARTESIAN_POINT('',(0.658733191529,0.683090439866));
#290 = CARTESIAN_POINT('',(0.670827805974,0.683234550608));
#291 = CARTESIAN_POINT('',(0.682876700775,0.684135531451));
#292 = CARTESIAN_POINT('',(0.694850559178,0.685715919311));
#293 = CARTESIAN_POINT('',(0.706725824822,0.687952827983));
#294 = CARTESIAN_POINT('',(0.71847975314,0.690801818214));
#295 = CARTESIAN_POINT('',(0.730079412277,0.694237132266));
#296 = CARTESIAN_POINT('',(0.741582903442,0.698061674738));
#297 = CARTESIAN_POINT('',(0.752980455545,0.702266463891));
#298 = CARTESIAN_POINT('',(0.764256783919,0.706811744996));
#299 = CARTESIAN_POINT('',(0.775405541163,0.71163237662));
#300 = CARTESIAN_POINT('',(0.786420855158,0.716614448942));
#301 = CARTESIAN_POINT('',(0.797317713229,0.721852821118));
#302 = CARTESIAN_POINT('',(0.808090821567,0.727531170942));
#303 = CARTESIAN_POINT('',(0.818714180899,0.733623043076));
#304 = CARTESIAN_POINT('',(0.829161883234,0.74015269299));
#305 = CARTESIAN_POINT('',(0.8394110615,0.747125337414));
#306 = CARTESIAN_POINT('',(0.849415956699,0.754538462054));
#307 = CARTESIAN_POINT('',(0.859319858627,0.762440744714));
#308 = CARTESIAN_POINT('',(0.869098309534,0.770793261921));
#309 = CARTESIAN_POINT('',(0.878740677762,0.779570777673));
#310 = CARTESIAN_POINT('',(0.888232082914,0.788734915938));
#311 = CARTESIAN_POINT('',(0.897561374628,0.798188886096));
#312 = CARTESIAN_POINT('',(0.906732779199,0.807961583607));
#313 = CARTESIAN_POINT('',(0.915739663263,0.818212355208));
#314 = CARTESIAN_POINT('',(0.924559622405,0.828979223481));
#315 = CARTESIAN_POINT('',(0.933170752265,0.840328712325));
#316 = CARTESIAN_POINT('',(0.941548562262,0.852313145818));
#317 = CARTESIAN_POINT('',(0.949665120069,0.864990219262));
#318 = CARTESIAN_POINT('',(0.957539891297,0.878209055785));
#319 = CARTESIAN_POINT('',(0.96506574351,0.892325162155));
#320 = CARTESIAN_POINT('',(0.972147431043,0.907593799328));
#321 = CARTESIAN_POINT('',(0.978682494308,0.924270698732));
#322 = CARTESIAN_POINT('',(0.982607973463,0.936477535948));
#323 = CARTESIAN_POINT('',(0.984446095607,0.942892155241));
#324 = ( GEOMETRIC_REPRESENTATION_CONTEXT(2) 
PARAMETRIC_REPRESENTATION_CONTEXT() REPRESENTATION_CONTEXT('2D SPACE',''
  ) );
#325 = PCURVE('',#326,#387);
#326 = ( BOUNDED_SURFACE() B_SPLINE_SURFACE(3,2,(
    (#327,#328,#329)
    ,(#330,#331,#332)
    ,(#333,#334,#335)
    ,(#336,#337,#338)
    ,(#339,#340,#341)
    ,(#342,#343,#344)
    ,(#345,#346,#347)
    ,(#348,#349,#350)
    ,(#351,#352,#353)
    ,(#354,#355,#356)
    ,(#357,#358,#359)
    ,(#360,#361,#362)
    ,(#363,#364,#365)
    ,(#366,#367,#368)
    ,(#369,#370,#371)
    ,(#372,#373,#374)
    ,(#375,#376,#377)
    ,(#378,#379,#380)
    ,(#381,#382,#383)
    ,(#384,#385,#386
)),.UNSPECIFIED.,.F.,.F.,.F.) B_SPLINE_SURFACE_WITH_KNOTS((4,2,2,2,2,2,2
    ,2,2,4),(3,3),(-4.131569218691E-15,1.751820742259E-04,
    3.50364148456E-04,7.007282969161E-04,1.051092445376E-03,
    1.401456593836E-03,1.751820742296E-03,2.102184890757E-03,
    2.452549039217E-03,2.802913187677E-03),(0.,1.),.UNSPECIFIED.) 
GEOMETRIC_REPRESENTATION_ITEM() RATIONAL_B_SPLINE_SURFACE((
    (1.,0.998669850759,1.)
    ,(1.,0.998123194733,1.)
    ,(1.,0.997417946519,1.)
    ,(1.,0.995775418659,1.)
    ,(1.,0.994837262872,1.)
    ,(1.,0.991666923432,1.)
    ,(1.,0.989162948619,1.)
    ,(1.,0.982703838846,1.)
    ,(1.,0.97879481749,1.)
    ,(1.,0.970320527022,1.)
    ,(1.,0.96557160193,1.)
    ,(1.,0.954722784615,1.)
    ,(1.,0.948071607209,1.)
    ,(1.,0.935998232653,1.)
    ,(1.,0.930322168202,1.)
    ,(1.,0.922424888455,1.)
    ,(1.,0.919784401147,1.)
    ,(1.,0.922899057581,1.)
    ,(1.,0.928426913866,1.)
,(1.,0.939424215956,1.))) REPRESENTATION_ITEM('') SURFACE() );
#327 = CARTESIAN_POINT('',(0.254573187372,-9.999999997187E-02,
    2.705777557591));
#328 = CARTESIAN_POINT('',(0.255494740033,-8.788221932355E-02,
    2.696174664533));
#329 = CARTESIAN_POINT('',(0.254823570005,-7.582886962222E-02,
    2.686470453386));
#330 = CARTESIAN_POINT('',(0.258005886473,-0.130448422909,2.6700076621)
  );
#331 = CARTESIAN_POINT('',(0.259338629159,-0.117096899248,2.656898022005
    ));
#332 = CARTESIAN_POINT('',(0.258429582459,-0.103853030791,2.643653610955
    ));
#333 = CARTESIAN_POINT('',(0.263730692129,-0.165936587365,2.64047549183)
  );
#334 = CARTESIAN_POINT('',(0.265573385021,-0.15124040159,2.624459311842)
  );
#335 = CARTESIAN_POINT('',(0.264323500107,-0.136760624636,2.608179860698
    ));
#336 = CARTESIAN_POINT('',(0.280317232435,-0.237396859679,2.58399897505)
  );
#337 = CARTESIAN_POINT('',(0.283182972986,-0.219728543687,2.562684167365
    ));
#338 = CARTESIAN_POINT('',(0.281067749499,-0.202798721869,2.540690804545
    ));
#339 = CARTESIAN_POINT('',(0.291166235058,-0.273919150231,2.557567349594
    ));
#340 = CARTESIAN_POINT('',(0.29456993325,-0.254660648213,2.533856800199)
  );
#341 = CARTESIAN_POINT('',(0.291921857743,-0.236504969175,2.509194860936
    ));
#342 = CARTESIAN_POINT('',(0.332026052971,-0.382640807938,2.480215945508
    ));
#343 = CARTESIAN_POINT('',(0.336935732702,-0.358125334673,2.449777256428
    ));
#344 = CARTESIAN_POINT('',(0.332316853191,-0.336141991957,2.417419055838
    ));
#345 = CARTESIAN_POINT('',(0.369691242083,-0.452448926531,2.43246102047)
  );
#346 = CARTESIAN_POINT('',(0.375525327229,-0.42369053015,2.398365200567)
  );
#347 = CARTESIAN_POINT('',(0.36913542092,-0.399112069936,2.361321615243)
  );
#348 = CARTESIAN_POINT('',(0.466579836155,-0.576224564272,2.336628085646
    ));
#349 = CARTESIAN_POINT('',(0.47187611136,-0.536003811207,2.296772080771)
  );
#350 = CARTESIAN_POINT('',(0.459941323628,-0.50565938059,2.250212992125)
  );
#351 = CARTESIAN_POINT('',(0.525098147228,-0.628660434265,2.289162928473
    ));
#352 = CARTESIAN_POINT('',(0.529262835654,-0.581686308203,2.247098823246
    ));
#353 = CARTESIAN_POINT('',(0.513547779138,-0.548653475188,2.19574535554)
  );
#354 = CARTESIAN_POINT('',(0.657783926094,-0.710160119433,2.198274831153
    ));
#355 = CARTESIAN_POINT('',(0.656944707476,-0.650066623067,2.153287168905
    ));
#356 = CARTESIAN_POINT('',(0.633834145509,-0.61347607723,2.092038192825)
  );
#357 = CARTESIAN_POINT('',(0.733832607177,-0.739895303724,2.153883353184
    ));
#358 = CARTESIAN_POINT('',(0.729044593853,-0.672690443293,2.108208353327
    ));
#359 = CARTESIAN_POINT('',(0.701661252349,-0.634984751688,2.041883152015
    ));
#360 = CARTESIAN_POINT('',(0.891066494069,-0.76634343619,2.072287621066)
  );
#361 = CARTESIAN_POINT('',(0.872300220097,-0.686204884554,2.027065996875
    ));
#362 = CARTESIAN_POINT('',(0.835101479167,-0.648017862312,1.950008883236
    ));
#363 = CARTESIAN_POINT('',(0.975111765291,-0.762697618722,2.0330636747)
  );
#364 = CARTESIAN_POINT('',(0.945811369455,-0.676307919236,1.988959863538
    ));
#365 = CARTESIAN_POINT('',(0.902611323744,-0.6394738418,1.905648345039)
  );
#366 = CARTESIAN_POINT('',(1.136011615981,-0.720391476436,1.965425440763
    ));
#367 = CARTESIAN_POINT('',(1.084539088297,-0.62852765475,1.923482730705)
  );
#368 = CARTESIAN_POINT('',(1.033959318226,-0.595719882634,1.827925070164
    ));
#369 = CARTESIAN_POINT('',(1.215343467552,-0.681614128832,1.93623476233)
  );
#370 = CARTESIAN_POINT('',(1.15115454038,-0.58999613456,1.895669497164)
  );
#371 = CARTESIAN_POINT('',(1.098705443769,-0.559895290564,1.793959856774
    ));
#372 = CARTESIAN_POINT('',(1.354404820446,-0.573846373368,1.890987090178
    ));
#373 = CARTESIAN_POINT('',(1.266495343903,-0.491883049275,1.852443219335
    ));
#374 = CARTESIAN_POINT('',(1.211722541037,-0.467054277279,1.742102353804
    ));
#375 = CARTESIAN_POINT('',(1.414848991247,-0.503426491158,1.874164303619
    ));
#376 = CARTESIAN_POINT('',(1.315041666344,-0.431707818475,1.836319323993
    ));
#377 = CARTESIAN_POINT('',(1.260244737016,-0.40949977682,1.722779035347)
  );
#378 = CARTESIAN_POINT('',(1.507555061974,-0.342006349766,1.853412108938
    ));
#379 = CARTESIAN_POINT('',(1.397561849404,-0.293411271881,1.816434470741
    ));
#380 = CARTESIAN_POINT('',(1.342875433843,-0.274480291301,1.705436113598
    ));
#381 = CARTESIAN_POINT('',(1.540717643511,-0.250687995277,1.849477376735
    ));
#382 = CARTESIAN_POINT('',(1.430804514296,-0.216234278584,1.812823475961
    ));
#383 = CARTESIAN_POINT('',(1.37580299217,-0.197198630435,1.707225980503)
  );
#384 = CARTESIAN_POINT('',(1.560045055579,-0.156425635976,1.851779477781
    ));
#385 = CARTESIAN_POINT('',(1.458710328829,-0.132894252229,1.817742933213
    ));
#386 = CARTESIAN_POINT('',(1.403017588056,-0.117732905211,1.724740828858
    ));
#387 = DEFINITIONAL_REPRESENTATION('',(#388),#436);
#388 = B_SPLINE_CURVE_WITH_KNOTS('',3,(#389,#390,#391,#392,#393,#394,
    #395,#396,#397,#398,#399,#400,#401,#402,#403,#404,#405,#406,#407,
    #408,#409,#410,#411,#412,#413,#414,#415,#416,#417,#418,#419,#420,
    #421,#422,#423,#424,#425,#426,#427,#428,#429,#430,#431,#432,#433,
    #434,#435),.UNSPECIFIED.,.F.,.F.,(4,1,1,1,1,1,1,1,1,1,1,1,1,1,1,1,1,
    1,1,1,1,1,1,1,1,1,1,1,1,1,1,1,1,1,1,1,1,1,1,1,1,1,1,1,4),(0.,
    4.629461849356E-05,9.258923698711E-05,1.388838554807E-04,
    1.851784739742E-04,2.314730924678E-04,2.777677109613E-04,
    3.240623294549E-04,3.703569479485E-04,4.16651566442E-04,
    4.629461849356E-04,5.092408034291E-04,5.555354219227E-04,
    6.018300404162E-04,6.481246589098E-04,6.944192774033E-04,
    7.407138958969E-04,7.870085143905E-04,8.33303132884E-04,
    8.795977513776E-04,9.258923698711E-04,9.721869883647E-04,
    1.018481606858E-03,1.064776225352E-03,1.111070843845E-03,
    1.157365462339E-03,1.203660080832E-03,1.249954699326E-03,
    1.29624931782E-03,1.342543936313E-03,1.388838554807E-03,
    1.4351331733E-03,1.481427791794E-03,1.527722410287E-03,
    1.574017028781E-03,1.620311647274E-03,1.666606265768E-03,
    1.712900884262E-03,1.759195502755E-03,1.805490121249E-03,
    1.851784739742E-03,1.898079358236E-03,1.944373976729E-03,
    1.990668595223E-03,2.036963213716E-03),.QUASI_UNIFORM_KNOTS.);
#389 = CARTESIAN_POINT('',(2.802913187677E-03,1.));
#390 = CARTESIAN_POINT('',(2.781652493267E-03,0.999991986756));
#391 = CARTESIAN_POINT('',(2.738912521881E-03,0.999960306019));
#392 = CARTESIAN_POINT('',(2.674106888901E-03,0.999912496251));
#393 = CARTESIAN_POINT('',(2.608579451584E-03,0.999932196758));
#394 = CARTESIAN_POINT('',(2.542255782327E-03,1.000013269481));
#395 = CARTESIAN_POINT('',(2.475059119892E-03,1.000014042687));
#396 = CARTESIAN_POINT('',(2.40680826089E-03,0.999992409093));
#397 = CARTESIAN_POINT('',(2.337432005036E-03,1.000028353176));
#398 = CARTESIAN_POINT('',(2.26736128153E-03,1.000018768819));
#399 = CARTESIAN_POINT('',(2.197002328014E-03,1.000021166184));
#400 = CARTESIAN_POINT('',(2.126760557075E-03,1.000022208208));
#401 = CARTESIAN_POINT('',(2.057167639913E-03,1.000017659138));
#402 = CARTESIAN_POINT('',(1.98838795002E-03,1.00003774573));
#403 = CARTESIAN_POINT('',(1.91989655237E-03,0.999965768188));
#404 = CARTESIAN_POINT('',(1.851616560724E-03,0.999885236031));
#405 = CARTESIAN_POINT('',(1.78339647205E-03,0.999853396195));
#406 = CARTESIAN_POINT('',(1.715049219506E-03,1.000046571763));
#407 = CARTESIAN_POINT('',(1.647139316603E-03,1.000022166079));
#408 = CARTESIAN_POINT('',(1.579473081236E-03,1.000030302006));
#409 = CARTESIAN_POINT('',(1.512087442149E-03,1.000029475301));
#410 = CARTESIAN_POINT('',(1.445100567897E-03,1.000032792849));
#411 = CARTESIAN_POINT('',(1.37843991431E-03,1.000029227903));
#412 = CARTESIAN_POINT('',(1.313257780227E-03,1.00004964045));
#413 = CARTESIAN_POINT('',(1.249063233869E-03,0.999981573195));
#414 = CARTESIAN_POINT('',(1.18539500772E-03,0.999751564136));
#415 = CARTESIAN_POINT('',(1.122148316131E-03,0.999651464417));
#416 = CARTESIAN_POINT('',(1.059149910856E-03,0.999681218559));
#417 = CARTESIAN_POINT('',(9.963764405993E-04,1.000142176927));
#418 = CARTESIAN_POINT('',(9.344183209685E-04,1.000022563682));
#419 = CARTESIAN_POINT('',(8.724399295016E-04,1.000056831797));
#420 = CARTESIAN_POINT('',(8.107062887269E-04,1.000058227027));
#421 = CARTESIAN_POINT('',(7.493480304597E-04,1.000039511872));
#422 = CARTESIAN_POINT('',(6.885759707007E-04,1.000136551487));
#423 = CARTESIAN_POINT('',(6.284097492125E-04,0.999793247839));
#424 = CARTESIAN_POINT('',(5.687860981921E-04,0.99959385847));
#425 = CARTESIAN_POINT('',(5.095806712854E-04,0.999586976505));
#426 = CARTESIAN_POINT('',(4.508812622143E-04,0.999785093603));
#427 = CARTESIAN_POINT('',(3.92695110133E-04,1.000190191441));
#428 = CARTESIAN_POINT('',(3.351727601451E-04,0.999929205523));
#429 = CARTESIAN_POINT('',(2.77907391954E-04,1.000154835791));
#430 = CARTESIAN_POINT('',(2.210807154666E-04,1.000108058621));
#431 = CARTESIAN_POINT('',(1.647637735876E-04,1.000142025587));
#432 = CARTESIAN_POINT('',(1.090356495437E-04,1.000143505309));
#433 = CARTESIAN_POINT('',(5.40051623883E-05,1.000220468859));
#434 = CARTESIAN_POINT('',(1.78901979437E-05,1.000119547223));
#435 = CARTESIAN_POINT('',(-4.131569218691E-15,1.));
#436 = ( GEOMETRIC_REPRESENTATION_CONTEXT(2) 
PARAMETRIC_REPRESENTATION_CONTEXT() REPRESENTATION_CONTEXT('2D SPACE',''
  ) );
#437 = ORIENTED_EDGE('',*,*,#438,.F.);
#438 = EDGE_CURVE('',#439,#252,#441,.T.);
#439 = VERTEX_POINT('',#440);
#440 = CARTESIAN_POINT('',(1.418758843021,-7.001649453755E-02,
    1.736973581302));
#441 = SURFACE_CURVE('',#442,(#447,#476),.PCURVE_S1.);
#442 = B_SPLINE_CURVE_WITH_KNOTS('',3,(#443,#444,#445,#446),
  .UNSPECIFIED.,.F.,.F.,(4,4),(0.,5.171347201509E-05),
  .PIECEWISE_BEZIER_KNOTS.);
#443 = CARTESIAN_POINT('',(1.418758843021,-7.001649453755E-02,
    1.736973581302));
#444 = CARTESIAN_POINT('',(1.413662170942,-8.580044645135E-02,
    1.73227960941));
#445 = CARTESIAN_POINT('',(1.408484994752,-0.101768304456,1.728259573402
    ));
#446 = CARTESIAN_POINT('',(1.403017588056,-0.117732905212,1.72474082886)
  );
#447 = PCURVE('',#55,#448);
#448 = DEFINITIONAL_REPRESENTATION('',(#449),#475);
#449 = B_SPLINE_CURVE_WITH_KNOTS('',3,(#450,#451,#452,#453,#454,#455,
    #456,#457,#458,#459,#460,#461,#462,#463,#464,#465,#466,#467,#468,
    #469,#470,#471,#472,#473,#474),.UNSPECIFIED.,.F.,.F.,(4,1,1,1,1,1,1,
    1,1,1,1,1,1,1,1,1,1,1,1,1,1,1,4),(0.,2.350612364322E-06,
    4.701224728645E-06,7.051837092967E-06,9.402449457289E-06,
    1.175306182161E-05,1.410367418593E-05,1.645428655026E-05,
    1.880489891458E-05,2.11555112789E-05,2.350612364322E-05,
    2.585673600754E-05,2.820734837187E-05,3.055796073619E-05,
    3.290857310051E-05,3.525918546483E-05,3.760979782916E-05,
    3.996041019348E-05,4.23110225578E-05,4.466163492212E-05,
    4.701224728645E-05,4.936285965077E-05,5.171347201509E-05),
  .QUASI_UNIFORM_KNOTS.);
#450 = CARTESIAN_POINT('',(0.516357650788,0.773521568313));
#451 = CARTESIAN_POINT('',(0.516530332644,0.773191706663));
#452 = CARTESIAN_POINT('',(0.516876172925,0.772535068215));
#453 = CARTESIAN_POINT('',(0.517396338523,0.771559182376));
#454 = CARTESIAN_POINT('',(0.517917884691,0.770592185338));
#455 = CARTESIAN_POINT('',(0.518440787098,0.769633895146));
#456 = CARTESIAN_POINT('',(0.518965021606,0.768684130564));
#457 = CARTESIAN_POINT('',(0.519490564308,0.767742711179));
#458 = CARTESIAN_POINT('',(0.520017391529,0.766809457376));
#459 = CARTESIAN_POINT('',(0.520545479834,0.765884190354));
#460 = CARTESIAN_POINT('',(0.521074806044,0.764966732126));
#461 = CARTESIAN_POINT('',(0.52160534724,0.764056905517));
#462 = CARTESIAN_POINT('',(0.522137080771,0.763154534173));
#463 = CARTESIAN_POINT('',(0.522669984267,0.762259442558));
#464 = CARTESIAN_POINT('',(0.523204035645,0.761371455951));
#465 = CARTESIAN_POINT('',(0.523739213117,0.760490400452));
#466 = CARTESIAN_POINT('',(0.524275495201,0.759616102974));
#467 = CARTESIAN_POINT('',(0.524812860726,0.758748391249));
#468 = CARTESIAN_POINT('',(0.525351288841,0.757887093818));
#469 = CARTESIAN_POINT('',(0.525890759025,0.757032040035));
#470 = CARTESIAN_POINT('',(0.526431251088,0.756183060056));
#471 = CARTESIAN_POINT('',(0.526972745196,0.755339984863));
#472 = CARTESIAN_POINT('',(0.527515221826,0.754502646157));
#473 = CARTESIAN_POINT('',(0.527877515243,0.753948133209));
#474 = CARTESIAN_POINT('',(0.52805881934,0.75367177703));
#475 = ( GEOMETRIC_REPRESENTATION_CONTEXT(2) 
PARAMETRIC_REPRESENTATION_CONTEXT() REPRESENTATION_CONTEXT('2D SPACE',''
  ) );
#476 = PCURVE('',#477,#490);
#477 = ( BOUNDED_SURFACE() B_SPLINE_SURFACE(3,2,(
    (#478,#479,#480)
    ,(#481,#482,#483)
    ,(#484,#485,#486)
    ,(#487,#488,#489
)),.UNSPECIFIED.,.F.,.F.,.F.) B_SPLINE_SURFACE_WITH_KNOTS((4,4),(3,3),(
    -3.459756895037E-16,6.977190829371E-05),(0.,1.),
.PIECEWISE_BEZIER_KNOTS.) GEOMETRIC_REPRESENTATION_ITEM() 
RATIONAL_B_SPLINE_SURFACE((
    (1.,0.939424215956,1.)
    ,(1.,0.940637992927,1.)
    ,(1.,0.942193657867,1.)
,(1.,0.944221121713,1.))) REPRESENTATION_ITEM('') SURFACE() );
#478 = CARTESIAN_POINT('',(1.56004505558,-0.156425635976,1.851779477783)
  );
#479 = CARTESIAN_POINT('',(1.458710328831,-0.132894252229,1.817742933215
    ));
#480 = CARTESIAN_POINT('',(1.403017588057,-0.117732905211,1.72474082886)
  );
#481 = CARTESIAN_POINT('',(1.56556127646,-0.137725567838,1.852784554692)
  );
#482 = CARTESIAN_POINT('',(1.46472147839,-0.116489124584,1.819543492064)
  );
#483 = CARTESIAN_POINT('',(1.408425086215,-0.101943180054,1.728220999493
    ));
#484 = CARTESIAN_POINT('',(1.570277152791,-0.118914816892,1.853903239892
    ));
#485 = CARTESIAN_POINT('',(1.470381123553,-9.994631714566E-02,
    1.821475396219));
#486 = CARTESIAN_POINT('',(1.413586500956,-8.603492180745E-02,
    1.732209941917));
#487 = CARTESIAN_POINT('',(1.574229477385,-1.E-01,1.855170880945));
#488 = CARTESIAN_POINT('',(1.475893855587,-8.31846857396E-02,
    1.82363139875));
#489 = CARTESIAN_POINT('',(1.418758843021,-7.001649453755E-02,
    1.736973581302));
#490 = DEFINITIONAL_REPRESENTATION('',(#491),#517);
#491 = B_SPLINE_CURVE_WITH_KNOTS('',3,(#492,#493,#494,#495,#496,#497,
    #498,#499,#500,#501,#502,#503,#504,#505,#506,#507,#508,#509,#510,
    #511,#512,#513,#514,#515,#516),.UNSPECIFIED.,.F.,.F.,(4,1,1,1,1,1,1,
    1,1,1,1,1,1,1,1,1,1,1,1,1,1,1,4),(0.,2.350612364322E-06,
    4.701224728645E-06,7.051837092967E-06,9.402449457289E-06,
    1.175306182161E-05,1.410367418593E-05,1.645428655026E-05,
    1.880489891458E-05,2.11555112789E-05,2.350612364322E-05,
    2.585673600754E-05,2.820734837187E-05,3.055796073619E-05,
    3.290857310051E-05,3.525918546483E-05,3.760979782916E-05,
    3.996041019348E-05,4.23110225578E-05,4.466163492212E-05,
    4.701224728645E-05,4.936285965077E-05,5.171347201509E-05),
  .QUASI_UNIFORM_KNOTS.);
#492 = CARTESIAN_POINT('',(6.977190829371E-05,1.));
#493 = CARTESIAN_POINT('',(6.87302320398E-05,1.000000015133));
#494 = CARTESIAN_POINT('',(6.664513893142E-05,0.999999880274));
#495 = CARTESIAN_POINT('',(6.351241131891E-05,0.999999305179));
#496 = CARTESIAN_POINT('',(6.03747293279E-05,0.99999848599));
#497 = CARTESIAN_POINT('',(5.723222751098E-05,0.999997529913));
#498 = CARTESIAN_POINT('',(5.408504105525E-05,0.999996530691));
#499 = CARTESIAN_POINT('',(5.093330586583E-05,0.999995567079));
#500 = CARTESIAN_POINT('',(4.777715853326E-05,0.999994703867));
#501 = CARTESIAN_POINT('',(4.461673633105E-05,0.999993992205));
#502 = CARTESIAN_POINT('',(4.145217720412E-05,0.999993470111));
#503 = CARTESIAN_POINT('',(3.828361975863E-05,0.999993162918));
#504 = CARTESIAN_POINT('',(3.511120325012E-05,0.999993083723));
#505 = CARTESIAN_POINT('',(3.1935067571E-05,0.999993233839));
#506 = CARTESIAN_POINT('',(2.875535323676E-05,0.999993603224));
#507 = CARTESIAN_POINT('',(2.557220137121E-05,0.999994170921));
#508 = CARTESIAN_POINT('',(2.238575369053E-05,0.999994905481));
#509 = CARTESIAN_POINT('',(1.919615248621E-05,0.999995765388));
#510 = CARTESIAN_POINT('',(1.600354060642E-05,0.999996699482));
#511 = CARTESIAN_POINT('',(1.280806143749E-05,0.999997647354));
#512 = CARTESIAN_POINT('',(9.609858879085E-06,0.999998539831));
#513 = CARTESIAN_POINT('',(6.409077336781E-06,0.999999299132));
#514 = CARTESIAN_POINT('',(3.205861643438E-06,0.999999840202));
#515 = CARTESIAN_POINT('',(1.068858707883E-06,0.999999991848));
#516 = CARTESIAN_POINT('',(-3.459756895037E-16,1.));
#517 = ( GEOMETRIC_REPRESENTATION_CONTEXT(2) 
PARAMETRIC_REPRESENTATION_CONTEXT() REPRESENTATION_CONTEXT('2D SPACE',''
  ) );
#518 = ORIENTED_EDGE('',*,*,#519,.F.);
#519 = EDGE_CURVE('',#520,#439,#522,.T.);
#520 = VERTEX_POINT('',#521);
#521 = CARTESIAN_POINT('',(1.431320435335,-6.658553489283E-14,
    1.748765809586));
#522 = SURFACE_CURVE('',#523,(#528,#557),.PCURVE_S1.);
#523 = B_SPLINE_CURVE_WITH_KNOTS('',3,(#524,#525,#526,#527),
  .UNSPECIFIED.,.F.,.F.,(4,4),(7.231660234249E-05,1.445300754135E-04),
  .PIECEWISE_BEZIER_KNOTS.);
#524 = CARTESIAN_POINT('',(1.431320435335,-6.658553489283E-14,
    1.748765809586));
#525 = CARTESIAN_POINT('',(1.431320435335,-2.408243483361E-02,
    1.748765809586));
#526 = CARTESIAN_POINT('',(1.425953621394,-4.773488919074E-02,
    1.743599883117));
#527 = CARTESIAN_POINT('',(1.418758843021,-7.001649453755E-02,
    1.736973581302));
#528 = PCURVE('',#55,#529);
#529 = DEFINITIONAL_REPRESENTATION('',(#530),#556);
#530 = B_SPLINE_CURVE_WITH_KNOTS('',3,(#531,#532,#533,#534,#535,#536,
    #537,#538,#539,#540,#541,#542,#543,#544,#545,#546,#547,#548,#549,
    #550,#551,#552,#553,#554,#555),.UNSPECIFIED.,.F.,.F.,(4,1,1,1,1,1,1,
    1,1,1,1,1,1,1,1,1,1,1,1,1,1,1,4),(7.231660234249E-05,
    7.559903293663E-05,7.888146353077E-05,8.216389412491E-05,
    8.544632471904E-05,8.872875531318E-05,9.201118590732E-05,
    9.529361650146E-05,9.857604709559E-05,1.018584776897E-04,
    1.051409082839E-04,1.08423338878E-04,1.117057694721E-04,
    1.149882000663E-04,1.182706306604E-04,1.215530612546E-04,
    1.248354918487E-04,1.281179224428E-04,1.31400353037E-04,
    1.346827836311E-04,1.379652142252E-04,1.412476448194E-04,
    1.445300754135E-04),.QUASI_UNIFORM_KNOTS.);
#531 = CARTESIAN_POINT('',(0.5,0.791894862076));
#532 = CARTESIAN_POINT('',(0.500251419815,0.791894865023));
#533 = CARTESIAN_POINT('',(0.500753864738,0.791861374329));
#534 = CARTESIAN_POINT('',(0.501506412139,0.791713926216));
#535 = CARTESIAN_POINT('',(0.502257907359,0.791472530881));
#536 = CARTESIAN_POINT('',(0.503008405386,0.791140498101));
#537 = CARTESIAN_POINT('',(0.503757953077,0.790721161639));
#538 = CARTESIAN_POINT('',(0.504506588128,0.790217879657));
#539 = CARTESIAN_POINT('',(0.505254339526,0.789634029644));
#540 = CARTESIAN_POINT('',(0.506001227567,0.788973005042));
#541 = CARTESIAN_POINT('',(0.506747263953,0.788238211631));
#542 = CARTESIAN_POINT('',(0.507492451831,0.787433064181));
#543 = CARTESIAN_POINT('',(0.508236785811,0.786560983221));
#544 = CARTESIAN_POINT('',(0.508980251967,0.785625391966));
#545 = CARTESIAN_POINT('',(0.50972282781,0.78462971338));
#546 = CARTESIAN_POINT('',(0.510464482245,0.783577367372));
#547 = CARTESIAN_POINT('',(0.511205175512,0.782471768136));
#548 = CARTESIAN_POINT('',(0.511944859114,0.781316321618));
#549 = CARTESIAN_POINT('',(0.512683475733,0.78011442314));
#550 = CARTESIAN_POINT('',(0.513420959117,0.778869455101));
#551 = CARTESIAN_POINT('',(0.514157234063,0.777584785061));
#552 = CARTESIAN_POINT('',(0.514892215987,0.776263763055));
#553 = CARTESIAN_POINT('',(0.515625812015,0.774909722511));
#554 = CARTESIAN_POINT('',(0.516113881608,0.773987219766));
#555 = CARTESIAN_POINT('',(0.516357650788,0.773521568313));
#556 = ( GEOMETRIC_REPRESENTATION_CONTEXT(2) 
PARAMETRIC_REPRESENTATION_CONTEXT() REPRESENTATION_CONTEXT('2D SPACE',''
  ) );
#557 = PCURVE('',#558,#577);
#558 = ( BOUNDED_SURFACE() B_SPLINE_SURFACE(3,2,(
    (#559,#560,#561)
    ,(#562,#563,#564)
    ,(#565,#566,#567)
    ,(#568,#569,#570)
    ,(#571,#572,#573)
    ,(#574,#575,#576
)),.UNSPECIFIED.,.F.,.F.,.F.) B_SPLINE_SURFACE_WITH_KNOTS((4,2,4),(3,3),
  (-4.404571325722E-19,1.E-04,2.E-04),(0.,1.),.UNSPECIFIED.) 
GEOMETRIC_REPRESENTATION_ITEM() RATIONAL_B_SPLINE_SURFACE((
    (1.,0.944221121713,1.)
    ,(1.,0.94772040869,1.)
    ,(1.,0.950263900233,1.)
    ,(1.,0.950263900233,1.)
    ,(1.,0.94772040869,1.)
,(1.,0.944221121712,1.))) REPRESENTATION_ITEM('') SURFACE() );
#559 = CARTESIAN_POINT('',(1.418758843021,7.001649453755E-02,
    1.736973581302));
#560 = CARTESIAN_POINT('',(1.475893855587,8.31846857396E-02,
    1.82363139875));
#561 = CARTESIAN_POINT('',(1.574229477385,1.E-01,1.855170880945));
#562 = CARTESIAN_POINT('',(1.426272455545,4.674785611277E-02,
    1.74389359143));
#563 = CARTESIAN_POINT('',(1.484056525551,5.573045992768E-02,
    1.826464154379));
#564 = CARTESIAN_POINT('',(1.579965631673,6.666584465305E-02,
    1.857010655106));
#565 = CARTESIAN_POINT('',(1.431320435335,2.334063793097E-02,
    1.748765809586));
#566 = CARTESIAN_POINT('',(1.489249542172,2.780028011932E-02,
    1.828212831586));
#567 = CARTESIAN_POINT('',(1.582966180018,3.333333333333E-02,
    1.857958461761));
#568 = CARTESIAN_POINT('',(1.431320435335,-2.334063793098E-02,
    1.748765809586));
#569 = CARTESIAN_POINT('',(1.489249542172,-2.780028011933E-02,
    1.828212831586));
#570 = CARTESIAN_POINT('',(1.582966180018,-3.333333333334E-02,
    1.857958461761));
#571 = CARTESIAN_POINT('',(1.426272455557,-4.67478561225E-02,
    1.743893591449));
#572 = CARTESIAN_POINT('',(1.484056525565,-5.573045993283E-02,
    1.82646415439));
#573 = CARTESIAN_POINT('',(1.579965631681,-6.666584465456E-02,
    1.857010655108));
#574 = CARTESIAN_POINT('',(1.418758843021,-7.001649453754E-02,
    1.736973581301));
#575 = CARTESIAN_POINT('',(1.475893855587,-8.318468573959E-02,
    1.823631398749));
#576 = CARTESIAN_POINT('',(1.574229477385,-0.1,1.855170880945));
#577 = DEFINITIONAL_REPRESENTATION('',(#578),#604);
#578 = B_SPLINE_CURVE_WITH_KNOTS('',3,(#579,#580,#581,#582,#583,#584,
    #585,#586,#587,#588,#589,#590,#591,#592,#593,#594,#595,#596,#597,
    #598,#599,#600,#601,#602,#603),.UNSPECIFIED.,.F.,.F.,(4,1,1,1,1,1,1,
    1,1,1,1,1,1,1,1,1,1,1,1,1,1,1,4),(7.231660234249E-05,
    7.559903293663E-05,7.888146353077E-05,8.216389412491E-05,
    8.544632471904E-05,8.872875531318E-05,9.201118590732E-05,
    9.529361650146E-05,9.857604709559E-05,1.018584776897E-04,
    1.051409082839E-04,1.08423338878E-04,1.117057694721E-04,
    1.149882000663E-04,1.182706306604E-04,1.215530612546E-04,
    1.248354918487E-04,1.281179224428E-04,1.31400353037E-04,
    1.346827836311E-04,1.379652142252E-04,1.412476448194E-04,
    1.445300754135E-04),.QUASI_UNIFORM_KNOTS.);
#579 = CARTESIAN_POINT('',(1.E-04,0.));
#580 = CARTESIAN_POINT('',(1.015633049744E-04,-6.192028918216E-09));
#581 = CARTESIAN_POINT('',(1.046869595593E-04,4.717289316459E-07));
#582 = CARTESIAN_POINT('',(1.093629990598E-04,2.482257851452E-06));
#583 = CARTESIAN_POINT('',(1.140290202359E-04,5.634651744152E-06));
#584 = CARTESIAN_POINT('',(1.186844459595E-04,9.687930358068E-06));
#585 = CARTESIAN_POINT('',(1.233286987578E-04,1.436312628201E-05));
#586 = CARTESIAN_POINT('',(1.279612007836E-04,1.935016278597E-05));
#587 = CARTESIAN_POINT('',(1.32581373792E-04,2.432640964447E-05));
#588 = CARTESIAN_POINT('',(1.37188638902E-04,2.897163448291E-05));
#589 = CARTESIAN_POINT('',(1.417824162147E-04,3.298321672944E-05));
#590 = CARTESIAN_POINT('',(1.463621242828E-04,3.609040652576E-05));
#591 = CARTESIAN_POINT('',(1.509271794473E-04,3.806781849128E-05));
#592 = CARTESIAN_POINT('',(1.554769950506E-04,3.874801613423E-05));
#593 = CARTESIAN_POINT('',(1.600109805397E-04,3.803317074629E-05));
#594 = CARTESIAN_POINT('',(1.64528540467E-04,3.5905783472E-05));
#595 = CARTESIAN_POINT('',(1.690290734028E-04,3.24384768641E-05));
#596 = CARTESIAN_POINT('',(1.735119707633E-04,2.780293154954E-05));
#597 = CARTESIAN_POINT('',(1.779766155805E-04,2.227787319691E-05));
#598 = CARTESIAN_POINT('',(1.824223811587E-04,1.625673144053E-05));
#599 = CARTESIAN_POINT('',(1.868486298659E-04,1.025298032605E-05));
#600 = CARTESIAN_POINT('',(1.912547111644E-04,4.910967790394E-06));
#601 = CARTESIAN_POINT('',(1.95639962263E-04,9.935091849976E-07));
#602 = CARTESIAN_POINT('',(1.985491199509E-04,-3.29074827335E-08));
#603 = CARTESIAN_POINT('',(2.E-04,0.));
#604 = ( GEOMETRIC_REPRESENTATION_CONTEXT(2) 
PARAMETRIC_REPRESENTATION_CONTEXT() REPRESENTATION_CONTEXT('2D SPACE',''
  ) );
#605 = ORIENTED_EDGE('',*,*,#606,.F.);
#606 = EDGE_CURVE('',#607,#520,#609,.T.);
#607 = VERTEX_POINT('',#608);
#608 = CARTESIAN_POINT('',(1.25,1.499918549867E-16,0.923760430703));
#609 = SURFACE_CURVE('',#610,(#615,#622),.PCURVE_S1.);
#610 = B_SPLINE_CURVE_WITH_KNOTS('',3,(#611,#612,#613,#614),
  .UNSPECIFIED.,.F.,.F.,(4,4),(0.,0.791894862076),
  .PIECEWISE_BEZIER_KNOTS.);
#611 = CARTESIAN_POINT('',(1.25,1.499918549867E-16,0.923760430703));
#612 = CARTESIAN_POINT('',(1.25,1.388432449581E-16,1.174378394855));
#613 = CARTESIAN_POINT('',(1.293787813566,1.749718274958E-16,
    1.560146343067));
#614 = CARTESIAN_POINT('',(1.431320435335,-6.658553489283E-14,
    1.748765809586));
#615 = PCURVE('',#55,#616);
#616 = DEFINITIONAL_REPRESENTATION('',(#617),#621);
#617 = LINE('',#618,#619);
#618 = CARTESIAN_POINT('',(0.5,-8.413504920902E-17));
#619 = VECTOR('',#620,1.);
#620 = DIRECTION('',(1.934736348668E-14,1.));
#621 = ( GEOMETRIC_REPRESENTATION_CONTEXT(2) 
PARAMETRIC_REPRESENTATION_CONTEXT() REPRESENTATION_CONTEXT('2D SPACE',''
  ) );
#622 = PCURVE('',#111,#623);
#623 = DEFINITIONAL_REPRESENTATION('',(#624),#628);
#624 = LINE('',#625,#626);
#625 = CARTESIAN_POINT('',(0.5,-1.169349414537E-16));
#626 = VECTOR('',#627,1.);
#627 = DIRECTION('',(1.934736348668E-14,1.));
#628 = ( GEOMETRIC_REPRESENTATION_CONTEXT(2) 
PARAMETRIC_REPRESENTATION_CONTEXT() REPRESENTATION_CONTEXT('2D SPACE',''
  ) );
#629 = ORIENTED_EDGE('',*,*,#630,.T.);
#630 = EDGE_CURVE('',#607,#44,#631,.T.);
#631 = SURFACE_CURVE('',#632,(#637,#666),.PCURVE_S1.);
#632 = CIRCLE('',#633,0.25);
#633 = AXIS2_PLACEMENT_3D('',#634,#635,#636);
#634 = CARTESIAN_POINT('',(1.,1.025580099405E-16,0.923760430703));
#635 = DIRECTION('',(-0.,-1.110223024625E-16,-1.));
#636 = DIRECTION('',(0.,-1.,1.110223024625E-16));
#637 = PCURVE('',#55,#638);
#638 = DEFINITIONAL_REPRESENTATION('',(#639),#665);
#639 = B_SPLINE_CURVE_WITH_KNOTS('',3,(#640,#641,#642,#643,#644,#645,
    #646,#647,#648,#649,#650,#651,#652,#653,#654,#655,#656,#657,#658,
    #659,#660,#661,#662,#663,#664),.UNSPECIFIED.,.F.,.F.,(4,1,1,1,1,1,1,
    1,1,1,1,1,1,1,1,1,1,1,1,1,1,1,4),(4.712388980385,4.855188646457,
    4.997988312529,5.140787978601,5.283587644674,5.426387310746,
    5.569186976818,5.711986642891,5.854786308963,5.997585975035,
    6.140385641107,6.28318530718,6.425984973252,6.568784639324,
    6.711584305396,6.854383971469,6.997183637541,7.139983303613,
    7.282782969685,7.425582635758,7.56838230183,7.711181967902,
    7.853981633974),.QUASI_UNIFORM_KNOTS.);
#640 = CARTESIAN_POINT('',(0.5,0.));
#641 = CARTESIAN_POINT('',(0.5075806357,-7.783473084487E-07));
#642 = CARTESIAN_POINT('',(0.522731663162,1.169473690949E-07));
#643 = CARTESIAN_POINT('',(0.545439948034,4.182636773424E-06));
#644 = CARTESIAN_POINT('',(0.568127805175,1.306357089299E-05));
#645 = CARTESIAN_POINT('',(0.590844327342,5.312234676157E-06));
#646 = CARTESIAN_POINT('',(0.613620235805,-7.116499167689E-06));
#647 = CARTESIAN_POINT('',(0.636428152158,-5.140883500438E-06));
#648 = CARTESIAN_POINT('',(0.659176072763,-1.312817042036E-07));
#649 = CARTESIAN_POINT('',(0.681850319697,3.719493557872E-05));
#650 = CARTESIAN_POINT('',(0.704522030449,2.405019604294E-05));
#651 = CARTESIAN_POINT('',(0.727237011163,-1.228508881355E-05));
#652 = CARTESIAN_POINT('',(0.750000011092,7.0942791297E-08));
#653 = CARTESIAN_POINT('',(0.772770519628,-1.216724289172E-05));
#654 = CARTESIAN_POINT('',(0.795462850184,2.511547626169E-05));
#655 = CARTESIAN_POINT('',(0.818126875207,4.413980628581E-05));
#656 = CARTESIAN_POINT('',(0.840824357464,1.417101117696E-07));
#657 = CARTESIAN_POINT('',(0.863574022802,-3.875542086374E-06));
#658 = CARTESIAN_POINT('',(0.886382437958,-5.923965990968E-06));
#659 = CARTESIAN_POINT('',(0.909153069269,6.523923636777E-06));
#660 = CARTESIAN_POINT('',(0.931863737792,5.53045772893E-05));
#661 = CARTESIAN_POINT('',(0.954556045865,5.249692199404E-05));
#662 = CARTESIAN_POINT('',(0.977267799553,1.935190982244E-05));
#663 = CARTESIAN_POINT('',(0.992419837565,2.009822820882E-06));
#664 = CARTESIAN_POINT('',(1.,0.));
#665 = ( GEOMETRIC_REPRESENTATION_CONTEXT(2) 
PARAMETRIC_REPRESENTATION_CONTEXT() REPRESENTATION_CONTEXT('2D SPACE',''
  ) );
#666 = PCURVE('',#667,#672);
#667 = PLANE('',#668);
#668 = AXIS2_PLACEMENT_3D('',#669,#670,#671);
#669 = CARTESIAN_POINT('',(1.,1.025580099405E-16,0.923760430703));
#670 = DIRECTION('',(0.,1.110223024625E-16,1.));
#671 = DIRECTION('',(0.,-1.,1.110223024625E-16));
#672 = DEFINITIONAL_REPRESENTATION('',(#673),#681);
#673 = ( BOUNDED_CURVE() B_SPLINE_CURVE(2,(#674,#675,#676,#677,#678,#679
,#680),.UNSPECIFIED.,.T.,.F.) B_SPLINE_CURVE_WITH_KNOTS((1,2,2,2,2,1),(
    -2.094395102393,0.,2.094395102393,4.188790204786,6.28318530718,
8.377580409573),.UNSPECIFIED.) CURVE() GEOMETRIC_REPRESENTATION_ITEM() 
RATIONAL_B_SPLINE_CURVE((1.,0.5,1.,0.5,1.,0.5,1.)) REPRESENTATION_ITEM(
  '') );
#674 = CARTESIAN_POINT('',(0.25,0.));
#675 = CARTESIAN_POINT('',(0.25,-0.433012701892));
#676 = CARTESIAN_POINT('',(-0.125,-0.216506350946));
#677 = CARTESIAN_POINT('',(-0.5,-6.123233995737E-17));
#678 = CARTESIAN_POINT('',(-0.125,0.216506350946));
#679 = CARTESIAN_POINT('',(0.25,0.433012701892));
#680 = CARTESIAN_POINT('',(0.25,0.));
#681 = ( GEOMETRIC_REPRESENTATION_CONTEXT(2) 
PARAMETRIC_REPRESENTATION_CONTEXT() REPRESENTATION_CONTEXT('2D SPACE',''
  ) );
#682 = ADVANCED_FACE('',(#683),#698,.T.);
#683 = FACE_BOUND('',#684,.T.);
#684 = EDGE_LOOP('',(#685,#787,#860,#947,#1028,#1211,#1295));
#685 = ORIENTED_EDGE('',*,*,#686,.T.);
#686 = EDGE_CURVE('',#687,#689,#691,.T.);
#687 = VERTEX_POINT('',#688);
#688 = CARTESIAN_POINT('',(4.25,8.900548278439E-17,0.923760430703));
#689 = VERTEX_POINT('',#690);
#690 = CARTESIAN_POINT('',(3.75,1.499918549867E-16,0.923760430703));
#691 = SURFACE_CURVE('',#692,(#697,#775),.PCURVE_S1.);
#692 = CIRCLE('',#693,0.25);
#693 = AXIS2_PLACEMENT_3D('',#694,#695,#696);
#694 = CARTESIAN_POINT('',(4.,1.025580099405E-16,0.923760430703));
#695 = DIRECTION('',(-0.,1.110223024625E-16,1.));
#696 = DIRECTION('',(0.,-1.,1.110223024625E-16));
#697 = PCURVE('',#698,#747);
#698 = B_SPLINE_SURFACE_WITH_KNOTS('',3,3,(
    (#699,#700,#701,#702)
    ,(#703,#704,#705,#706)
    ,(#707,#708,#709,#710)
    ,(#711,#712,#713,#714)
    ,(#715,#716,#717,#718)
    ,(#719,#720,#721,#722)
    ,(#723,#724,#725,#726)
    ,(#727,#728,#729,#730)
    ,(#731,#732,#733,#734)
    ,(#735,#736,#737,#738)
    ,(#739,#740,#741,#742)
    ,(#743,#744,#745,#746
    )),.UNSPECIFIED.,.T.,.F.,.F.,(1,3,1,1,1,2,1,1,1,3,1),(4,4),(-0.125,
    0.,0.125,0.25,0.375,0.5,0.625,0.75,0.875,1.,1.125),(0.,1.),
  .UNSPECIFIED.);
#699 = CARTESIAN_POINT('',(4.25,7.545295562832E-17,0.923760430703));
#700 = CARTESIAN_POINT('',(4.577614770645,1.660059797871E-16,
    1.495248937421));
#701 = CARTESIAN_POINT('',(4.75,2.37873141507E-16,2.142570782905));
#702 = CARTESIAN_POINT('',(4.75,2.567972040455E-16,2.801304834898));
#703 = CARTESIAN_POINT('',(4.25,6.54498464275E-02,0.923760430703));
#704 = CARTESIAN_POINT('',(4.577614770645,0.114261874867,1.495248937421)
  );
#705 = CARTESIAN_POINT('',(4.75,0.163073903306,2.142570782905));
#706 = CARTESIAN_POINT('',(4.75,0.211885931746,2.801304834898));
#707 = CARTESIAN_POINT('',(4.196127815876,0.195903993837,0.923760430703)
  );
#708 = CARTESIAN_POINT('',(4.487436202842,0.342005285143,1.468830940709)
  );
#709 = CARTESIAN_POINT('',(4.63419047016,0.488106576449,2.10719521087));
#710 = CARTESIAN_POINT('',(4.608804513907,0.634207867755,2.698840561688)
  );
#711 = CARTESIAN_POINT('',(4.,0.27731081453,0.923760430703));
#712 = CARTESIAN_POINT('',(4.163807385322,0.484133563086,1.367744102042)
  );
#713 = CARTESIAN_POINT('',(4.215086915926,0.690956311642,1.957402797699)
  );
#714 = CARTESIAN_POINT('',(4.09496124031,0.897779060198,2.325949196461)
  );
#715 = CARTESIAN_POINT('',(3.803872184124,0.195903993837,0.923760430703)
  );
#716 = CARTESIAN_POINT('',(3.840178567803,0.342005285143,1.266657263374)
  );
#717 = CARTESIAN_POINT('',(3.795983361691,0.488106576449,1.807610384529)
  );
#718 = CARTESIAN_POINT('',(3.581117966713,0.634207867755,1.953057831234)
  );
#719 = CARTESIAN_POINT('',(3.75,6.54498464275E-02,0.923760430703));
#720 = CARTESIAN_POINT('',(3.75,0.114261874867,1.240239266662));
#721 = CARTESIAN_POINT('',(3.680173831851,0.163073903306,1.772234812494)
  );
#722 = CARTESIAN_POINT('',(3.43992248062,0.211885931746,1.850593558024)
  );
#723 = CARTESIAN_POINT('',(3.75,-6.54498464275E-02,0.923760430703));
#724 = CARTESIAN_POINT('',(3.75,-0.114261874867,1.240239266662));
#725 = CARTESIAN_POINT('',(3.680173831851,-0.163073903306,1.772234812494
    ));
#726 = CARTESIAN_POINT('',(3.43992248062,-0.211885931746,1.850593558024)
  );
#727 = CARTESIAN_POINT('',(3.803872184124,-0.195903993837,0.923760430703
    ));
#728 = CARTESIAN_POINT('',(3.840178567803,-0.342005285143,1.266657263374
    ));
#729 = CARTESIAN_POINT('',(3.795983361691,-0.488106576449,1.807610384529
    ));
#730 = CARTESIAN_POINT('',(3.581117966713,-0.634207867755,1.953057831234
    ));
#731 = CARTESIAN_POINT('',(4.,-0.27731081453,0.923760430703));
#732 = CARTESIAN_POINT('',(4.163807385322,-0.484133563086,1.367744102042
    ));
#733 = CARTESIAN_POINT('',(4.215086915926,-0.690956311642,1.957402797699
    ));
#734 = CARTESIAN_POINT('',(4.09496124031,-0.897779060198,2.325949196461)
  );
#735 = CARTESIAN_POINT('',(4.196127815876,-0.195903993837,0.923760430703
    ));
#736 = CARTESIAN_POINT('',(4.487436202842,-0.342005285143,1.468830940709
    ));
#737 = CARTESIAN_POINT('',(4.63419047016,-0.488106576449,2.10719521087)
  );
#738 = CARTESIAN_POINT('',(4.608804513907,-0.634207867755,2.698840561688
    ));
#739 = CARTESIAN_POINT('',(4.25,-6.54498464275E-02,0.923760430703));
#740 = CARTESIAN_POINT('',(4.577614770645,-0.114261874867,1.495248937421
    ));
#741 = CARTESIAN_POINT('',(4.75,-0.163073903306,2.142570782905));
#742 = CARTESIAN_POINT('',(4.75,-0.211885931746,2.801304834898));
#743 = CARTESIAN_POINT('',(4.25,7.545295562832E-17,0.923760430703));
#744 = CARTESIAN_POINT('',(4.577614770645,1.660059797871E-16,
    1.495248937421));
#745 = CARTESIAN_POINT('',(4.75,2.37873141507E-16,2.142570782905));
#746 = CARTESIAN_POINT('',(4.75,2.567972040455E-16,2.801304834898));
#747 = DEFINITIONAL_REPRESENTATION('',(#748),#774);
#748 = B_SPLINE_CURVE_WITH_KNOTS('',3,(#749,#750,#751,#752,#753,#754,
    #755,#756,#757,#758,#759,#760,#761,#762,#763,#764,#765,#766,#767,
    #768,#769,#770,#771,#772,#773),.UNSPECIFIED.,.F.,.F.,(4,1,1,1,1,1,1,
    1,1,1,1,1,1,1,1,1,1,1,1,1,1,1,4),(1.570796326795,1.713595992867,
    1.856395658939,1.999195325012,2.141994991084,2.284794657156,
    2.427594323228,2.570393989301,2.713193655373,2.855993321445,
    2.998792987518,3.14159265359,3.284392319662,3.427191985734,
    3.569991651807,3.712791317879,3.855590983951,3.998390650023,
    4.141190316096,4.283989982168,4.42678964824,4.569589314312,
    4.712388980385),.QUASI_UNIFORM_KNOTS.);
#749 = CARTESIAN_POINT('',(0.,0.));
#750 = CARTESIAN_POINT('',(7.580162434845E-03,2.009822820965E-06));
#751 = CARTESIAN_POINT('',(2.273220044673E-02,1.935190982255E-05));
#752 = CARTESIAN_POINT('',(4.54439541347E-02,5.249692199403E-05));
#753 = CARTESIAN_POINT('',(6.813626220779E-02,5.530457728952E-05));
#754 = CARTESIAN_POINT('',(9.084693073094E-02,6.52392363713E-06));
#755 = CARTESIAN_POINT('',(0.113617562042,-5.923965991066E-06));
#756 = CARTESIAN_POINT('',(0.136425977199,-3.875542086334E-06));
#757 = CARTESIAN_POINT('',(0.159175642536,1.417101117079E-07));
#758 = CARTESIAN_POINT('',(0.181873124793,4.41398062858E-05));
#759 = CARTESIAN_POINT('',(0.204537149816,2.511547626132E-05));
#760 = CARTESIAN_POINT('',(0.227229480372,-1.216724289161E-05));
#761 = CARTESIAN_POINT('',(0.249999988909,7.094279123075E-08));
#762 = CARTESIAN_POINT('',(0.272762988836,-1.22850888134E-05));
#763 = CARTESIAN_POINT('',(0.295477969552,2.405019604238E-05));
#764 = CARTESIAN_POINT('',(0.318149680303,3.719493557865E-05));
#765 = CARTESIAN_POINT('',(0.340823927237,-1.312817043245E-07));
#766 = CARTESIAN_POINT('',(0.363571847842,-5.140883500405E-06));
#767 = CARTESIAN_POINT('',(0.386379764195,-7.116499167702E-06));
#768 = CARTESIAN_POINT('',(0.409155672658,5.312234676176E-06));
#769 = CARTESIAN_POINT('',(0.431872194825,1.306357089331E-05));
#770 = CARTESIAN_POINT('',(0.454560051966,4.182636773693E-06));
#771 = CARTESIAN_POINT('',(0.477268336838,1.16947369122E-07));
#772 = CARTESIAN_POINT('',(0.4924193643,-7.783473084872E-07));
#773 = CARTESIAN_POINT('',(0.5,0.));
#774 = ( GEOMETRIC_REPRESENTATION_CONTEXT(2) 
PARAMETRIC_REPRESENTATION_CONTEXT() REPRESENTATION_CONTEXT('2D SPACE',''
  ) );
#775 = PCURVE('',#776,#781);
#776 = PLANE('',#777);
#777 = AXIS2_PLACEMENT_3D('',#778,#779,#780);
#778 = CARTESIAN_POINT('',(4.,1.025580099405E-16,0.923760430703));
#779 = DIRECTION('',(0.,1.110223024625E-16,1.));
#780 = DIRECTION('',(0.,-1.,1.110223024625E-16));
#781 = DEFINITIONAL_REPRESENTATION('',(#782),#786);
#782 = CIRCLE('',#783,0.25);
#783 = AXIS2_PLACEMENT_2D('',#784,#785);
#784 = CARTESIAN_POINT('',(0.,0.));
#785 = DIRECTION('',(1.,0.));
#786 = ( GEOMETRIC_REPRESENTATION_CONTEXT(2) 
PARAMETRIC_REPRESENTATION_CONTEXT() REPRESENTATION_CONTEXT('2D SPACE',''
  ) );
#787 = ORIENTED_EDGE('',*,*,#788,.T.);
#788 = EDGE_CURVE('',#689,#789,#791,.T.);
#789 = VERTEX_POINT('',#790);
#790 = CARTESIAN_POINT('',(3.568679564665,6.754684937408E-14,
    1.748765809586));
#791 = SURFACE_CURVE('',#792,(#797,#804),.PCURVE_S1.);
#792 = B_SPLINE_CURVE_WITH_KNOTS('',3,(#793,#794,#795,#796),
  .UNSPECIFIED.,.F.,.F.,(4,4),(0.,0.791894862077),
  .PIECEWISE_BEZIER_KNOTS.);
#793 = CARTESIAN_POINT('',(3.75,1.499918549867E-16,0.923760430703));
#794 = CARTESIAN_POINT('',(3.75,1.388432449581E-16,1.174378394855));
#795 = CARTESIAN_POINT('',(3.706212186434,1.749718274958E-16,
    1.560146343068));
#796 = CARTESIAN_POINT('',(3.568679564665,6.754684937408E-14,
    1.748765809586));
#797 = PCURVE('',#698,#798);
#798 = DEFINITIONAL_REPRESENTATION('',(#799),#803);
#799 = LINE('',#800,#801);
#800 = CARTESIAN_POINT('',(0.5,-1.169349414537E-16));
#801 = VECTOR('',#802,1.);
#802 = DIRECTION('',(-1.955766091588E-14,1.));
#803 = ( GEOMETRIC_REPRESENTATION_CONTEXT(2) 
PARAMETRIC_REPRESENTATION_CONTEXT() REPRESENTATION_CONTEXT('2D SPACE',''
  ) );
#804 = PCURVE('',#805,#854);
#805 = B_SPLINE_SURFACE_WITH_KNOTS('',3,3,(
    (#806,#807,#808,#809)
    ,(#810,#811,#812,#813)
    ,(#814,#815,#816,#817)
    ,(#818,#819,#820,#821)
    ,(#822,#823,#824,#825)
    ,(#826,#827,#828,#829)
    ,(#830,#831,#832,#833)
    ,(#834,#835,#836,#837)
    ,(#838,#839,#840,#841)
    ,(#842,#843,#844,#845)
    ,(#846,#847,#848,#849)
    ,(#850,#851,#852,#853
    )),.UNSPECIFIED.,.T.,.F.,.F.,(1,3,1,1,1,2,1,1,1,3,1),(4,4),(-0.125,
    0.,0.125,0.25,0.375,0.5,0.625,0.75,0.875,1.,1.125),(0.,1.),
  .UNSPECIFIED.);
#806 = CARTESIAN_POINT('',(4.25,7.545295562832E-17,0.923760430703));
#807 = CARTESIAN_POINT('',(4.577614770645,1.660059797871E-16,
    1.495248937421));
#808 = CARTESIAN_POINT('',(4.75,2.37873141507E-16,2.142570782905));
#809 = CARTESIAN_POINT('',(4.75,2.567972040455E-16,2.801304834898));
#810 = CARTESIAN_POINT('',(4.25,6.54498464275E-02,0.923760430703));
#811 = CARTESIAN_POINT('',(4.577614770645,0.114261874867,1.495248937421)
  );
#812 = CARTESIAN_POINT('',(4.75,0.163073903306,2.142570782905));
#813 = CARTESIAN_POINT('',(4.75,0.211885931746,2.801304834898));
#814 = CARTESIAN_POINT('',(4.196127815876,0.195903993837,0.923760430703)
  );
#815 = CARTESIAN_POINT('',(4.487436202842,0.342005285143,1.468830940709)
  );
#816 = CARTESIAN_POINT('',(4.63419047016,0.488106576449,2.10719521087));
#817 = CARTESIAN_POINT('',(4.608804513907,0.634207867755,2.698840561688)
  );
#818 = CARTESIAN_POINT('',(4.,0.27731081453,0.923760430703));
#819 = CARTESIAN_POINT('',(4.163807385322,0.484133563086,1.367744102042)
  );
#820 = CARTESIAN_POINT('',(4.215086915926,0.690956311642,1.957402797699)
  );
#821 = CARTESIAN_POINT('',(4.09496124031,0.897779060198,2.325949196461)
  );
#822 = CARTESIAN_POINT('',(3.803872184124,0.195903993837,0.923760430703)
  );
#823 = CARTESIAN_POINT('',(3.840178567803,0.342005285143,1.266657263374)
  );
#824 = CARTESIAN_POINT('',(3.795983361691,0.488106576449,1.807610384529)
  );
#825 = CARTESIAN_POINT('',(3.581117966713,0.634207867755,1.953057831234)
  );
#826 = CARTESIAN_POINT('',(3.75,6.54498464275E-02,0.923760430703));
#827 = CARTESIAN_POINT('',(3.75,0.114261874867,1.240239266662));
#828 = CARTESIAN_POINT('',(3.680173831851,0.163073903306,1.772234812494)
  );
#829 = CARTESIAN_POINT('',(3.43992248062,0.211885931746,1.850593558024)
  );
#830 = CARTESIAN_POINT('',(3.75,-6.54498464275E-02,0.923760430703));
#831 = CARTESIAN_POINT('',(3.75,-0.114261874867,1.240239266662));
#832 = CARTESIAN_POINT('',(3.680173831851,-0.163073903306,1.772234812494
    ));
#833 = CARTESIAN_POINT('',(3.43992248062,-0.211885931746,1.850593558024)
  );
#834 = CARTESIAN_POINT('',(3.803872184124,-0.195903993837,0.923760430703
    ));
#835 = CARTESIAN_POINT('',(3.840178567803,-0.342005285143,1.266657263374
    ));
#836 = CARTESIAN_POINT('',(3.795983361691,-0.488106576449,1.807610384529
    ));
#837 = CARTESIAN_POINT('',(3.581117966713,-0.634207867755,1.953057831234
    ));
#838 = CARTESIAN_POINT('',(4.,-0.27731081453,0.923760430703));
#839 = CARTESIAN_POINT('',(4.163807385322,-0.484133563086,1.367744102042
    ));
#840 = CARTESIAN_POINT('',(4.215086915926,-0.690956311642,1.957402797699
    ));
#841 = CARTESIAN_POINT('',(4.09496124031,-0.897779060198,2.325949196461)
  );
#842 = CARTESIAN_POINT('',(4.196127815876,-0.195903993837,0.923760430703
    ));
#843 = CARTESIAN_POINT('',(4.487436202842,-0.342005285143,1.468830940709
    ));
#844 = CARTESIAN_POINT('',(4.63419047016,-0.488106576449,2.10719521087)
  );
#845 = CARTESIAN_POINT('',(4.608804513907,-0.634207867755,2.698840561688
    ));
#846 = CARTESIAN_POINT('',(4.25,-6.54498464275E-02,0.923760430703));
#847 = CARTESIAN_POINT('',(4.577614770645,-0.114261874867,1.495248937421
    ));
#848 = CARTESIAN_POINT('',(4.75,-0.163073903306,2.142570782905));
#849 = CARTESIAN_POINT('',(4.75,-0.211885931746,2.801304834898));
#850 = CARTESIAN_POINT('',(4.25,7.545295562832E-17,0.923760430703));
#851 = CARTESIAN_POINT('',(4.577614770645,1.660059797871E-16,
    1.495248937421));
#852 = CARTESIAN_POINT('',(4.75,2.37873141507E-16,2.142570782905));
#853 = CARTESIAN_POINT('',(4.75,2.567972040455E-16,2.801304834898));
#854 = DEFINITIONAL_REPRESENTATION('',(#855),#859);
#855 = LINE('',#856,#857);
#856 = CARTESIAN_POINT('',(0.5,-8.413504920902E-17));
#857 = VECTOR('',#858,1.);
#858 = DIRECTION('',(-1.955766091588E-14,1.));
#859 = ( GEOMETRIC_REPRESENTATION_CONTEXT(2) 
PARAMETRIC_REPRESENTATION_CONTEXT() REPRESENTATION_CONTEXT('2D SPACE',''
  ) );
#860 = ORIENTED_EDGE('',*,*,#861,.T.);
#861 = EDGE_CURVE('',#789,#862,#864,.T.);
#862 = VERTEX_POINT('',#863);
#863 = CARTESIAN_POINT('',(3.581241156978,7.001649453686E-02,
    1.736973581302));
#864 = SURFACE_CURVE('',#865,(#870,#899),.PCURVE_S1.);
#865 = B_SPLINE_CURVE_WITH_KNOTS('',3,(#866,#867,#868,#869),
  .UNSPECIFIED.,.F.,.F.,(4,4),(7.23166023425E-05,1.445300754128E-04),
  .PIECEWISE_BEZIER_KNOTS.);
#866 = CARTESIAN_POINT('',(3.568679564665,6.754684937408E-14,
    1.748765809586));
#867 = CARTESIAN_POINT('',(3.568679564665,2.408243483336E-02,
    1.748765809586));
#868 = CARTESIAN_POINT('',(3.574046378606,4.773488919026E-02,
    1.743599883117));
#869 = CARTESIAN_POINT('',(3.581241156978,7.001649453686E-02,
    1.736973581302));
#870 = PCURVE('',#698,#871);
#871 = DEFINITIONAL_REPRESENTATION('',(#872),#898);
#872 = B_SPLINE_CURVE_WITH_KNOTS('',3,(#873,#874,#875,#876,#877,#878,
    #879,#880,#881,#882,#883,#884,#885,#886,#887,#888,#889,#890,#891,
    #892,#893,#894,#895,#896,#897),.UNSPECIFIED.,.F.,.F.,(4,1,1,1,1,1,1,
    1,1,1,1,1,1,1,1,1,1,1,1,1,1,1,4),(7.23166023425E-05,
    7.55990329366E-05,7.88814635307E-05,8.216389412481E-05,
    8.544632471891E-05,8.872875531301E-05,9.201118590712E-05,
    9.529361650122E-05,9.857604709532E-05,1.018584776894E-04,
    1.051409082835E-04,1.084233388776E-04,1.117057694717E-04,
    1.149882000658E-04,1.182706306599E-04,1.21553061254E-04,
    1.248354918482E-04,1.281179224423E-04,1.314003530364E-04,
    1.346827836305E-04,1.379652142246E-04,1.412476448187E-04,
    1.445300754128E-04),.QUASI_UNIFORM_KNOTS.);
#873 = CARTESIAN_POINT('',(0.5,0.791894862077));
#874 = CARTESIAN_POINT('',(0.499748580185,0.791894865023));
#875 = CARTESIAN_POINT('',(0.499246135262,0.791861374329));
#876 = CARTESIAN_POINT('',(0.498493587861,0.791713926216));
#877 = CARTESIAN_POINT('',(0.497742092641,0.791472530881));
#878 = CARTESIAN_POINT('',(0.496991594614,0.791140498101));
#879 = CARTESIAN_POINT('',(0.496242046923,0.790721161639));
#880 = CARTESIAN_POINT('',(0.495493411872,0.790217879657));
#881 = CARTESIAN_POINT('',(0.494745660474,0.789634029644));
#882 = CARTESIAN_POINT('',(0.493998772433,0.788973005042));
#883 = CARTESIAN_POINT('',(0.493252736047,0.788238211631));
#884 = CARTESIAN_POINT('',(0.492507548169,0.787433064181));
#885 = CARTESIAN_POINT('',(0.491763214189,0.786560983221));
#886 = CARTESIAN_POINT('',(0.491019748033,0.785625391966));
#887 = CARTESIAN_POINT('',(0.49027717219,0.78462971338));
#888 = CARTESIAN_POINT('',(0.489535517755,0.783577367372));
#889 = CARTESIAN_POINT('',(0.488794824488,0.782471768136));
#890 = CARTESIAN_POINT('',(0.488055140886,0.781316321618));
#891 = CARTESIAN_POINT('',(0.487316524267,0.78011442314));
#892 = CARTESIAN_POINT('',(0.486579040883,0.778869455101));
#893 = CARTESIAN_POINT('',(0.485842765937,0.777584785061));
#894 = CARTESIAN_POINT('',(0.485107784013,0.776263763055));
#895 = CARTESIAN_POINT('',(0.484374187985,0.774909722511));
#896 = CARTESIAN_POINT('',(0.483886118392,0.773987219766));
#897 = CARTESIAN_POINT('',(0.483642349212,0.773521568314));
#898 = ( GEOMETRIC_REPRESENTATION_CONTEXT(2) 
PARAMETRIC_REPRESENTATION_CONTEXT() REPRESENTATION_CONTEXT('2D SPACE',''
  ) );
#899 = PCURVE('',#900,#919);
#900 = ( BOUNDED_SURFACE() B_SPLINE_SURFACE(3,2,(
    (#901,#902,#903)
    ,(#904,#905,#906)
    ,(#907,#908,#909)
    ,(#910,#911,#912)
    ,(#913,#914,#915)
    ,(#916,#917,#918
)),.UNSPECIFIED.,.F.,.F.,.F.) B_SPLINE_SURFACE_WITH_KNOTS((4,2,4),(3,3),
  (1.696369824125E-16,9.999999999967E-05,1.999999999992E-04),(0.,1.),
.UNSPECIFIED.) GEOMETRIC_REPRESENTATION_ITEM() RATIONAL_B_SPLINE_SURFACE
((
    (1.,0.944221121713,1.)
    ,(1.,0.94772040869,1.)
    ,(1.,0.950263900233,1.)
    ,(1.,0.950263900233,1.)
    ,(1.,0.94772040869,1.)
,(1.,0.944221121712,1.))) REPRESENTATION_ITEM('') SURFACE() );
#901 = CARTESIAN_POINT('',(3.425770522615,9.999999999917E-02,
    1.855170880945));
#902 = CARTESIAN_POINT('',(3.524106144413,8.318468573892E-02,
    1.82363139875));
#903 = CARTESIAN_POINT('',(3.581241156979,7.001649453698E-02,
    1.736973581302));
#904 = CARTESIAN_POINT('',(3.420034368327,6.666584465208E-02,
    1.857010655106));
#905 = CARTESIAN_POINT('',(3.515943474449,5.573045992686E-02,
    1.82646415438));
#906 = CARTESIAN_POINT('',(3.573727544455,4.674785611207E-02,
    1.74389359143));
#907 = CARTESIAN_POINT('',(3.417033819982,3.333333333266E-02,
    1.857958461761));
#908 = CARTESIAN_POINT('',(3.510750457828,2.780028011876E-02,
    1.828212831586));
#909 = CARTESIAN_POINT('',(3.568679564665,2.33406379305E-02,
    1.748765809586));
#910 = CARTESIAN_POINT('',(3.417033819982,-3.333333333368E-02,
    1.857958461761));
#911 = CARTESIAN_POINT('',(3.510750457828,-2.780028011961E-02,
    1.828212831586));
#912 = CARTESIAN_POINT('',(3.568679564665,-2.334063793121E-02,
    1.748765809586));
#913 = CARTESIAN_POINT('',(3.420034368319,-6.666584465472E-02,
    1.857010655108));
#914 = CARTESIAN_POINT('',(3.515943474439,-5.573045993236E-02,
    1.826464154396));
#915 = CARTESIAN_POINT('',(3.573727544443,-4.67478561226E-02,
    1.743893591449));
#916 = CARTESIAN_POINT('',(3.425770522615,-0.1,1.855170880945));
#917 = CARTESIAN_POINT('',(3.524106144413,-8.31846857396E-02,
    1.823631398749));
#918 = CARTESIAN_POINT('',(3.581241156979,-7.001649453755E-02,
    1.736973581301));
#919 = DEFINITIONAL_REPRESENTATION('',(#920),#946);
#920 = B_SPLINE_CURVE_WITH_KNOTS('',3,(#921,#922,#923,#924,#925,#926,
    #927,#928,#929,#930,#931,#932,#933,#934,#935,#936,#937,#938,#939,
    #940,#941,#942,#943,#944,#945),.UNSPECIFIED.,.F.,.F.,(4,1,1,1,1,1,1,
    1,1,1,1,1,1,1,1,1,1,1,1,1,1,1,4),(7.23166023425E-05,
    7.55990329366E-05,7.88814635307E-05,8.216389412481E-05,
    8.544632471891E-05,8.872875531301E-05,9.201118590712E-05,
    9.529361650122E-05,9.857604709532E-05,1.018584776894E-04,
    1.051409082835E-04,1.084233388776E-04,1.117057694717E-04,
    1.149882000658E-04,1.182706306599E-04,1.21553061254E-04,
    1.248354918482E-04,1.281179224423E-04,1.314003530364E-04,
    1.346827836305E-04,1.379652142246E-04,1.412476448187E-04,
    1.445300754128E-04),.QUASI_UNIFORM_KNOTS.);
#921 = CARTESIAN_POINT('',(9.999999999967E-05,1.));
#922 = CARTESIAN_POINT('',(9.843669502494E-05,1.000000006192));
#923 = CARTESIAN_POINT('',(9.531304043976E-05,0.999999528271));
#924 = CARTESIAN_POINT('',(9.063700093921E-05,0.999997517739));
#925 = CARTESIAN_POINT('',(8.597097976277E-05,0.999994365342));
#926 = CARTESIAN_POINT('',(8.131555403877E-05,0.999990312059));
#927 = CARTESIAN_POINT('',(7.667130123999E-05,0.999985636858));
#928 = CARTESIAN_POINT('',(7.203879921372E-05,0.999980649815));
#929 = CARTESIAN_POINT('',(6.741862620484E-05,0.999975673562));
#930 = CARTESIAN_POINT('',(6.281136109436E-05,0.999971028331));
#931 = CARTESIAN_POINT('',(5.821758378121E-05,0.999967016743));
#932 = CARTESIAN_POINT('',(5.363787571269E-05,0.999963909548));
#933 = CARTESIAN_POINT('',(4.907282054797E-05,0.999961932131));
#934 = CARTESIAN_POINT('',(4.452300494443E-05,0.999961251929));
#935 = CARTESIAN_POINT('',(3.998901945525E-05,0.999961966772));
#936 = CARTESIAN_POINT('',(3.547145952799E-05,0.999964094158));
#937 = CARTESIAN_POINT('',(3.097092659232E-05,0.999967561464));
#938 = CARTESIAN_POINT('',(2.648802923212E-05,0.999972197012));
#939 = CARTESIAN_POINT('',(2.202338441527E-05,0.999977722074));
#940 = CARTESIAN_POINT('',(1.757761883765E-05,0.999983743222));
#941 = CARTESIAN_POINT('',(1.315137013121E-05,0.999989746981));
#942 = CARTESIAN_POINT('',(8.745288833557E-06,0.999995089005));
#943 = CARTESIAN_POINT('',(4.360037736021E-06,0.999999006477));
#944 = CARTESIAN_POINT('',(1.450880048882E-06,1.000000032903));
#945 = CARTESIAN_POINT('',(1.696369824125E-16,1.));
#946 = ( GEOMETRIC_REPRESENTATION_CONTEXT(2) 
PARAMETRIC_REPRESENTATION_CONTEXT() REPRESENTATION_CONTEXT('2D SPACE',''
  ) );
#947 = ORIENTED_EDGE('',*,*,#948,.T.);
#948 = EDGE_CURVE('',#862,#949,#951,.T.);
#949 = VERTEX_POINT('',#950);
#950 = CARTESIAN_POINT('',(3.596982411943,0.117732905211,1.72474082886)
  );
#951 = SURFACE_CURVE('',#952,(#957,#986),.PCURVE_S1.);
#952 = B_SPLINE_CURVE_WITH_KNOTS('',3,(#953,#954,#955,#956),
  .UNSPECIFIED.,.F.,.F.,(4,4),(1.490777987168E-19,5.171347201472E-05),
  .PIECEWISE_BEZIER_KNOTS.);
#953 = CARTESIAN_POINT('',(3.581241156978,7.001649453686E-02,
    1.736973581302));
#954 = CARTESIAN_POINT('',(3.586337829058,8.580044645054E-02,
    1.73227960941));
#955 = CARTESIAN_POINT('',(3.591515005248,0.101768304455,1.728259573402)
  );
#956 = CARTESIAN_POINT('',(3.596982411943,0.117732905211,1.72474082886)
  );
#957 = PCURVE('',#698,#958);
#958 = DEFINITIONAL_REPRESENTATION('',(#959),#985);
#959 = B_SPLINE_CURVE_WITH_KNOTS('',3,(#960,#961,#962,#963,#964,#965,
    #966,#967,#968,#969,#970,#971,#972,#973,#974,#975,#976,#977,#978,
    #979,#980,#981,#982,#983,#984),.UNSPECIFIED.,.F.,.F.,(4,1,1,1,1,1,1,
    1,1,1,1,1,1,1,1,1,1,1,1,1,1,1,4),(1.490777987168E-19,
    2.350612364306E-06,4.701224728611E-06,7.051837092917E-06,
    9.402449457223E-06,1.175306182153E-05,1.410367418583E-05,
    1.645428655014E-05,1.880489891445E-05,2.115551127875E-05,
    2.350612364306E-05,2.585673600736E-05,2.820734837167E-05,
    3.055796073597E-05,3.290857310028E-05,3.525918546458E-05,
    3.760979782889E-05,3.99604101932E-05,4.23110225575E-05,
    4.466163492181E-05,4.701224728611E-05,4.936285965042E-05,
    5.171347201472E-05),.QUASI_UNIFORM_KNOTS.);
#960 = CARTESIAN_POINT('',(0.483642349212,0.773521568314));
#961 = CARTESIAN_POINT('',(0.483469667356,0.773191706663));
#962 = CARTESIAN_POINT('',(0.483123827075,0.772535068215));
#963 = CARTESIAN_POINT('',(0.482603661477,0.771559182377));
#964 = CARTESIAN_POINT('',(0.482082115309,0.770592185338));
#965 = CARTESIAN_POINT('',(0.481559212902,0.769633895146));
#966 = CARTESIAN_POINT('',(0.481034978394,0.768684130565));
#967 = CARTESIAN_POINT('',(0.480509435692,0.767742711179));
#968 = CARTESIAN_POINT('',(0.479982608472,0.766809457377));
#969 = CARTESIAN_POINT('',(0.479454520166,0.765884190355));
#970 = CARTESIAN_POINT('',(0.478925193956,0.764966732126));
#971 = CARTESIAN_POINT('',(0.47839465276,0.764056905517));
#972 = CARTESIAN_POINT('',(0.477862919229,0.763154534174));
#973 = CARTESIAN_POINT('',(0.477330015733,0.762259442558));
#974 = CARTESIAN_POINT('',(0.476795964355,0.761371455951));
#975 = CARTESIAN_POINT('',(0.476260786883,0.760490400452));
#976 = CARTESIAN_POINT('',(0.475724504799,0.759616102975));
#977 = CARTESIAN_POINT('',(0.475187139274,0.75874839125));
#978 = CARTESIAN_POINT('',(0.474648711159,0.757887093819));
#979 = CARTESIAN_POINT('',(0.474109240975,0.757032040036));
#980 = CARTESIAN_POINT('',(0.473568748912,0.756183060057));
#981 = CARTESIAN_POINT('',(0.473027254805,0.755339984863));
#982 = CARTESIAN_POINT('',(0.472484778174,0.754502646157));
#983 = CARTESIAN_POINT('',(0.472122484757,0.75394813321));
#984 = CARTESIAN_POINT('',(0.47194118066,0.75367177703));
#985 = ( GEOMETRIC_REPRESENTATION_CONTEXT(2) 
PARAMETRIC_REPRESENTATION_CONTEXT() REPRESENTATION_CONTEXT('2D SPACE',''
  ) );
#986 = PCURVE('',#987,#1000);
#987 = ( BOUNDED_SURFACE() B_SPLINE_SURFACE(3,2,(
    (#988,#989,#990)
    ,(#991,#992,#993)
    ,(#994,#995,#996)
    ,(#997,#998,#999
)),.UNSPECIFIED.,.F.,.F.,.F.) B_SPLINE_SURFACE_WITH_KNOTS((4,4),(3,3),(
    -4.404977901537E-16,6.977190829479E-05),(0.,1.),
.PIECEWISE_BEZIER_KNOTS.) GEOMETRIC_REPRESENTATION_ITEM() 
RATIONAL_B_SPLINE_SURFACE((
    (1.,0.944221121713,1.)
    ,(1.,0.942193657867,1.)
    ,(1.,0.940637992927,1.)
,(1.,0.939424215956,1.))) REPRESENTATION_ITEM('') SURFACE() );
#988 = CARTESIAN_POINT('',(3.581241156979,7.001649453716E-02,
    1.736973581302));
#989 = CARTESIAN_POINT('',(3.524106144413,8.31846857392E-02,
    1.82363139875));
#990 = CARTESIAN_POINT('',(3.425770522615,9.999999999954E-02,
    1.855170880945));
#991 = CARTESIAN_POINT('',(3.586413499044,8.603492180657E-02,
    1.732209941917));
#992 = CARTESIAN_POINT('',(3.529618876447,9.994631714474E-02,
    1.821475396219));
#993 = CARTESIAN_POINT('',(3.429722847209,0.118914816891,1.853903239892)
  );
#994 = CARTESIAN_POINT('',(3.591574913785,0.101943180054,1.728220999493)
  );
#995 = CARTESIAN_POINT('',(3.53527852161,0.116489124585,1.819543492065)
  );
#996 = CARTESIAN_POINT('',(3.43443872354,0.137725567838,1.852784554692)
  );
#997 = CARTESIAN_POINT('',(3.596982411943,0.117732905211,1.72474082886)
  );
#998 = CARTESIAN_POINT('',(3.541289671169,0.132894252229,1.817742933215)
  );
#999 = CARTESIAN_POINT('',(3.43995494442,0.156425635976,1.851779477783)
  );
#1000 = DEFINITIONAL_REPRESENTATION('',(#1001),#1027);
#1001 = B_SPLINE_CURVE_WITH_KNOTS('',3,(#1002,#1003,#1004,#1005,#1006,
    #1007,#1008,#1009,#1010,#1011,#1012,#1013,#1014,#1015,#1016,#1017,
    #1018,#1019,#1020,#1021,#1022,#1023,#1024,#1025,#1026),
  .UNSPECIFIED.,.F.,.F.,(4,1,1,1,1,1,1,1,1,1,1,1,1,1,1,1,1,1,1,1,1,1,4),
  (1.490777987168E-19,2.350612364306E-06,4.701224728611E-06,
    7.051837092917E-06,9.402449457223E-06,1.175306182153E-05,
    1.410367418583E-05,1.645428655014E-05,1.880489891445E-05,
    2.115551127875E-05,2.350612364306E-05,2.585673600736E-05,
    2.820734837167E-05,3.055796073597E-05,3.290857310028E-05,
    3.525918546458E-05,3.760979782889E-05,3.99604101932E-05,
    4.23110225575E-05,4.466163492181E-05,4.701224728611E-05,
    4.936285965042E-05,5.171347201472E-05),.QUASI_UNIFORM_KNOTS.);
#1002 = CARTESIAN_POINT('',(-4.404977901537E-16,0.));
#1003 = CARTESIAN_POINT('',(1.041676253243E-06,-1.513306800893E-08));
#1004 = CARTESIAN_POINT('',(3.126769361451E-06,1.197257414729E-07));
#1005 = CARTESIAN_POINT('',(6.259496974143E-06,6.948208678312E-07));
#1006 = CARTESIAN_POINT('',(9.397178965184E-06,1.514009706352E-06));
#1007 = CARTESIAN_POINT('',(1.253968078215E-05,2.470087521696E-06));
#1008 = CARTESIAN_POINT('',(1.56868672379E-05,3.469309407175E-06));
#1009 = CARTESIAN_POINT('',(1.883860242733E-05,4.432920714527E-06));
#1010 = CARTESIAN_POINT('',(2.199474975989E-05,5.296132799911E-06));
#1011 = CARTESIAN_POINT('',(2.515517196209E-05,6.00779462267E-06));
#1012 = CARTESIAN_POINT('',(2.831973108898E-05,6.529888363999E-06));
#1013 = CARTESIAN_POINT('',(3.148828853444E-05,6.837082135556E-06));
#1014 = CARTESIAN_POINT('',(3.46607050429E-05,6.916276451178E-06));
#1015 = CARTESIAN_POINT('',(3.783684072198E-05,6.766160817909E-06));
#1016 = CARTESIAN_POINT('',(4.101655505618E-05,6.396775392255E-06));
#1017 = CARTESIAN_POINT('',(4.419970692169E-05,5.829078403656E-06));
#1018 = CARTESIAN_POINT('',(4.738615460233E-05,5.094518153314E-06));
#1019 = CARTESIAN_POINT('',(5.057575580662E-05,4.234611075203E-06));
#1020 = CARTESIAN_POINT('',(5.376836768638E-05,3.300517835379E-06));
#1021 = CARTESIAN_POINT('',(5.69638468553E-05,2.352645500456E-06));
#1022 = CARTESIAN_POINT('',(6.016204941369E-05,1.460168834155E-06));
#1023 = CARTESIAN_POINT('',(6.33628309561E-05,7.008680252145E-07));
#1024 = CARTESIAN_POINT('',(6.656604664913E-05,1.597979653763E-07));
#1025 = CARTESIAN_POINT('',(6.87030495856E-05,8.152146835151E-09));
#1026 = CARTESIAN_POINT('',(6.977190829479E-05,0.));
#1027 = ( GEOMETRIC_REPRESENTATION_CONTEXT(2) 
PARAMETRIC_REPRESENTATION_CONTEXT() REPRESENTATION_CONTEXT('2D SPACE',''
  ) );
#1028 = ORIENTED_EDGE('',*,*,#1029,.T.);
#1029 = EDGE_CURVE('',#949,#1030,#1032,.T.);
#1030 = VERTEX_POINT('',#1031);
#1031 = CARTESIAN_POINT('',(4.745176429994,7.582886964834E-02,
    2.686470453412));
#1032 = SURFACE_CURVE('',#1033,(#1048,#1099),.PCURVE_S1.);
#1033 = B_SPLINE_CURVE_WITH_KNOTS('',3,(#1034,#1035,#1036,#1037,#1038,
    #1039,#1040,#1041,#1042,#1043,#1044,#1045,#1046,#1047),
  .UNSPECIFIED.,.F.,.F.,(4,2,2,2,2,2,4),(0.,2.561151731236E-04,
    5.122303462472E-04,1.024460692494E-03,1.536691038742E-03,
    1.792806211865E-03,2.048921384989E-03),.UNSPECIFIED.);
#1034 = CARTESIAN_POINT('',(3.596982411943,0.117732905211,1.72474082886)
  );
#1035 = CARTESIAN_POINT('',(3.624158937631,0.197087232903,1.707250406661
    ));
#1036 = CARTESIAN_POINT('',(3.657832654188,0.276975858975,1.705020297629
    ));
#1037 = CARTESIAN_POINT('',(3.746631690376,0.419277364389,1.724837490794
    ));
#1038 = CARTESIAN_POINT('',(3.802204829572,0.482223118605,1.747591797204
    ));
#1039 = CARTESIAN_POINT('',(3.992809547412,0.625365070887,1.838292200948
    ));
#1040 = CARTESIAN_POINT('',(4.145068712401,0.661726848939,1.933247084892
    ));
#1041 = CARTESIAN_POINT('',(4.417289992482,0.606348076854,2.128176644314
    ));
#1042 = CARTESIAN_POINT('',(4.534072060556,0.525121147956,2.23524018083)
  );
#1043 = CARTESIAN_POINT('',(4.651808711869,0.364588116866,2.393001565319
    ));
#1044 = CARTESIAN_POINT('',(4.682390149557,0.304643050132,2.445836801601
    ));
#1045 = CARTESIAN_POINT('',(4.726110961054,0.184696003091,2.557791275585
    ));
#1046 = CARTESIAN_POINT('',(4.739107175279,0.122995828969,2.614404911084
    ));
#1047 = CARTESIAN_POINT('',(4.745176429994,7.582886964834E-02,
    2.686470453412));
#1048 = PCURVE('',#698,#1049);
#1049 = DEFINITIONAL_REPRESENTATION('',(#1050),#1098);
#1050 = B_SPLINE_CURVE_WITH_KNOTS('',3,(#1051,#1052,#1053,#1054,#1055,
    #1056,#1057,#1058,#1059,#1060,#1061,#1062,#1063,#1064,#1065,#1066,
    #1067,#1068,#1069,#1070,#1071,#1072,#1073,#1074,#1075,#1076,#1077,
    #1078,#1079,#1080,#1081,#1082,#1083,#1084,#1085,#1086,#1087,#1088,
    #1089,#1090,#1091,#1092,#1093,#1094,#1095,#1096,#1097),
  .UNSPECIFIED.,.F.,.F.,(4,1,1,1,1,1,1,1,1,1,1,1,1,1,1,1,1,1,1,1,1,1,1,1
    ,1,1,1,1,1,1,1,1,1,1,1,1,1,1,1,1,1,1,1,1,4),(0.,4.656639511338E-05,
    9.313279022676E-05,1.396991853401E-04,1.862655804535E-04,
    2.328319755669E-04,2.793983706803E-04,3.259647657937E-04,
    3.72531160907E-04,4.190975560204E-04,4.656639511338E-04,
    5.122303462472E-04,5.587967413606E-04,6.053631364739E-04,
    6.519295315873E-04,6.984959267007E-04,7.450623218141E-04,
    7.916287169274E-04,8.381951120408E-04,8.847615071542E-04,
    9.313279022676E-04,9.77894297381E-04,1.024460692494E-03,
    1.071027087608E-03,1.117593482721E-03,1.164159877834E-03,
    1.210726272948E-03,1.257292668061E-03,1.303859063175E-03,
    1.350425458288E-03,1.396991853401E-03,1.443558248515E-03,
    1.490124643628E-03,1.536691038742E-03,1.583257433855E-03,
    1.629823828968E-03,1.676390224082E-03,1.722956619195E-03,
    1.769523014308E-03,1.816089409422E-03,1.862655804535E-03,
    1.909222199649E-03,1.955788594762E-03,2.002354989875E-03,
    2.048921384989E-03),.QUASI_UNIFORM_KNOTS.);
#1051 = CARTESIAN_POINT('',(0.47194118066,0.75367177703));
#1052 = CARTESIAN_POINT('',(0.468335994574,0.748178141951));
#1053 = CARTESIAN_POINT('',(0.460995088031,0.738098554173));
#1054 = CARTESIAN_POINT('',(0.449664332236,0.725430437517));
#1055 = CARTESIAN_POINT('',(0.438089548876,0.714936072976));
#1056 = CARTESIAN_POINT('',(0.426335041854,0.706358005316));
#1057 = CARTESIAN_POINT('',(0.414451021098,0.699456070206));
#1058 = CARTESIAN_POINT('',(0.402471841978,0.693978409034));
#1059 = CARTESIAN_POINT('',(0.390379532915,0.689814733045));
#1060 = CARTESIAN_POINT('',(0.37821613422,0.686798577233));
#1061 = CARTESIAN_POINT('',(0.366020279049,0.684777608531));
#1062 = CARTESIAN_POINT('',(0.353834806531,0.683614845656));
#1063 = CARTESIAN_POINT('',(0.341666749515,0.683090487184));
#1064 = CARTESIAN_POINT('',(0.329559995301,0.683242838839));
#1065 = CARTESIAN_POINT('',(0.317552781059,0.684194854366));
#1066 = CARTESIAN_POINT('',(0.305628906643,0.685814968535));
#1067 = CARTESIAN_POINT('',(0.293789522506,0.688051230189));
#1068 = CARTESIAN_POINT('',(0.282035356934,0.690841836959));
#1069 = CARTESIAN_POINT('',(0.270372510457,0.694138597748));
#1070 = CARTESIAN_POINT('',(0.258811218438,0.69789727774));
#1071 = CARTESIAN_POINT('',(0.247366570832,0.702083091945));
#1072 = CARTESIAN_POINT('',(0.236055416477,0.706644567025));
#1073 = CARTESIAN_POINT('',(0.224881549656,0.711500150584));
#1074 = CARTESIAN_POINT('',(0.213821000743,0.716494583244));
#1075 = CARTESIAN_POINT('',(0.202905150514,0.721780847102));
#1076 = CARTESIAN_POINT('',(0.192168857302,0.727570972739));
#1077 = CARTESIAN_POINT('',(0.181586915356,0.733780932349));
#1078 = CARTESIAN_POINT('',(0.171154940747,0.740415241912));
#1079 = CARTESIAN_POINT('',(0.160867902212,0.747461887631));
#1080 = CARTESIAN_POINT('',(0.150725732991,0.754918438441));
#1081 = CARTESIAN_POINT('',(0.140731558815,0.762783460955));
#1082 = CARTESIAN_POINT('',(0.130891439204,0.771056183635));
#1083 = CARTESIAN_POINT('',(0.121214714449,0.779738585803));
#1084 = CARTESIAN_POINT('',(0.111709581497,0.788818021109));
#1085 = CARTESIAN_POINT('',(0.102383751764,0.798238937695));
#1086 = CARTESIAN_POINT('',(9.322193343489E-02,0.808013467192));
#1087 = CARTESIAN_POINT('',(8.422365902246E-02,0.818255026563));
#1088 = CARTESIAN_POINT('',(7.541207542962E-02,0.829015102115));
#1089 = CARTESIAN_POINT('',(6.680773538374E-02,0.84035810277));
#1090 = CARTESIAN_POINT('',(5.843457995866E-02,0.85233839647));
#1091 = CARTESIAN_POINT('',(5.031924447422E-02,0.865015795179));
#1092 = CARTESIAN_POINT('',(4.244672508219E-02,0.878234170134));
#1093 = CARTESIAN_POINT('',(3.492362362599E-02,0.892348428597));
#1094 = CARTESIAN_POINT('',(2.784517851944E-02,0.907612914707));
#1095 = CARTESIAN_POINT('',(2.131369350324E-02,0.924282571491));
#1096 = CARTESIAN_POINT('',(1.739074572733E-02,0.936482008111));
#1097 = CARTESIAN_POINT('',(1.555390439313E-02,0.942892155241));
#1098 = ( GEOMETRIC_REPRESENTATION_CONTEXT(2) 
PARAMETRIC_REPRESENTATION_CONTEXT() REPRESENTATION_CONTEXT('2D SPACE',''
  ) );
#1099 = PCURVE('',#1100,#1161);
#1100 = ( BOUNDED_SURFACE() B_SPLINE_SURFACE(3,2,(
    (#1101,#1102,#1103)
    ,(#1104,#1105,#1106)
    ,(#1107,#1108,#1109)
    ,(#1110,#1111,#1112)
    ,(#1113,#1114,#1115)
    ,(#1116,#1117,#1118)
    ,(#1119,#1120,#1121)
    ,(#1122,#1123,#1124)
    ,(#1125,#1126,#1127)
    ,(#1128,#1129,#1130)
    ,(#1131,#1132,#1133)
    ,(#1134,#1135,#1136)
    ,(#1137,#1138,#1139)
    ,(#1140,#1141,#1142)
    ,(#1143,#1144,#1145)
    ,(#1146,#1147,#1148)
    ,(#1149,#1150,#1151)
    ,(#1152,#1153,#1154)
    ,(#1155,#1156,#1157)
    ,(#1158,#1159,#1160
)),.UNSPECIFIED.,.F.,.F.,.F.) B_SPLINE_SURFACE_WITH_KNOTS((4,2,2,2,2,2,2
    ,2,2,4),(3,3),(5.108489586209E-16,3.53542407988E-04,
    7.070848159755E-04,1.060627223963E-03,1.414169631951E-03,
    1.767712039938E-03,2.121254447926E-03,2.474796855913E-03,
    2.651568059907E-03,2.828339263901E-03),(0.,1.),.UNSPECIFIED.) 
GEOMETRIC_REPRESENTATION_ITEM() RATIONAL_B_SPLINE_SURFACE((
    (1.,0.939424215957,1.)
    ,(1.,0.928371458183,1.)
    ,(1.,0.922916784525,1.)
    ,(1.,0.919789106687,1.)
    ,(1.,0.922380665579,1.)
    ,(1.,0.930220247038,1.)
    ,(1.,0.935829778483,1.)
    ,(1.,0.947984046199,1.)
    ,(1.,0.954527987004,1.)
    ,(1.,0.965578078682,1.)
    ,(1.,0.970244380266,1.)
    ,(1.,0.97881517241,1.)
    ,(1.,0.982729310388,1.)
    ,(1.,0.989175110655,1.)
    ,(1.,0.991673113136,1.)
    ,(1.,0.994841041033,1.)
    ,(1.,0.995778385495,1.)
    ,(1.,0.997419334816,1.)
    ,(1.,0.998123810475,1.)
,(1.,0.998669850759,1.))) REPRESENTATION_ITEM('') SURFACE() );
#1101 = CARTESIAN_POINT('',(3.596982411943,0.117732905211,1.72474082886)
  );
#1102 = CARTESIAN_POINT('',(3.54128967117,0.132894252229,1.817742933214)
  );
#1103 = CARTESIAN_POINT('',(3.439954944421,0.156425635976,1.851779477782
    ));
#1104 = CARTESIAN_POINT('',(3.624419092167,0.197847102098,1.707083048476
    ));
#1105 = CARTESIAN_POINT('',(3.569426564618,0.216924396796,1.812782735929
    ));
#1106 = CARTESIAN_POINT('',(3.459444915607,0.251480837151,1.849458015034
    ));
#1107 = CARTESIAN_POINT('',(3.657193460928,0.274490357645,1.705494201827
    ));
#1108 = CARTESIAN_POINT('',(3.602506351567,0.293425568623,1.816473034816
    ));
#1109 = CARTESIAN_POINT('',(3.492544311573,0.342022127519,1.853450665582
    ));
#1110 = CARTESIAN_POINT('',(3.739095116889,0.408522861954,1.722597165939
    ));
#1111 = CARTESIAN_POINT('',(3.684299018522,0.430702484905,1.83613840366)
  );
#1112 = CARTESIAN_POINT('',(3.584388449807,0.502254841804,1.873977410574
    ));
#1113 = CARTESIAN_POINT('',(3.787445645392,0.466159835044,1.741770241211
    ));
#1114 = CARTESIAN_POINT('',(3.732666443516,0.490945420818,1.852162767915
    ));
#1115 = CARTESIAN_POINT('',(3.644568691503,0.572773399734,1.890691966497
    ));
#1116 = CARTESIAN_POINT('',(3.90003125642,0.559064754983,1.793331547436)
  );
#1117 = CARTESIAN_POINT('',(3.84755115071,0.589113766513,1.895151643275)
  );
#1118 = CARTESIAN_POINT('',(3.783105042988,0.680684147814,1.93569178252)
  );
#1119 = CARTESIAN_POINT('',(3.964166791218,0.594895336083,1.826874716127
    ));
#1120 = CARTESIAN_POINT('',(3.913496067637,0.627631387441,1.922604494858
    ));
#1121 = CARTESIAN_POINT('',(3.861693053858,0.719535154584,1.964516491244
    ));
#1122 = CARTESIAN_POINT('',(4.096476484647,0.639366129603,1.905051293798
    ));
#1123 = CARTESIAN_POINT('',(4.053199035501,0.676179294896,1.988445295107
    ));
#1124 = CARTESIAN_POINT('',(4.023770648411,0.762651299979,2.032539086067
    ));
#1125 = CARTESIAN_POINT('',(4.162619979072,0.648070437524,1.948476320575
    ));
#1126 = CARTESIAN_POINT('',(4.125229749919,0.686253439869,2.025713895044
    ));
#1127 = CARTESIAN_POINT('',(4.106203967582,0.766606181459,2.070925899998
    ));
#1128 = CARTESIAN_POINT('',(4.298302929413,0.63515534584,2.041822880279)
  );
#1129 = CARTESIAN_POINT('',(4.270911702438,0.672873834011,2.108137958477
    ));
#1130 = CARTESIAN_POINT('',(4.266169143338,0.740088076152,2.153830429376
    ));
#1131 = CARTESIAN_POINT('',(4.365086422585,0.613993494936,2.091142120109
    ));
#1132 = CARTESIAN_POINT('',(4.341903179709,0.650615354844,2.152473589157
    ));
#1133 = CARTESIAN_POINT('',(4.341019902657,0.710821369574,2.197487925821
    ));
#1134 = CARTESIAN_POINT('',(4.486739737254,0.548562405397,2.195958887897
    ));
#1135 = CARTESIAN_POINT('',(4.471035971135,0.581593529284,2.247285953752
    ));
#1136 = CARTESIAN_POINT('',(4.475224440525,0.62853528921,2.289351650766)
  );
#1137 = CARTESIAN_POINT('',(4.540407536122,0.505325845585,2.250596649759
    ));
#1138 = CARTESIAN_POINT('',(4.528497131696,0.535648735238,2.297122987385
    ));
#1139 = CARTESIAN_POINT('',(4.53379913908,0.575824539414,2.336961361658)
  );
#1140 = CARTESIAN_POINT('',(4.631044848462,0.398824306338,2.361585643983
    ));
#1141 = CARTESIAN_POINT('',(4.624664105787,0.423389767053,2.398607554532
    ));
#1142 = CARTESIAN_POINT('',(4.630494316276,0.45212726452,2.432686370289)
  );
#1143 = CARTESIAN_POINT('',(4.667768132936,0.335972026114,2.417572182302
    ));
#1144 = CARTESIAN_POINT('',(4.663153389812,0.357948614205,2.449917525803
    ));
#1145 = CARTESIAN_POINT('',(4.668060699421,0.382453837395,2.480345671337
    ));
#1146 = CARTESIAN_POINT('',(4.708123212001,0.236373907812,2.509317301871
    ));
#1147 = CARTESIAN_POINT('',(4.705477321453,0.254524776455,2.533968885396
    ));
#1148 = CARTESIAN_POINT('',(4.708878957829,0.273776895351,2.557670212278
    ));
#1149 = CARTESIAN_POINT('',(4.718964711076,0.202686576,2.540799819628));
#1150 = CARTESIAN_POINT('',(4.716851124736,0.219612242946,2.562783980328
    ));
#1151 = CARTESIAN_POINT('',(4.719715103502,0.237275411874,2.584090335775
    ));
#1152 = CARTESIAN_POINT('',(4.735688430502,0.136697652667,2.608249825688
    ));
#1153 = CARTESIAN_POINT('',(4.734439234324,0.151174991257,2.624523404098
    ));
#1154 = CARTESIAN_POINT('',(4.736280944505,0.165868539227,2.640533905713
    ));
#1155 = CARTESIAN_POINT('',(4.741574353826,0.103822438333,2.643700345293
    ));
#1156 = CARTESIAN_POINT('',(4.7406655815,0.117064896308,2.656941041305)
  );
#1157 = CARTESIAN_POINT('',(4.741997883331,0.130414979767,2.670046944788
    ));
#1158 = CARTESIAN_POINT('',(4.745176429994,7.58288696485E-02,
    2.686470453411));
#1159 = CARTESIAN_POINT('',(4.744505259965,8.788221935074E-02,
    2.696174664557));
#1160 = CARTESIAN_POINT('',(4.745426812626,0.1,2.705777557613));
#1161 = DEFINITIONAL_REPRESENTATION('',(#1162),#1210);
#1162 = B_SPLINE_CURVE_WITH_KNOTS('',3,(#1163,#1164,#1165,#1166,#1167,
    #1168,#1169,#1170,#1171,#1172,#1173,#1174,#1175,#1176,#1177,#1178,
    #1179,#1180,#1181,#1182,#1183,#1184,#1185,#1186,#1187,#1188,#1189,
    #1190,#1191,#1192,#1193,#1194,#1195,#1196,#1197,#1198,#1199,#1200,
    #1201,#1202,#1203,#1204,#1205,#1206,#1207,#1208,#1209),
  .UNSPECIFIED.,.F.,.F.,(4,1,1,1,1,1,1,1,1,1,1,1,1,1,1,1,1,1,1,1,1,1,1,1
    ,1,1,1,1,1,1,1,1,1,1,1,1,1,1,1,1,1,1,1,1,4),(0.,4.656639511338E-05,
    9.313279022676E-05,1.396991853401E-04,1.862655804535E-04,
    2.328319755669E-04,2.793983706803E-04,3.259647657937E-04,
    3.72531160907E-04,4.190975560204E-04,4.656639511338E-04,
    5.122303462472E-04,5.587967413606E-04,6.053631364739E-04,
    6.519295315873E-04,6.984959267007E-04,7.450623218141E-04,
    7.916287169274E-04,8.381951120408E-04,8.847615071542E-04,
    9.313279022676E-04,9.77894297381E-04,1.024460692494E-03,
    1.071027087608E-03,1.117593482721E-03,1.164159877834E-03,
    1.210726272948E-03,1.257292668061E-03,1.303859063175E-03,
    1.350425458288E-03,1.396991853401E-03,1.443558248515E-03,
    1.490124643628E-03,1.536691038742E-03,1.583257433855E-03,
    1.629823828968E-03,1.676390224082E-03,1.722956619195E-03,
    1.769523014308E-03,1.816089409422E-03,1.862655804535E-03,
    1.909222199649E-03,1.955788594762E-03,2.002354989875E-03,
    2.048921384989E-03),.QUASI_UNIFORM_KNOTS.);
#1163 = CARTESIAN_POINT('',(5.108489586209E-16,0.));
#1164 = CARTESIAN_POINT('',(2.12252653738E-05,1.582829927069E-05));
#1165 = CARTESIAN_POINT('',(6.404983866022E-05,9.66967594263E-05));
#1166 = CARTESIAN_POINT('',(1.293336896863E-04,2.420214235458E-04));
#1167 = CARTESIAN_POINT('',(1.955815749712E-04,2.285685955827E-04));
#1168 = CARTESIAN_POINT('',(2.627379087784E-04,8.068930211071E-05));
#1169 = CARTESIAN_POINT('',(3.307638648449E-04,-4.252032483174E-05));
#1170 = CARTESIAN_POINT('',(3.996395636095E-04,6.988512029842E-06));
#1171 = CARTESIAN_POINT('',(4.695411750442E-04,-2.82790103039E-05));
#1172 = CARTESIAN_POINT('',(5.401166738626E-04,-1.848194603774E-05));
#1173 = CARTESIAN_POINT('',(6.110362710138E-04,-2.237819972952E-05));
#1174 = CARTESIAN_POINT('',(6.819446085589E-04,-1.760001701556E-05));
#1175 = CARTESIAN_POINT('',(7.524935357564E-04,-3.479536970188E-05));
#1176 = CARTESIAN_POINT('',(8.222633646714E-04,7.437801063667E-05));
#1177 = CARTESIAN_POINT('',(8.9142251584E-04,6.06553383224E-04));
#1178 = CARTESIAN_POINT('',(9.60173747449E-04,1.132632618647E-03));
#1179 = CARTESIAN_POINT('',(1.028677924367E-03,1.386007599791E-03));
#1180 = CARTESIAN_POINT('',(1.097021290599E-03,1.215631836601E-03));
#1181 = CARTESIAN_POINT('',(1.1659639071E-03,-1.929661844758E-04));
#1182 = CARTESIAN_POINT('',(1.234840129538E-03,1.533121565883E-05));
#1183 = CARTESIAN_POINT('',(1.303310794903E-03,-4.093419990273E-05));
#1184 = CARTESIAN_POINT('',(1.370965597208E-03,-3.232132057187E-05));
#1185 = CARTESIAN_POINT('',(1.43725034437E-03,-1.939393228329E-05));
#1186 = CARTESIAN_POINT('',(1.502842658816E-03,-8.919718377649E-05));
#1187 = CARTESIAN_POINT('',(1.567771924394E-03,1.670513806508E-04));
#1188 = CARTESIAN_POINT('',(1.632051849022E-03,1.861524067348E-03));
#1189 = CARTESIAN_POINT('',(1.695793726568E-03,3.774115901945E-03));
#1190 = CARTESIAN_POINT('',(1.759008315616E-03,5.501723912206E-03));
#1191 = CARTESIAN_POINT('',(1.82191760283E-03,6.082171577263E-03));
#1192 = CARTESIAN_POINT('',(1.884843459369E-03,5.319356406962E-03));
#1193 = CARTESIAN_POINT('',(1.947557380986E-03,3.759068323394E-03));
#1194 = CARTESIAN_POINT('',(2.009955764568E-03,1.897332941911E-03));
#1195 = CARTESIAN_POINT('',(2.071905146916E-03,2.038487813795E-04));
#1196 = CARTESIAN_POINT('',(2.133250452625E-03,-2.015622070134E-04));
#1197 = CARTESIAN_POINT('',(2.19398421278E-03,2.232519318665E-04));
#1198 = CARTESIAN_POINT('',(2.254189491565E-03,4.016967256694E-04));
#1199 = CARTESIAN_POINT('',(2.313963335027E-03,4.139968957871E-04));
#1200 = CARTESIAN_POINT('',(2.373220386E-03,2.127329307159E-04));
#1201 = CARTESIAN_POINT('',(2.431951903133E-03,-1.929160793507E-04));
#1202 = CARTESIAN_POINT('',(2.489995813911E-03,6.602408499776E-05));
#1203 = CARTESIAN_POINT('',(2.547802337943E-03,-1.535837458267E-04));
#1204 = CARTESIAN_POINT('',(2.605166479204E-03,-1.084235275204E-04));
#1205 = CARTESIAN_POINT('',(2.662016363172E-03,-1.419598110657E-04));
#1206 = CARTESIAN_POINT('',(2.718271674814E-03,-1.435557094595E-04));
#1207 = CARTESIAN_POINT('',(2.773822829532E-03,-2.204836670728E-04));
#1208 = CARTESIAN_POINT('',(2.810279650331E-03,-1.195569619081E-04));
#1209 = CARTESIAN_POINT('',(2.828339263901E-03,0.));
#1210 = ( GEOMETRIC_REPRESENTATION_CONTEXT(2) 
PARAMETRIC_REPRESENTATION_CONTEXT() REPRESENTATION_CONTEXT('2D SPACE',''
  ) );
#1211 = ORIENTED_EDGE('',*,*,#1212,.T.);
#1212 = EDGE_CURVE('',#1030,#1213,#1215,.T.);
#1213 = VERTEX_POINT('',#1214);
#1214 = CARTESIAN_POINT('',(4.75,2.839022583576E-16,2.801304834898));
#1215 = SURFACE_CURVE('',#1216,(#1224,#1253),.PCURVE_S1.);
#1216 = B_SPLINE_CURVE_WITH_KNOTS('',3,(#1217,#1218,#1219,#1220,#1221,
    #1222,#1223),.UNSPECIFIED.,.F.,.F.,(4,3,4),(0.,1.29720680003E-04,
    1.377007808299E-04),.UNSPECIFIED.);
#1217 = CARTESIAN_POINT('',(4.745176429994,7.582886964834E-02,
    2.686470453412));
#1218 = CARTESIAN_POINT('',(4.748215911423,5.220766678805E-02,
    2.722560861145));
#1219 = CARTESIAN_POINT('',(4.749809434321,2.83643606789E-02,
    2.75865571698));
#1220 = CARTESIAN_POINT('',(4.749983903323,4.420244535729E-03,
    2.794660800856));
#1221 = CARTESIAN_POINT('',(4.749994636232,2.947260729061E-03,
    2.796875746072));
#1222 = CARTESIAN_POINT('',(4.75,1.473417842694E-03,2.799090152379));
#1223 = CARTESIAN_POINT('',(4.75,2.839022583576E-16,2.801304834898));
#1224 = PCURVE('',#698,#1225);
#1225 = DEFINITIONAL_REPRESENTATION('',(#1226),#1252);
#1226 = B_SPLINE_CURVE_WITH_KNOTS('',3,(#1227,#1228,#1229,#1230,#1231,
    #1232,#1233,#1234,#1235,#1236,#1237,#1238,#1239,#1240,#1241,#1242,
    #1243,#1244,#1245,#1246,#1247,#1248,#1249,#1250,#1251),
  .UNSPECIFIED.,.F.,.F.,(4,1,1,1,1,1,1,1,1,1,1,1,1,1,1,1,1,1,1,1,1,1,4),
  (0.,6.25912640136E-06,1.251825280272E-05,1.877737920408E-05,
    2.503650560544E-05,3.12956320068E-05,3.755475840816E-05,
    4.381388480952E-05,5.007301121088E-05,5.633213761224E-05,
    6.25912640136E-05,6.885039041496E-05,7.510951681632E-05,
    8.136864321768E-05,8.762776961904E-05,9.38868960204E-05,
    1.001460224218E-04,1.064051488231E-04,1.126642752245E-04,
    1.189234016258E-04,1.251825280272E-04,1.314416544286E-04,
    1.377007808299E-04),.QUASI_UNIFORM_KNOTS.);
#1227 = CARTESIAN_POINT('',(1.555390439313E-02,0.942892155241));
#1228 = CARTESIAN_POINT('',(1.53097601566E-02,0.943743897444));
#1229 = CARTESIAN_POINT('',(1.482225543136E-02,0.945448613038));
#1230 = CARTESIAN_POINT('',(1.409334365003E-02,0.948009378184));
#1231 = CARTESIAN_POINT('',(1.336677117023E-02,0.950573833149));
#1232 = CARTESIAN_POINT('',(1.264253222499E-02,0.953141976427));
#1233 = CARTESIAN_POINT('',(1.192062120083E-02,0.955713806785));
#1234 = CARTESIAN_POINT('',(1.120103265795E-02,0.958289323302));
#1235 = CARTESIAN_POINT('',(1.048376132236E-02,0.960868525353));
#1236 = CARTESIAN_POINT('',(9.768802085523E-03,0.963451412607));
#1237 = CARTESIAN_POINT('',(9.056150002018E-03,0.966037985025));
#1238 = CARTESIAN_POINT('',(8.345800287771E-03,0.96862824285));
#1239 = CARTESIAN_POINT('',(7.637748318072E-03,0.97122218661));
#1240 = CARTESIAN_POINT('',(6.931989625898E-03,0.973819817109));
#1241 = CARTESIAN_POINT('',(6.228519899294E-03,0.976421135425));
#1242 = CARTESIAN_POINT('',(5.527334982299E-03,0.979026142911));
#1243 = CARTESIAN_POINT('',(4.828430862717E-03,0.981634841153));
#1244 = CARTESIAN_POINT('',(4.131803708967E-03,0.984247232125));
#1245 = CARTESIAN_POINT('',(3.437449723884E-03,0.986863317583));
#1246 = CARTESIAN_POINT('',(2.745365681657E-03,0.98948310131));
#1247 = CARTESIAN_POINT('',(2.055546915337E-03,0.99210658072));
#1248 = CARTESIAN_POINT('',(1.367994818967E-03,0.994733778163));
#1249 = CARTESIAN_POINT('',(6.8268884071E-04,0.997364624083));
#1250 = CARTESIAN_POINT('',(2.273143795412E-04,0.999121097183));
#1251 = CARTESIAN_POINT('',(0.,1.));
#1252 = ( GEOMETRIC_REPRESENTATION_CONTEXT(2) 
PARAMETRIC_REPRESENTATION_CONTEXT() REPRESENTATION_CONTEXT('2D SPACE',''
  ) );
#1253 = PCURVE('',#1254,#1267);
#1254 = ( BOUNDED_SURFACE() B_SPLINE_SURFACE(3,2,(
    (#1255,#1256,#1257)
    ,(#1258,#1259,#1260)
    ,(#1261,#1262,#1263)
    ,(#1264,#1265,#1266
)),.UNSPECIFIED.,.F.,.F.,.F.) B_SPLINE_SURFACE_WITH_KNOTS((4,4),(3,3),(
    0.,1.595594504924E-04),(0.,1.),.PIECEWISE_BEZIER_KNOTS.) 
GEOMETRIC_REPRESENTATION_ITEM() RATIONAL_B_SPLINE_SURFACE((
    (1.,0.998669850759,1.)
    ,(1.,0.99955711872,1.)
    ,(1.,0.999999770687,1.)
,(1.,1.,1.))) REPRESENTATION_ITEM('') SURFACE() );
#1255 = CARTESIAN_POINT('',(4.745176429994,7.582886964832E-02,
    2.686470453412));
#1256 = CARTESIAN_POINT('',(4.744505259965,8.788221935059E-02,
    2.696174664558));
#1257 = CARTESIAN_POINT('',(4.745426812626,9.999999999989E-02,
    2.705777557614));
#1258 = CARTESIAN_POINT('',(4.748397786828,5.07942289644E-02,
    2.724720424228));
#1259 = CARTESIAN_POINT('',(4.748172544082,5.885043387384E-02,
    2.731157654064));
#1260 = CARTESIAN_POINT('',(4.748486198034,6.685486228742E-02,
    2.737657397094));
#1261 = CARTESIAN_POINT('',(4.75,2.5483859993E-02,2.76300295747));
#1262 = CARTESIAN_POINT('',(4.749999999697,2.949218981981E-02,
    2.766250719404));
#1263 = CARTESIAN_POINT('',(4.75,3.350096048474E-02,2.769498556091));
#1264 = CARTESIAN_POINT('',(4.75,2.567972040455E-16,2.801304834898));
#1265 = CARTESIAN_POINT('',(4.75,-5.340254888804E-14,2.801304834898));
#1266 = CARTESIAN_POINT('',(4.75,-1.070618949801E-13,2.801304834898));
#1267 = DEFINITIONAL_REPRESENTATION('',(#1268),#1294);
#1268 = B_SPLINE_CURVE_WITH_KNOTS('',3,(#1269,#1270,#1271,#1272,#1273,
    #1274,#1275,#1276,#1277,#1278,#1279,#1280,#1281,#1282,#1283,#1284,
    #1285,#1286,#1287,#1288,#1289,#1290,#1291,#1292,#1293),
  .UNSPECIFIED.,.F.,.F.,(4,1,1,1,1,1,1,1,1,1,1,1,1,1,1,1,1,1,1,1,1,1,4),
  (0.,6.25912640136E-06,1.251825280272E-05,1.877737920408E-05,
    2.503650560544E-05,3.12956320068E-05,3.755475840816E-05,
    4.381388480952E-05,5.007301121088E-05,5.633213761224E-05,
    6.25912640136E-05,6.885039041496E-05,7.510951681632E-05,
    8.136864321768E-05,8.762776961904E-05,9.38868960204E-05,
    1.001460224218E-04,1.064051488231E-04,1.126642752245E-04,
    1.189234016258E-04,1.251825280272E-04,1.314416544286E-04,
    1.377007808299E-04),.QUASI_UNIFORM_KNOTS.);
#1269 = CARTESIAN_POINT('',(0.,0.));
#1270 = CARTESIAN_POINT('',(2.421399511214E-06,2.44484119842E-09));
#1271 = CARTESIAN_POINT('',(7.264013980368E-06,9.467493129922E-07));
#1272 = CARTESIAN_POINT('',(1.452731495013E-05,5.18185133649E-06));
#1273 = CARTESIAN_POINT('',(2.178992814062E-05,1.223574459798E-05));
#1274 = CARTESIAN_POINT('',(2.905178640556E-05,2.210946760866E-05));
#1275 = CARTESIAN_POINT('',(3.631282254558E-05,3.480466172091E-05));
#1276 = CARTESIAN_POINT('',(4.357296930854E-05,5.0323677598E-05));
#1277 = CARTESIAN_POINT('',(5.083215940242E-05,6.866958907052E-05));
#1278 = CARTESIAN_POINT('',(5.809032550477E-05,8.984625962237E-05));
#1279 = CARTESIAN_POINT('',(6.534740027294E-05,1.1385841007E-04));
#1280 = CARTESIAN_POINT('',(7.260331635402E-05,1.40711806469E-04));
#1281 = CARTESIAN_POINT('',(7.985800639457E-05,1.704132490348E-04));
#1282 = CARTESIAN_POINT('',(8.711140305111E-05,2.029716975637E-04));
#1283 = CARTESIAN_POINT('',(9.436343899703E-05,2.38395826965E-04));
#1284 = CARTESIAN_POINT('',(1.016140469425E-04,2.767061141418E-04));
#1285 = CARTESIAN_POINT('',(1.088631596054E-04,3.178949578566E-04));
#1286 = CARTESIAN_POINT('',(1.161107098645E-04,3.620853217958E-04));
#1287 = CARTESIAN_POINT('',(1.233566302325E-04,4.089584783526E-04));
#1288 = CARTESIAN_POINT('',(1.306008548655E-04,4.599337626539E-04));
#1289 = CARTESIAN_POINT('',(1.378433121084E-04,5.101452725442E-04));
#1290 = CARTESIAN_POINT('',(1.450839523569E-04,5.787256944456E-04));
#1291 = CARTESIAN_POINT('',(1.52322644118E-04,5.971758188969E-04));
#1292 = CARTESIAN_POINT('',(1.571473439872E-04,5.968722381015E-04));
#1293 = CARTESIAN_POINT('',(1.595594504924E-04,5.940249029562E-04));
#1294 = ( GEOMETRIC_REPRESENTATION_CONTEXT(2) 
PARAMETRIC_REPRESENTATION_CONTEXT() REPRESENTATION_CONTEXT('2D SPACE',''
  ) );
#1295 = ORIENTED_EDGE('',*,*,#1296,.F.);
#1296 = EDGE_CURVE('',#687,#1213,#1297,.T.);
#1297 = SURFACE_CURVE('',#1298,(#1303,#1310),.PCURVE_S1.);
#1298 = B_SPLINE_CURVE_WITH_KNOTS('',3,(#1299,#1300,#1301,#1302),
  .UNSPECIFIED.,.F.,.F.,(4,4),(0.,1.),.PIECEWISE_BEZIER_KNOTS.);
#1299 = CARTESIAN_POINT('',(4.25,8.900548278439E-17,0.923760430703));
#1300 = CARTESIAN_POINT('',(4.577614770645,1.660059797871E-16,
    1.495248937421));
#1301 = CARTESIAN_POINT('',(4.75,2.37873141507E-16,2.142570782905));
#1302 = CARTESIAN_POINT('',(4.75,2.839022583576E-16,2.801304834898));
#1303 = PCURVE('',#698,#1304);
#1304 = DEFINITIONAL_REPRESENTATION('',(#1305),#1309);
#1305 = LINE('',#1306,#1307);
#1306 = CARTESIAN_POINT('',(0.,-4.439220515375E-17));
#1307 = VECTOR('',#1308,1.);
#1308 = DIRECTION('',(0.,1.));
#1309 = ( GEOMETRIC_REPRESENTATION_CONTEXT(2) 
PARAMETRIC_REPRESENTATION_CONTEXT() REPRESENTATION_CONTEXT('2D SPACE',''
  ) );
#1310 = PCURVE('',#805,#1311);
#1311 = DEFINITIONAL_REPRESENTATION('',(#1312),#1316);
#1312 = LINE('',#1313,#1314);
#1313 = CARTESIAN_POINT('',(1.,-4.873895885194E-17));
#1314 = VECTOR('',#1315,1.);
#1315 = DIRECTION('',(0.,1.));
#1316 = ( GEOMETRIC_REPRESENTATION_CONTEXT(2) 
PARAMETRIC_REPRESENTATION_CONTEXT() REPRESENTATION_CONTEXT('2D SPACE',''
  ) );
#1317 = ADVANCED_FACE('',(#1318),#776,.F.);
#1318 = FACE_BOUND('',#1319,.T.);
#1319 = EDGE_LOOP('',(#1320,#1321));
#1320 = ORIENTED_EDGE('',*,*,#686,.F.);
#1321 = ORIENTED_EDGE('',*,*,#1322,.F.);
#1322 = EDGE_CURVE('',#689,#687,#1323,.T.);
#1323 = SURFACE_CURVE('',#1324,(#1329,#1336),.PCURVE_S1.);
#1324 = CIRCLE('',#1325,0.25);
#1325 = AXIS2_PLACEMENT_3D('',#1326,#1327,#1328);
#1326 = CARTESIAN_POINT('',(4.,1.025580099405E-16,0.923760430703));
#1327 = DIRECTION('',(-0.,1.110223024625E-16,1.));
#1328 = DIRECTION('',(0.,-1.,1.110223024625E-16));
#1329 = PCURVE('',#776,#1330);
#1330 = DEFINITIONAL_REPRESENTATION('',(#1331),#1335);
#1331 = CIRCLE('',#1332,0.25);
#1332 = AXIS2_PLACEMENT_2D('',#1333,#1334);
#1333 = CARTESIAN_POINT('',(0.,0.));
#1334 = DIRECTION('',(1.,0.));
#1335 = ( GEOMETRIC_REPRESENTATION_CONTEXT(2) 
PARAMETRIC_REPRESENTATION_CONTEXT() REPRESENTATION_CONTEXT('2D SPACE',''
  ) );
#1336 = PCURVE('',#805,#1337);
#1337 = DEFINITIONAL_REPRESENTATION('',(#1338),#1364);
#1338 = B_SPLINE_CURVE_WITH_KNOTS('',3,(#1339,#1340,#1341,#1342,#1343,
    #1344,#1345,#1346,#1347,#1348,#1349,#1350,#1351,#1352,#1353,#1354,
    #1355,#1356,#1357,#1358,#1359,#1360,#1361,#1362,#1363),
  .UNSPECIFIED.,.F.,.F.,(4,1,1,1,1,1,1,1,1,1,1,1,1,1,1,1,1,1,1,1,1,1,4),
  (4.712388980385,4.855188646457,4.997988312529,5.140787978601,
    5.283587644674,5.426387310746,5.569186976818,5.711986642891,
    5.854786308963,5.997585975035,6.140385641107,6.28318530718,
    6.425984973252,6.568784639324,6.711584305396,6.854383971469,
    6.997183637541,7.139983303613,7.282782969685,7.425582635758,
    7.56838230183,7.711181967902,7.853981633974),.QUASI_UNIFORM_KNOTS.);
#1339 = CARTESIAN_POINT('',(0.5,0.));
#1340 = CARTESIAN_POINT('',(0.5075806357,-7.783473084487E-07));
#1341 = CARTESIAN_POINT('',(0.522731663162,1.169473690949E-07));
#1342 = CARTESIAN_POINT('',(0.545439948034,4.182636773424E-06));
#1343 = CARTESIAN_POINT('',(0.568127805175,1.306357089299E-05));
#1344 = CARTESIAN_POINT('',(0.590844327342,5.312234676157E-06));
#1345 = CARTESIAN_POINT('',(0.613620235805,-7.116499167689E-06));
#1346 = CARTESIAN_POINT('',(0.636428152158,-5.140883500438E-06));
#1347 = CARTESIAN_POINT('',(0.659176072763,-1.312817042036E-07));
#1348 = CARTESIAN_POINT('',(0.681850319697,3.719493557872E-05));
#1349 = CARTESIAN_POINT('',(0.704522030449,2.405019604294E-05));
#1350 = CARTESIAN_POINT('',(0.727237011163,-1.228508881355E-05));
#1351 = CARTESIAN_POINT('',(0.750000011092,7.0942791297E-08));
#1352 = CARTESIAN_POINT('',(0.772770519628,-1.216724289172E-05));
#1353 = CARTESIAN_POINT('',(0.795462850184,2.511547626169E-05));
#1354 = CARTESIAN_POINT('',(0.818126875207,4.413980628581E-05));
#1355 = CARTESIAN_POINT('',(0.840824357464,1.417101117696E-07));
#1356 = CARTESIAN_POINT('',(0.863574022802,-3.875542086374E-06));
#1357 = CARTESIAN_POINT('',(0.886382437958,-5.923965990968E-06));
#1358 = CARTESIAN_POINT('',(0.909153069269,6.523923636777E-06));
#1359 = CARTESIAN_POINT('',(0.931863737792,5.53045772893E-05));
#1360 = CARTESIAN_POINT('',(0.954556045865,5.249692199404E-05));
#1361 = CARTESIAN_POINT('',(0.977267799553,1.935190982244E-05));
#1362 = CARTESIAN_POINT('',(0.992419837565,2.009822820882E-06));
#1363 = CARTESIAN_POINT('',(1.,0.));
#1364 = ( GEOMETRIC_REPRESENTATION_CONTEXT(2) 
PARAMETRIC_REPRESENTATION_CONTEXT() REPRESENTATION_CONTEXT('2D SPACE',''
  ) );
#1365 = ADVANCED_FACE('',(#1366),#805,.T.);
#1366 = FACE_BOUND('',#1367,.T.);
#1367 = EDGE_LOOP('',(#1368,#1369,#1370,#1371,#1455,#1642,#1723));
#1368 = ORIENTED_EDGE('',*,*,#788,.F.);
#1369 = ORIENTED_EDGE('',*,*,#1322,.T.);
#1370 = ORIENTED_EDGE('',*,*,#1296,.T.);
#1371 = ORIENTED_EDGE('',*,*,#1372,.T.);
#1372 = EDGE_CURVE('',#1213,#1373,#1375,.T.);
#1373 = VERTEX_POINT('',#1374);
#1374 = CARTESIAN_POINT('',(4.745176429994,-7.582886964843E-02,
    2.686470453412));
#1375 = SURFACE_CURVE('',#1376,(#1384,#1413),.PCURVE_S1.);
#1376 = B_SPLINE_CURVE_WITH_KNOTS('',3,(#1377,#1378,#1379,#1380,#1381,
    #1382,#1383),.UNSPECIFIED.,.F.,.F.,(4,3,4),(-7.980100826939E-06,0.,
    1.297206800031E-04),.UNSPECIFIED.);
#1377 = CARTESIAN_POINT('',(4.75,2.839022583576E-16,2.801304834898));
#1378 = CARTESIAN_POINT('',(4.75,-1.473417842648E-03,2.799090152379));
#1379 = CARTESIAN_POINT('',(4.749994636232,-2.947260728879E-03,
    2.796875746072));
#1380 = CARTESIAN_POINT('',(4.749983903323,-4.420244535592E-03,
    2.794660800856));
#1381 = CARTESIAN_POINT('',(4.749809434321,-2.836436067952E-02,
    2.75865571698));
#1382 = CARTESIAN_POINT('',(4.748215911423,-5.220766678815E-02,
    2.722560861145));
#1383 = CARTESIAN_POINT('',(4.745176429994,-7.582886964843E-02,
    2.686470453412));
#1384 = PCURVE('',#805,#1385);
#1385 = DEFINITIONAL_REPRESENTATION('',(#1386),#1412);
#1386 = B_SPLINE_CURVE_WITH_KNOTS('',3,(#1387,#1388,#1389,#1390,#1391,
    #1392,#1393,#1394,#1395,#1396,#1397,#1398,#1399,#1400,#1401,#1402,
    #1403,#1404,#1405,#1406,#1407,#1408,#1409,#1410,#1411),
  .UNSPECIFIED.,.F.,.F.,(4,1,1,1,1,1,1,1,1,1,1,1,1,1,1,1,1,1,1,1,1,1,4),
  (-7.980100826939E-06,-1.720974425573E-06,4.538151975792E-06,
    1.079727837716E-05,1.705640477852E-05,2.331553117989E-05,
    2.957465758125E-05,3.583378398262E-05,4.209291038398E-05,
    4.835203678535E-05,5.461116318671E-05,6.087028958808E-05,
    6.712941598944E-05,7.338854239081E-05,7.964766879217E-05,
    8.590679519354E-05,9.21659215949E-05,9.842504799627E-05,
    1.046841743976E-04,1.10943300799E-04,1.172024272004E-04,
    1.234615536017E-04,1.297206800031E-04),.UNSPECIFIED.);
#1387 = CARTESIAN_POINT('',(1.,1.));
#1388 = CARTESIAN_POINT('',(0.99977268562,0.999121097183));
#1389 = CARTESIAN_POINT('',(0.999317311159,0.997364624083));
#1390 = CARTESIAN_POINT('',(0.998632005181,0.994733778163));
#1391 = CARTESIAN_POINT('',(0.997944453085,0.99210658072));
#1392 = CARTESIAN_POINT('',(0.997254634318,0.98948310131));
#1393 = CARTESIAN_POINT('',(0.996562550276,0.986863317584));
#1394 = CARTESIAN_POINT('',(0.995868196291,0.984247232125));
#1395 = CARTESIAN_POINT('',(0.995171569137,0.981634841153));
#1396 = CARTESIAN_POINT('',(0.994472665018,0.979026142911));
#1397 = CARTESIAN_POINT('',(0.993771480101,0.976421135425));
#1398 = CARTESIAN_POINT('',(0.993068010374,0.973819817109));
#1399 = CARTESIAN_POINT('',(0.992362251682,0.97122218661));
#1400 = CARTESIAN_POINT('',(0.991654199712,0.96862824285));
#1401 = CARTESIAN_POINT('',(0.990943849998,0.966037985025));
#1402 = CARTESIAN_POINT('',(0.990231197914,0.963451412608));
#1403 = CARTESIAN_POINT('',(0.989516238678,0.960868525353));
#1404 = CARTESIAN_POINT('',(0.988798967342,0.958289323302));
#1405 = CARTESIAN_POINT('',(0.988079378799,0.955713806785));
#1406 = CARTESIAN_POINT('',(0.987357467775,0.953141976427));
#1407 = CARTESIAN_POINT('',(0.98663322883,0.950573833149));
#1408 = CARTESIAN_POINT('',(0.98590665635,0.948009378184));
#1409 = CARTESIAN_POINT('',(0.985177744569,0.945448613038));
#1410 = CARTESIAN_POINT('',(0.984690239843,0.943743897444));
#1411 = CARTESIAN_POINT('',(0.984446095607,0.942892155241));
#1412 = ( GEOMETRIC_REPRESENTATION_CONTEXT(2) 
PARAMETRIC_REPRESENTATION_CONTEXT() REPRESENTATION_CONTEXT('2D SPACE',''
  ) );
#1413 = PCURVE('',#1414,#1427);
#1414 = ( BOUNDED_SURFACE() B_SPLINE_SURFACE(3,2,(
    (#1415,#1416,#1417)
    ,(#1418,#1419,#1420)
    ,(#1421,#1422,#1423)
    ,(#1424,#1425,#1426
)),.UNSPECIFIED.,.F.,.F.,.F.) B_SPLINE_SURFACE_WITH_KNOTS((4,4),(3,3),(
    0.,1.595594504926E-04),(0.,1.),.PIECEWISE_BEZIER_KNOTS.) 
GEOMETRIC_REPRESENTATION_ITEM() RATIONAL_B_SPLINE_SURFACE((
    (1.,0.998669850759,1.)
    ,(1.,0.99955711872,1.)
    ,(1.,0.999999770687,1.)
,(1.,1.,1.))) REPRESENTATION_ITEM('') SURFACE() );
#1415 = CARTESIAN_POINT('',(4.745426812626,-0.1,2.705777557614));
#1416 = CARTESIAN_POINT('',(4.744505259965,-8.788221935069E-02,
    2.696174664558));
#1417 = CARTESIAN_POINT('',(4.745176429994,-7.58288696484E-02,
    2.686470453412));
#1418 = CARTESIAN_POINT('',(4.748486198034,-6.685486228692E-02,
    2.737657397093));
#1419 = CARTESIAN_POINT('',(4.748172544067,-5.88504339876E-02,
    2.731157653926));
#1420 = CARTESIAN_POINT('',(4.748397786828,-5.079422896392E-02,
    2.724720424228));
#1421 = CARTESIAN_POINT('',(4.75,-3.350096048538E-02,2.769498556091));
#1422 = CARTESIAN_POINT('',(4.750000001004,-2.949218973586E-02,
    2.766250719509));
#1423 = CARTESIAN_POINT('',(4.75,-2.548385999808E-02,2.763002957474));
#1424 = CARTESIAN_POINT('',(4.75,2.839022583576E-16,2.801304834898));
#1425 = CARTESIAN_POINT('',(4.75,2.703497312015E-16,2.801304834898));
#1426 = CARTESIAN_POINT('',(4.75,2.567972040455E-16,2.801304834898));
#1427 = DEFINITIONAL_REPRESENTATION('',(#1428),#1454);
#1428 = B_SPLINE_CURVE_WITH_KNOTS('',3,(#1429,#1430,#1431,#1432,#1433,
    #1434,#1435,#1436,#1437,#1438,#1439,#1440,#1441,#1442,#1443,#1444,
    #1445,#1446,#1447,#1448,#1449,#1450,#1451,#1452,#1453),
  .UNSPECIFIED.,.F.,.F.,(4,1,1,1,1,1,1,1,1,1,1,1,1,1,1,1,1,1,1,1,1,1,4),
  (-7.980100826939E-06,-1.720974425573E-06,4.538151975792E-06,
    1.079727837716E-05,1.705640477852E-05,2.331553117989E-05,
    2.957465758125E-05,3.583378398262E-05,4.209291038398E-05,
    4.835203678535E-05,5.461116318671E-05,6.087028958808E-05,
    6.712941598944E-05,7.338854239081E-05,7.964766879217E-05,
    8.590679519354E-05,9.21659215949E-05,9.842504799627E-05,
    1.046841743976E-04,1.10943300799E-04,1.172024272004E-04,
    1.234615536017E-04,1.297206800031E-04),.UNSPECIFIED.);
#1429 = CARTESIAN_POINT('',(1.595594504926E-04,0.999405975755));
#1430 = CARTESIAN_POINT('',(1.571473439874E-04,0.999403128468));
#1431 = CARTESIAN_POINT('',(1.523226441182E-04,0.999402824867));
#1432 = CARTESIAN_POINT('',(1.450839523571E-04,0.999421274793));
#1433 = CARTESIAN_POINT('',(1.378433121086E-04,0.999489855157));
#1434 = CARTESIAN_POINT('',(1.306008548658E-04,0.999540066603));
#1435 = CARTESIAN_POINT('',(1.233566302329E-04,0.999591041839));
#1436 = CARTESIAN_POINT('',(1.161107098648E-04,0.999637914952));
#1437 = CARTESIAN_POINT('',(1.088631596058E-04,0.999682105277));
#1438 = CARTESIAN_POINT('',(1.016140469428E-04,0.999723294086));
#1439 = CARTESIAN_POINT('',(9.436343899736E-05,0.999761604341));
#1440 = CARTESIAN_POINT('',(8.711140305143E-05,0.999797028441));
#1441 = CARTESIAN_POINT('',(7.985800639487E-05,0.999829586864));
#1442 = CARTESIAN_POINT('',(7.26033163543E-05,0.999859288283));
#1443 = CARTESIAN_POINT('',(6.534740027319E-05,0.999886141659));
#1444 = CARTESIAN_POINT('',(5.809032550499E-05,0.999910153791));
#1445 = CARTESIAN_POINT('',(5.083215940261E-05,0.999931330447));
#1446 = CARTESIAN_POINT('',(4.35729693087E-05,0.999949676345));
#1447 = CARTESIAN_POINT('',(3.631282254571E-05,0.999965195351));
#1448 = CARTESIAN_POINT('',(2.905178640566E-05,0.999977890537));
#1449 = CARTESIAN_POINT('',(2.17899281407E-05,0.999987764255));
#1450 = CARTESIAN_POINT('',(1.452731495018E-05,0.999994818146));
#1451 = CARTESIAN_POINT('',(7.264013980417E-06,0.999999053247));
#1452 = CARTESIAN_POINT('',(2.421399511237E-06,0.999999997553));
#1453 = CARTESIAN_POINT('',(0.,1.));
#1454 = ( GEOMETRIC_REPRESENTATION_CONTEXT(2) 
PARAMETRIC_REPRESENTATION_CONTEXT() REPRESENTATION_CONTEXT('2D SPACE',''
  ) );
#1455 = ORIENTED_EDGE('',*,*,#1456,.T.);
#1456 = EDGE_CURVE('',#1373,#1457,#1459,.T.);
#1457 = VERTEX_POINT('',#1458);
#1458 = CARTESIAN_POINT('',(3.596982411943,-0.117732905211,1.72474082886
    ));
#1459 = SURFACE_CURVE('',#1460,(#1479,#1530),.PCURVE_S1.);
#1460 = B_SPLINE_CURVE_WITH_KNOTS('',3,(#1461,#1462,#1463,#1464,#1465,
    #1466,#1467,#1468,#1469,#1470,#1471,#1472,#1473,#1474,#1475,#1476,
    #1477,#1478),.UNSPECIFIED.,.F.,.F.,(4,2,2,2,2,2,2,2,4),(0.,
    2.53528218591E-04,5.070564371821E-04,7.605846557731E-04,
    1.014112874364E-03,1.267641092955E-03,1.521169311546E-03,
    1.774697530137E-03,2.028225748728E-03),.UNSPECIFIED.);
#1461 = CARTESIAN_POINT('',(4.745176429994,-7.582886964843E-02,
    2.686470453412));
#1462 = CARTESIAN_POINT('',(4.739102942697,-0.123028722271,
    2.614354654052));
#1463 = CARTESIAN_POINT('',(4.726095776604,-0.184754811753,
    2.557733918124));
#1464 = CARTESIAN_POINT('',(4.68235744039,-0.304715617721,2.44577153966)
  );
#1465 = CARTESIAN_POINT('',(4.65173198647,-0.364730921209,2.392873821262
    ));
#1466 = CARTESIAN_POINT('',(4.573144769096,-0.471807494874,
    2.287620724351));
#1467 = CARTESIAN_POINT('',(4.52460518915,-0.51870880972,2.233878281759)
  );
#1468 = CARTESIAN_POINT('',(4.413886882712,-0.591995875316,
    2.130791072797));
#1469 = CARTESIAN_POINT('',(4.349763635534,-0.619964246625,
    2.079860253059));
#1470 = CARTESIAN_POINT('',(4.214256838504,-0.64777114687,1.982753872909
    ));
#1471 = CARTESIAN_POINT('',(4.142413077191,-0.646765749561,
    1.934516716108));
#1472 = CARTESIAN_POINT('',(4.000967851885,-0.611655762856,
    1.847354041427));
#1473 = CARTESIAN_POINT('',(3.930334596016,-0.578212057522,
    1.808621375731));
#1474 = CARTESIAN_POINT('',(3.803442305213,-0.483383270687,
    1.748123446213));
#1475 = CARTESIAN_POINT('',(3.747369152569,-0.420329289135,
    1.725056322134));
#1476 = CARTESIAN_POINT('',(3.657801726569,-0.277055143394,
    1.704959569514));
#1477 = CARTESIAN_POINT('',(3.624227636553,-0.197287830902,1.70720619302
    ));
#1478 = CARTESIAN_POINT('',(3.596982411943,-0.117732905211,1.72474082886
    ));
#1479 = PCURVE('',#805,#1480);
#1480 = DEFINITIONAL_REPRESENTATION('',(#1481),#1529);
#1481 = B_SPLINE_CURVE_WITH_KNOTS('',3,(#1482,#1483,#1484,#1485,#1486,
    #1487,#1488,#1489,#1490,#1491,#1492,#1493,#1494,#1495,#1496,#1497,
    #1498,#1499,#1500,#1501,#1502,#1503,#1504,#1505,#1506,#1507,#1508,
    #1509,#1510,#1511,#1512,#1513,#1514,#1515,#1516,#1517,#1518,#1519,
    #1520,#1521,#1522,#1523,#1524,#1525,#1526,#1527,#1528),
  .UNSPECIFIED.,.F.,.F.,(4,1,1,1,1,1,1,1,1,1,1,1,1,1,1,1,1,1,1,1,1,1,1,1
    ,1,1,1,1,1,1,1,1,1,1,1,1,1,1,1,1,1,1,1,1,4),(0.,4.609603974383E-05,
    9.219207948765E-05,1.382881192315E-04,1.843841589753E-04,
    2.304801987191E-04,2.76576238463E-04,3.226722782068E-04,
    3.687683179506E-04,4.148643576944E-04,4.609603974383E-04,
    5.070564371821E-04,5.531524769259E-04,5.992485166698E-04,
    6.453445564136E-04,6.914405961574E-04,7.375366359012E-04,
    7.836326756451E-04,8.297287153889E-04,8.758247551327E-04,
    9.219207948765E-04,9.680168346204E-04,1.014112874364E-03,
    1.060208914108E-03,1.106304953852E-03,1.152400993596E-03,
    1.19849703334E-03,1.244593073083E-03,1.290689112827E-03,
    1.336785152571E-03,1.382881192315E-03,1.428977232059E-03,
    1.475073271802E-03,1.521169311546E-03,1.56726535129E-03,
    1.613361391034E-03,1.659457430778E-03,1.705553470522E-03,
    1.751649510265E-03,1.797745550009E-03,1.843841589753E-03,
    1.889937629497E-03,1.936033669241E-03,1.982129708985E-03,
    2.028225748728E-03),.QUASI_UNIFORM_KNOTS.);
#1482 = CARTESIAN_POINT('',(0.984446095607,0.942892155241));
#1483 = CARTESIAN_POINT('',(0.982607973463,0.936477535948));
#1484 = CARTESIAN_POINT('',(0.978682494308,0.924270698732));
#1485 = CARTESIAN_POINT('',(0.972147431043,0.907593799328));
#1486 = CARTESIAN_POINT('',(0.96506574351,0.892325162155));
#1487 = CARTESIAN_POINT('',(0.957539891297,0.878209055785));
#1488 = CARTESIAN_POINT('',(0.949665120069,0.864990219261));
#1489 = CARTESIAN_POINT('',(0.941548562262,0.852313145818));
#1490 = CARTESIAN_POINT('',(0.933170752265,0.840328712325));
#1491 = CARTESIAN_POINT('',(0.924559622405,0.828979223481));
#1492 = CARTESIAN_POINT('',(0.915739663262,0.818212355208));
#1493 = CARTESIAN_POINT('',(0.906732779199,0.807961583607));
#1494 = CARTESIAN_POINT('',(0.897561374627,0.798188886097));
#1495 = CARTESIAN_POINT('',(0.888232082914,0.788734915935));
#1496 = CARTESIAN_POINT('',(0.878740677761,0.779570777673));
#1497 = CARTESIAN_POINT('',(0.869098309533,0.770793261921));
#1498 = CARTESIAN_POINT('',(0.859319858626,0.762440744714));
#1499 = CARTESIAN_POINT('',(0.849415956698,0.754538462054));
#1500 = CARTESIAN_POINT('',(0.8394110615,0.747125337414));
#1501 = CARTESIAN_POINT('',(0.829161883234,0.74015269299));
#1502 = CARTESIAN_POINT('',(0.818714180899,0.733623043076));
#1503 = CARTESIAN_POINT('',(0.808090821567,0.727531170942));
#1504 = CARTESIAN_POINT('',(0.797317713229,0.721852821118));
#1505 = CARTESIAN_POINT('',(0.786420855158,0.716614448942));
#1506 = CARTESIAN_POINT('',(0.775405541163,0.711632376619));
#1507 = CARTESIAN_POINT('',(0.764256783919,0.706811744996));
#1508 = CARTESIAN_POINT('',(0.752980455545,0.70226646389));
#1509 = CARTESIAN_POINT('',(0.741582903442,0.698061674738));
#1510 = CARTESIAN_POINT('',(0.730079412277,0.694237132266));
#1511 = CARTESIAN_POINT('',(0.71847975314,0.690801818214));
#1512 = CARTESIAN_POINT('',(0.706725824822,0.687952827983));
#1513 = CARTESIAN_POINT('',(0.694850559178,0.685715919311));
#1514 = CARTESIAN_POINT('',(0.682876700774,0.684135531451));
#1515 = CARTESIAN_POINT('',(0.670827805973,0.683234550608));
#1516 = CARTESIAN_POINT('',(0.658733191529,0.683090439866));
#1517 = CARTESIAN_POINT('',(0.646591754144,0.683579367109));
#1518 = CARTESIAN_POINT('',(0.634386577309,0.684717656144));
#1519 = CARTESIAN_POINT('',(0.622148266463,0.686716953416));
#1520 = CARTESIAN_POINT('',(0.609920280234,0.689722295748));
#1521 = CARTESIAN_POINT('',(0.597749298049,0.693887404226));
#1522 = CARTESIAN_POINT('',(0.585676280878,0.699386779814));
#1523 = CARTESIAN_POINT('',(0.573741443493,0.706299044734));
#1524 = CARTESIAN_POINT('',(0.56195932901,0.714883137776));
#1525 = CARTESIAN_POINT('',(0.55037032976,0.725383983956));
#1526 = CARTESIAN_POINT('',(0.539027142001,0.738065522176));
#1527 = CARTESIAN_POINT('',(0.53167326373,0.748164494335));
#1528 = CARTESIAN_POINT('',(0.52805881934,0.75367177703));
#1529 = ( GEOMETRIC_REPRESENTATION_CONTEXT(2) 
PARAMETRIC_REPRESENTATION_CONTEXT() REPRESENTATION_CONTEXT('2D SPACE',''
  ) );
#1530 = PCURVE('',#1531,#1592);
#1531 = ( BOUNDED_SURFACE() B_SPLINE_SURFACE(3,2,(
    (#1532,#1533,#1534)
    ,(#1535,#1536,#1537)
    ,(#1538,#1539,#1540)
    ,(#1541,#1542,#1543)
    ,(#1544,#1545,#1546)
    ,(#1547,#1548,#1549)
    ,(#1550,#1551,#1552)
    ,(#1553,#1554,#1555)
    ,(#1556,#1557,#1558)
    ,(#1559,#1560,#1561)
    ,(#1562,#1563,#1564)
    ,(#1565,#1566,#1567)
    ,(#1568,#1569,#1570)
    ,(#1571,#1572,#1573)
    ,(#1574,#1575,#1576)
    ,(#1577,#1578,#1579)
    ,(#1580,#1581,#1582)
    ,(#1583,#1584,#1585)
    ,(#1586,#1587,#1588)
    ,(#1589,#1590,#1591
)),.UNSPECIFIED.,.F.,.F.,.F.) B_SPLINE_SURFACE_WITH_KNOTS((4,2,2,2,2,2,2
    ,2,2,4),(3,3),(-5.828941929825E-17,1.751820742287E-04,
    3.503641484574E-04,7.007282969148E-04,1.051092445372E-03,
    1.40145659383E-03,1.751820742287E-03,2.102184890745E-03,
    2.452549039202E-03,2.80291318766E-03),(0.,1.),.UNSPECIFIED.) 
GEOMETRIC_REPRESENTATION_ITEM() RATIONAL_B_SPLINE_SURFACE((
    (1.,0.998669850759,1.)
    ,(1.,0.998123194733,1.)
    ,(1.,0.997417946519,1.)
    ,(1.,0.995775418659,1.)
    ,(1.,0.994837262872,1.)
    ,(1.,0.991666923431,1.)
    ,(1.,0.989162948618,1.)
    ,(1.,0.982703838846,1.)
    ,(1.,0.97879481749,1.)
    ,(1.,0.970320527022,1.)
    ,(1.,0.96557160193,1.)
    ,(1.,0.954722784614,1.)
    ,(1.,0.948071607209,1.)
    ,(1.,0.935998232653,1.)
    ,(1.,0.930322168202,1.)
    ,(1.,0.922424888455,1.)
    ,(1.,0.919784401147,1.)
    ,(1.,0.922899057581,1.)
    ,(1.,0.928426913866,1.)
,(1.,0.939424215956,1.))) REPRESENTATION_ITEM('') SURFACE() );
#1532 = CARTESIAN_POINT('',(4.745176429994,-7.582886964843E-02,
    2.686470453412));
#1533 = CARTESIAN_POINT('',(4.744505259965,-8.788221935067E-02,
    2.696174664557));
#1534 = CARTESIAN_POINT('',(4.745426812626,-9.999999999993E-02,
    2.705777557613));
#1535 = CARTESIAN_POINT('',(4.741570417701,-0.103853028124,
    2.643653609203));
#1536 = CARTESIAN_POINT('',(4.740661371023,-0.117096896701,
    2.656898020107));
#1537 = CARTESIAN_POINT('',(4.741994113332,-0.130448420528,
    2.670007660113));
#1538 = CARTESIAN_POINT('',(4.735676499892,-0.136760624641,
    2.608179860693));
#1539 = CARTESIAN_POINT('',(4.734426614978,-0.151240401595,
    2.624459311837));
#1540 = CARTESIAN_POINT('',(4.73626930787,-0.16593658737,2.640475491825)
  );
#1541 = CARTESIAN_POINT('',(4.7189322505,-0.202798721874,2.54069080454)
  );
#1542 = CARTESIAN_POINT('',(4.716817027012,-0.219728543692,
    2.562684167361));
#1543 = CARTESIAN_POINT('',(4.719682767563,-0.237396859684,
    2.583998975046));
#1544 = CARTESIAN_POINT('',(4.708078142255,-0.236504969179,
    2.509194860932));
#1545 = CARTESIAN_POINT('',(4.705430066748,-0.254660648218,
    2.533856800194));
#1546 = CARTESIAN_POINT('',(4.70883376494,-0.273919150237,2.55756734959)
  );
#1547 = CARTESIAN_POINT('',(4.667683146806,-0.336141991963,
    2.417419055833));
#1548 = CARTESIAN_POINT('',(4.663064267295,-0.358125334679,
    2.449777256424));
#1549 = CARTESIAN_POINT('',(4.667973947026,-0.382640807944,
    2.480215945504));
#1550 = CARTESIAN_POINT('',(4.630864579077,-0.39911206994,2.361321615239
    ));
#1551 = CARTESIAN_POINT('',(4.624474672768,-0.423690530154,
    2.398365200563));
#1552 = CARTESIAN_POINT('',(4.630308757914,-0.452448926536,
    2.432461020466));
#1553 = CARTESIAN_POINT('',(4.540058676368,-0.505659380594,
    2.250212992121));
#1554 = CARTESIAN_POINT('',(4.528123888635,-0.536003811211,
    2.296772080767));
#1555 = CARTESIAN_POINT('',(4.53342016384,-0.576224564277,2.336628085642
    ));
#1556 = CARTESIAN_POINT('',(4.48645222086,-0.54865347519,2.195745355537)
  );
#1557 = CARTESIAN_POINT('',(4.470737164343,-0.581686308206,
    2.247098823243));
#1558 = CARTESIAN_POINT('',(4.474901852768,-0.628660434267,2.28916292847
    ));
#1559 = CARTESIAN_POINT('',(4.366165854487,-0.613476077231,
    2.092038192822));
#1560 = CARTESIAN_POINT('',(4.34305529252,-0.650066623069,2.153287168902
    ));
#1561 = CARTESIAN_POINT('',(4.342216073902,-0.710160119435,
    2.198274831151));
#1562 = CARTESIAN_POINT('',(4.298338747648,-0.634984751688,
    2.041883152013));
#1563 = CARTESIAN_POINT('',(4.270955406143,-0.672690443294,
    2.108208353325));
#1564 = CARTESIAN_POINT('',(4.266167392819,-0.739895303725,
    2.153883353182));
#1565 = CARTESIAN_POINT('',(4.16489852083,-0.648017862312,1.950008883234
    ));
#1566 = CARTESIAN_POINT('',(4.1276997799,-0.686204884554,2.027065996874)
  );
#1567 = CARTESIAN_POINT('',(4.108933505928,-0.76634343619,2.072287621064
    ));
#1568 = CARTESIAN_POINT('',(4.097388676253,-0.6394738418,1.905648345037)
  );
#1569 = CARTESIAN_POINT('',(4.054188630542,-0.676307919236,
    1.988959863536));
#1570 = CARTESIAN_POINT('',(4.024888234706,-0.762697618722,
    2.033063674699));
#1571 = CARTESIAN_POINT('',(3.966040681772,-0.595719882633,
    1.827925070163));
#1572 = CARTESIAN_POINT('',(3.915460911701,-0.628527654749,
    1.923482730704));
#1573 = CARTESIAN_POINT('',(3.863988384017,-0.720391476434,
    1.965425440762));
#1574 = CARTESIAN_POINT('',(3.90129455623,-0.559895290563,1.793959856774
    ));
#1575 = CARTESIAN_POINT('',(3.848845459618,-0.589996134559,
    1.895669497163));
#1576 = CARTESIAN_POINT('',(3.784656532446,-0.681614128831,
    1.936234762329));
#1577 = CARTESIAN_POINT('',(3.788277458962,-0.467054277278,
    1.742102353803));
#1578 = CARTESIAN_POINT('',(3.733504656096,-0.491883049273,
    1.852443219335));
#1579 = CARTESIAN_POINT('',(3.645595179552,-0.573846373366,
    1.890987090177));
#1580 = CARTESIAN_POINT('',(3.739755262983,-0.409499776819,
    1.722779035347));
#1581 = CARTESIAN_POINT('',(3.684958333655,-0.431707818474,
    1.836319323993));
#1582 = CARTESIAN_POINT('',(3.585151008752,-0.503426491157,
    1.874164303619));
#1583 = CARTESIAN_POINT('',(3.657124566156,-0.274480291299,
    1.705436113598));
#1584 = CARTESIAN_POINT('',(3.602438150595,-0.29341127188,1.816434470741
    ));
#1585 = CARTESIAN_POINT('',(3.492444938025,-0.342006349764,
    1.853412108938));
#1586 = CARTESIAN_POINT('',(3.62419700783,-0.197198630436,1.707225980503
    ));
#1587 = CARTESIAN_POINT('',(3.569195485704,-0.216234278584,
    1.812823475961));
#1588 = CARTESIAN_POINT('',(3.459282356489,-0.250687995277,
    1.849477376735));
#1589 = CARTESIAN_POINT('',(3.596982411944,-0.117732905211,
    1.724740828858));
#1590 = CARTESIAN_POINT('',(3.541289671171,-0.132894252229,
    1.817742933213));
#1591 = CARTESIAN_POINT('',(3.439954944421,-0.156425635976,
    1.851779477781));
#1592 = DEFINITIONAL_REPRESENTATION('',(#1593),#1641);
#1593 = B_SPLINE_CURVE_WITH_KNOTS('',3,(#1594,#1595,#1596,#1597,#1598,
    #1599,#1600,#1601,#1602,#1603,#1604,#1605,#1606,#1607,#1608,#1609,
    #1610,#1611,#1612,#1613,#1614,#1615,#1616,#1617,#1618,#1619,#1620,
    #1621,#1622,#1623,#1624,#1625,#1626,#1627,#1628,#1629,#1630,#1631,
    #1632,#1633,#1634,#1635,#1636,#1637,#1638,#1639,#1640),
  .UNSPECIFIED.,.F.,.F.,(4,1,1,1,1,1,1,1,1,1,1,1,1,1,1,1,1,1,1,1,1,1,1,1
    ,1,1,1,1,1,1,1,1,1,1,1,1,1,1,1,1,1,1,1,1,4),(0.,4.609603974383E-05,
    9.219207948765E-05,1.382881192315E-04,1.843841589753E-04,
    2.304801987191E-04,2.76576238463E-04,3.226722782068E-04,
    3.687683179506E-04,4.148643576944E-04,4.609603974383E-04,
    5.070564371821E-04,5.531524769259E-04,5.992485166698E-04,
    6.453445564136E-04,6.914405961574E-04,7.375366359012E-04,
    7.836326756451E-04,8.297287153889E-04,8.758247551327E-04,
    9.219207948765E-04,9.680168346204E-04,1.014112874364E-03,
    1.060208914108E-03,1.106304953852E-03,1.152400993596E-03,
    1.19849703334E-03,1.244593073083E-03,1.290689112827E-03,
    1.336785152571E-03,1.382881192315E-03,1.428977232059E-03,
    1.475073271802E-03,1.521169311546E-03,1.56726535129E-03,
    1.613361391034E-03,1.659457430778E-03,1.705553470522E-03,
    1.751649510265E-03,1.797745550009E-03,1.843841589753E-03,
    1.889937629497E-03,1.936033669241E-03,1.982129708985E-03,
    2.028225748728E-03),.QUASI_UNIFORM_KNOTS.);
#1594 = CARTESIAN_POINT('',(-5.828941929825E-17,0.));
#1595 = CARTESIAN_POINT('',(1.789019802938E-05,-1.195472239624E-04));
#1596 = CARTESIAN_POINT('',(5.400516256548E-05,-2.20468859996E-04));
#1597 = CARTESIAN_POINT('',(1.090356497233E-04,-1.435053094652E-04));
#1598 = CARTESIAN_POINT('',(1.647637735314E-04,-1.420255873131E-04));
#1599 = CARTESIAN_POINT('',(2.210807154752E-04,-1.080586199612E-04));
#1600 = CARTESIAN_POINT('',(2.779073919407E-04,-1.548357966459E-04));
#1601 = CARTESIAN_POINT('',(3.351727601597E-04,7.079449837811E-05));
#1602 = CARTESIAN_POINT('',(3.926951100513E-04,-1.901915208848E-04));
#1603 = CARTESIAN_POINT('',(4.508812622277E-04,2.149064166855E-04));
#1604 = CARTESIAN_POINT('',(5.095806712726E-04,4.130234877349E-04));
#1605 = CARTESIAN_POINT('',(5.687860981878E-04,4.061415307838E-04));
#1606 = CARTESIAN_POINT('',(6.284097491996E-04,2.067521604893E-04));
#1607 = CARTESIAN_POINT('',(6.885759707131E-04,-1.365514867927E-04));
#1608 = CARTESIAN_POINT('',(7.493480304551E-04,-3.951187214061E-05));
#1609 = CARTESIAN_POINT('',(8.107062886824E-04,-5.822702696995E-05));
#1610 = CARTESIAN_POINT('',(8.724399296357E-04,-5.683179738054E-05));
#1611 = CARTESIAN_POINT('',(9.344183209217E-04,-2.256368238523E-05));
#1612 = CARTESIAN_POINT('',(9.963764405973E-04,-1.421769265576E-04));
#1613 = CARTESIAN_POINT('',(1.059149910846E-03,3.187814410953E-04));
#1614 = CARTESIAN_POINT('',(1.122148316122E-03,3.485355829626E-04));
#1615 = CARTESIAN_POINT('',(1.185395007711E-03,2.484358643911E-04));
#1616 = CARTESIAN_POINT('',(1.24906323386E-03,1.842680510913E-05));
#1617 = CARTESIAN_POINT('',(1.313257780218E-03,-4.964045014887E-05));
#1618 = CARTESIAN_POINT('',(1.3784399143E-03,-2.92279027936E-05));
#1619 = CARTESIAN_POINT('',(1.445100567886E-03,-3.279284883315E-05));
#1620 = CARTESIAN_POINT('',(1.512087442144E-03,-2.947530147676E-05));
#1621 = CARTESIAN_POINT('',(1.579473081201E-03,-3.030200561699E-05));
#1622 = CARTESIAN_POINT('',(1.647139316688E-03,-2.216607892876E-05));
#1623 = CARTESIAN_POINT('',(1.71504921947E-03,-4.65717626446E-05));
#1624 = CARTESIAN_POINT('',(1.783396472045E-03,1.466038054889E-04));
#1625 = CARTESIAN_POINT('',(1.85161656071E-03,1.147639690879E-04));
#1626 = CARTESIAN_POINT('',(1.919896552359E-03,3.423181220483E-05));
#1627 = CARTESIAN_POINT('',(1.988387950008E-03,-3.774573019876E-05));
#1628 = CARTESIAN_POINT('',(2.0571676399E-03,-1.765913795061E-05));
#1629 = CARTESIAN_POINT('',(2.126760557062E-03,-2.220820752317E-05));
#1630 = CARTESIAN_POINT('',(2.197002328001E-03,-2.116618358596E-05));
#1631 = CARTESIAN_POINT('',(2.267361281516E-03,-1.876881935752E-05));
#1632 = CARTESIAN_POINT('',(2.337432005022E-03,-2.835317635519E-05));
#1633 = CARTESIAN_POINT('',(2.406808260876E-03,7.59090681925E-06));
#1634 = CARTESIAN_POINT('',(2.475059119877E-03,-1.404268710928E-05));
#1635 = CARTESIAN_POINT('',(2.542255782312E-03,-1.326948240037E-05));
#1636 = CARTESIAN_POINT('',(2.608579451569E-03,6.780323999458E-05));
#1637 = CARTESIAN_POINT('',(2.674106888886E-03,8.750374624983E-05));
#1638 = CARTESIAN_POINT('',(2.738912521866E-03,3.969397871093E-05));
#1639 = CARTESIAN_POINT('',(2.781652493251E-03,8.013243278986E-06));
#1640 = CARTESIAN_POINT('',(2.80291318766E-03,0.));
#1641 = ( GEOMETRIC_REPRESENTATION_CONTEXT(2) 
PARAMETRIC_REPRESENTATION_CONTEXT() REPRESENTATION_CONTEXT('2D SPACE',''
  ) );
#1642 = ORIENTED_EDGE('',*,*,#1643,.T.);
#1643 = EDGE_CURVE('',#1457,#1644,#1646,.T.);
#1644 = VERTEX_POINT('',#1645);
#1645 = CARTESIAN_POINT('',(3.581241156979,-7.001649453755E-02,
    1.736973581302));
#1646 = SURFACE_CURVE('',#1647,(#1652,#1681),.PCURVE_S1.);
#1647 = B_SPLINE_CURVE_WITH_KNOTS('',3,(#1648,#1649,#1650,#1651),
  .UNSPECIFIED.,.F.,.F.,(4,4),(2.710505431214E-20,5.171347201396E-05),
  .PIECEWISE_BEZIER_KNOTS.);
#1648 = CARTESIAN_POINT('',(3.596982411943,-0.117732905211,1.72474082886
    ));
#1649 = CARTESIAN_POINT('',(3.591515005248,-0.101768304456,
    1.728259573402));
#1650 = CARTESIAN_POINT('',(3.586337829058,-8.580044645101E-02,
    1.73227960941));
#1651 = CARTESIAN_POINT('',(3.581241156979,-7.001649453755E-02,
    1.736973581302));
#1652 = PCURVE('',#805,#1653);
#1653 = DEFINITIONAL_REPRESENTATION('',(#1654),#1680);
#1654 = B_SPLINE_CURVE_WITH_KNOTS('',3,(#1655,#1656,#1657,#1658,#1659,
    #1660,#1661,#1662,#1663,#1664,#1665,#1666,#1667,#1668,#1669,#1670,
    #1671,#1672,#1673,#1674,#1675,#1676,#1677,#1678,#1679),
  .UNSPECIFIED.,.F.,.F.,(4,1,1,1,1,1,1,1,1,1,1,1,1,1,1,1,1,1,1,1,1,1,4),
  (2.710505431214E-20,2.350612364271E-06,4.701224728542E-06,
    7.051837092813E-06,9.402449457084E-06,1.175306182135E-05,
    1.410367418563E-05,1.64542865499E-05,1.880489891417E-05,
    2.115551127844E-05,2.350612364271E-05,2.585673600698E-05,
    2.820734837125E-05,3.055796073552E-05,3.290857309979E-05,
    3.525918546406E-05,3.760979782834E-05,3.996041019261E-05,
    4.231102255688E-05,4.466163492115E-05,4.701224728542E-05,
    4.936285964969E-05,5.171347201396E-05),.QUASI_UNIFORM_KNOTS.);
#1655 = CARTESIAN_POINT('',(0.52805881934,0.75367177703));
#1656 = CARTESIAN_POINT('',(0.527877515243,0.75394813321));
#1657 = CARTESIAN_POINT('',(0.527515221826,0.754502646157));
#1658 = CARTESIAN_POINT('',(0.526972745195,0.755339984863));
#1659 = CARTESIAN_POINT('',(0.526431251088,0.756183060057));
#1660 = CARTESIAN_POINT('',(0.525890759025,0.757032040036));
#1661 = CARTESIAN_POINT('',(0.525351288841,0.757887093819));
#1662 = CARTESIAN_POINT('',(0.524812860726,0.75874839125));
#1663 = CARTESIAN_POINT('',(0.524275495201,0.759616102975));
#1664 = CARTESIAN_POINT('',(0.523739213117,0.760490400452));
#1665 = CARTESIAN_POINT('',(0.523204035645,0.761371455951));
#1666 = CARTESIAN_POINT('',(0.522669984267,0.762259442558));
#1667 = CARTESIAN_POINT('',(0.522137080771,0.763154534174));
#1668 = CARTESIAN_POINT('',(0.52160534724,0.764056905517));
#1669 = CARTESIAN_POINT('',(0.521074806044,0.764966732126));
#1670 = CARTESIAN_POINT('',(0.520545479834,0.765884190355));
#1671 = CARTESIAN_POINT('',(0.520017391528,0.766809457376));
#1672 = CARTESIAN_POINT('',(0.519490564308,0.767742711179));
#1673 = CARTESIAN_POINT('',(0.518965021606,0.768684130565));
#1674 = CARTESIAN_POINT('',(0.518440787098,0.769633895146));
#1675 = CARTESIAN_POINT('',(0.517917884691,0.770592185338));
#1676 = CARTESIAN_POINT('',(0.517396338523,0.771559182376));
#1677 = CARTESIAN_POINT('',(0.516876172925,0.772535068215));
#1678 = CARTESIAN_POINT('',(0.516530332644,0.773191706663));
#1679 = CARTESIAN_POINT('',(0.516357650788,0.773521568313));
#1680 = ( GEOMETRIC_REPRESENTATION_CONTEXT(2) 
PARAMETRIC_REPRESENTATION_CONTEXT() REPRESENTATION_CONTEXT('2D SPACE',''
  ) );
#1681 = PCURVE('',#1682,#1695);
#1682 = ( BOUNDED_SURFACE() B_SPLINE_SURFACE(3,2,(
    (#1683,#1684,#1685)
    ,(#1686,#1687,#1688)
    ,(#1689,#1690,#1691)
    ,(#1692,#1693,#1694
)),.UNSPECIFIED.,.F.,.F.,.F.) B_SPLINE_SURFACE_WITH_KNOTS((4,4),(3,3),(
    -5.110759634507E-16,6.977190829371E-05),(0.,1.),
.PIECEWISE_BEZIER_KNOTS.) GEOMETRIC_REPRESENTATION_ITEM() 
RATIONAL_B_SPLINE_SURFACE((
    (1.,0.939424215956,1.)
    ,(1.,0.940637992927,1.)
    ,(1.,0.942193657867,1.)
,(1.,0.944221121713,1.))) REPRESENTATION_ITEM('') SURFACE() );
#1683 = CARTESIAN_POINT('',(3.596982411943,-0.117732905211,1.72474082886
    ));
#1684 = CARTESIAN_POINT('',(3.541289671169,-0.132894252229,
    1.817742933215));
#1685 = CARTESIAN_POINT('',(3.43995494442,-0.156425635976,1.851779477783
    ));
#1686 = CARTESIAN_POINT('',(3.591574913785,-0.101943180054,
    1.728220999493));
#1687 = CARTESIAN_POINT('',(3.53527852161,-0.116489124585,1.819543492064
    ));
#1688 = CARTESIAN_POINT('',(3.43443872354,-0.137725567838,1.852784554692
    ));
#1689 = CARTESIAN_POINT('',(3.586413499044,-8.603492180736E-02,
    1.732209941917));
#1690 = CARTESIAN_POINT('',(3.529618876447,-9.994631714559E-02,
    1.821475396219));
#1691 = CARTESIAN_POINT('',(3.429722847209,-0.118914816892,
    1.853903239892));
#1692 = CARTESIAN_POINT('',(3.581241156979,-7.001649453755E-02,
    1.736973581302));
#1693 = CARTESIAN_POINT('',(3.524106144413,-8.31846857396E-02,
    1.82363139875));
#1694 = CARTESIAN_POINT('',(3.425770522615,-1.E-01,1.855170880945));
#1695 = DEFINITIONAL_REPRESENTATION('',(#1696),#1722);
#1696 = B_SPLINE_CURVE_WITH_KNOTS('',3,(#1697,#1698,#1699,#1700,#1701,
    #1702,#1703,#1704,#1705,#1706,#1707,#1708,#1709,#1710,#1711,#1712,
    #1713,#1714,#1715,#1716,#1717,#1718,#1719,#1720,#1721),
  .UNSPECIFIED.,.F.,.F.,(4,1,1,1,1,1,1,1,1,1,1,1,1,1,1,1,1,1,1,1,1,1,4),
  (2.710505431214E-20,2.350612364271E-06,4.701224728542E-06,
    7.051837092813E-06,9.402449457084E-06,1.175306182135E-05,
    1.410367418563E-05,1.64542865499E-05,1.880489891417E-05,
    2.115551127844E-05,2.350612364271E-05,2.585673600698E-05,
    2.820734837125E-05,3.055796073552E-05,3.290857309979E-05,
    3.525918546406E-05,3.760979782834E-05,3.996041019261E-05,
    4.231102255688E-05,4.466163492115E-05,4.701224728542E-05,
    4.936285964969E-05,5.171347201396E-05),.QUASI_UNIFORM_KNOTS.);
#1697 = CARTESIAN_POINT('',(-5.110759634507E-16,0.));
#1698 = CARTESIAN_POINT('',(1.06885870864E-06,8.152384591133E-09));
#1699 = CARTESIAN_POINT('',(3.205861645047E-06,1.597984108537E-07));
#1700 = CARTESIAN_POINT('',(6.409077338019E-06,7.008683417363E-07));
#1701 = CARTESIAN_POINT('',(9.609858880383E-06,1.460169146098E-06));
#1702 = CARTESIAN_POINT('',(1.280806143872E-05,2.35264578983E-06));
#1703 = CARTESIAN_POINT('',(1.600354060761E-05,3.300518113559E-06));
#1704 = CARTESIAN_POINT('',(1.919615248734E-05,4.234611347401E-06));
#1705 = CARTESIAN_POINT('',(2.23857536916E-05,5.094518416121E-06));
#1706 = CARTESIAN_POINT('',(2.557220137221E-05,5.829078671869E-06));
#1707 = CARTESIAN_POINT('',(2.875535323769E-05,6.396775656094E-06));
#1708 = CARTESIAN_POINT('',(3.193506757186E-05,6.766161087562E-06));
#1709 = CARTESIAN_POINT('',(3.51112032509E-05,6.916276711733E-06));
#1710 = CARTESIAN_POINT('',(3.828361975933E-05,6.837082397939E-06));
#1711 = CARTESIAN_POINT('',(4.145217720474E-05,6.529888622476E-06));
#1712 = CARTESIAN_POINT('',(4.461673633159E-05,6.007794867643E-06));
#1713 = CARTESIAN_POINT('',(4.777715853372E-05,5.296133039136E-06));
#1714 = CARTESIAN_POINT('',(5.093330586622E-05,4.432920927951E-06));
#1715 = CARTESIAN_POINT('',(5.408504105556E-05,3.469309595998E-06));
#1716 = CARTESIAN_POINT('',(5.723222751122E-05,2.470087676418E-06));
#1717 = CARTESIAN_POINT('',(6.037472932807E-05,1.514009818971E-06));
#1718 = CARTESIAN_POINT('',(6.351241131902E-05,6.948209429124E-07));
#1719 = CARTESIAN_POINT('',(6.664513893146E-05,1.197257414325E-07));
#1720 = CARTESIAN_POINT('',(6.873023203982E-05,-1.513308043677E-08));
#1721 = CARTESIAN_POINT('',(6.977190829371E-05,0.));
#1722 = ( GEOMETRIC_REPRESENTATION_CONTEXT(2) 
PARAMETRIC_REPRESENTATION_CONTEXT() REPRESENTATION_CONTEXT('2D SPACE',''
  ) );
#1723 = ORIENTED_EDGE('',*,*,#1724,.T.);
#1724 = EDGE_CURVE('',#1644,#789,#1725,.T.);
#1725 = SURFACE_CURVE('',#1726,(#1731,#1760),.PCURVE_S1.);
#1726 = B_SPLINE_CURVE_WITH_KNOTS('',3,(#1727,#1728,#1729,#1730),
  .UNSPECIFIED.,.F.,.F.,(4,4),(3.523657060578E-19,7.23166023425E-05),
  .PIECEWISE_BEZIER_KNOTS.);
#1727 = CARTESIAN_POINT('',(3.581241156979,-7.001649453755E-02,
    1.736973581302));
#1728 = CARTESIAN_POINT('',(3.574055701474,-4.776376130526E-02,
    1.743591296871));
#1729 = CARTESIAN_POINT('',(3.568679564665,-2.411682736237E-02,
    1.748765809586));
#1730 = CARTESIAN_POINT('',(3.568679564665,6.754684937408E-14,
    1.748765809586));
#1731 = PCURVE('',#805,#1732);
#1732 = DEFINITIONAL_REPRESENTATION('',(#1733),#1759);
#1733 = B_SPLINE_CURVE_WITH_KNOTS('',3,(#1734,#1735,#1736,#1737,#1738,
    #1739,#1740,#1741,#1742,#1743,#1744,#1745,#1746,#1747,#1748,#1749,
    #1750,#1751,#1752,#1753,#1754,#1755,#1756,#1757,#1758),
  .UNSPECIFIED.,.F.,.F.,(4,1,1,1,1,1,1,1,1,1,1,1,1,1,1,1,1,1,1,1,1,1,4),
  (3.523657060578E-19,3.287118288296E-06,6.574236576591E-06,
    9.861354864886E-06,1.314847315318E-05,1.643559144148E-05,
    1.972270972977E-05,2.300982801807E-05,2.629694630636E-05,
    2.958406459466E-05,3.287118288295E-05,3.615830117125E-05,
    3.944541945954E-05,4.273253774784E-05,4.601965603613E-05,
    4.930677432443E-05,5.259389261273E-05,5.588101090102E-05,
    5.916812918932E-05,6.245524747761E-05,6.574236576591E-05,
    6.90294840542E-05,7.23166023425E-05),.QUASI_UNIFORM_KNOTS.);
#1734 = CARTESIAN_POINT('',(0.516357650788,0.773521568313));
#1735 = CARTESIAN_POINT('',(0.516114197473,0.773986616362));
#1736 = CARTESIAN_POINT('',(0.51562673368,0.774908020036));
#1737 = CARTESIAN_POINT('',(0.514893967754,0.776260714331));
#1738 = CARTESIAN_POINT('',(0.514159736549,0.777580671689));
#1739 = CARTESIAN_POINT('',(0.513424132053,0.778864537615));
#1740 = CARTESIAN_POINT('',(0.512687237894,0.78010894081));
#1741 = CARTESIAN_POINT('',(0.511949128238,0.781310492223));
#1742 = CARTESIAN_POINT('',(0.511209868222,0.782465787758));
#1743 = CARTESIAN_POINT('',(0.510469513965,0.783571410187));
#1744 = CARTESIAN_POINT('',(0.509728112685,0.784623931466));
#1745 = CARTESIAN_POINT('',(0.508985702775,0.78561991512));
#1746 = CARTESIAN_POINT('',(0.508242313879,0.786555918794));
#1747 = CARTESIAN_POINT('',(0.507497966948,0.787428496926));
#1748 = CARTESIAN_POINT('',(0.506752674279,0.788234203571));
#1749 = CARTESIAN_POINT('',(0.506006439542,0.788969595357));
#1750 = CARTESIAN_POINT('',(0.505259257779,0.789631234581));
#1751 = CARTESIAN_POINT('',(0.504511115381,0.790215692462));
#1752 = CARTESIAN_POINT('',(0.503761990047,0.790719552511));
#1753 = CARTESIAN_POINT('',(0.503011850683,0.791139414177));
#1754 = CARTESIAN_POINT('',(0.502260657388,0.791471896244));
#1755 = CARTESIAN_POINT('',(0.501508360985,0.791713641931));
#1756 = CARTESIAN_POINT('',(0.500754904069,0.791861318505));
#1757 = CARTESIAN_POINT('',(0.500251778863,0.791894865033));
#1758 = CARTESIAN_POINT('',(0.5,0.791894862077));
#1759 = ( GEOMETRIC_REPRESENTATION_CONTEXT(2) 
PARAMETRIC_REPRESENTATION_CONTEXT() REPRESENTATION_CONTEXT('2D SPACE',''
  ) );
#1760 = PCURVE('',#900,#1761);
#1761 = DEFINITIONAL_REPRESENTATION('',(#1762),#1788);
#1762 = B_SPLINE_CURVE_WITH_KNOTS('',3,(#1763,#1764,#1765,#1766,#1767,
    #1768,#1769,#1770,#1771,#1772,#1773,#1774,#1775,#1776,#1777,#1778,
    #1779,#1780,#1781,#1782,#1783,#1784,#1785,#1786,#1787),
  .UNSPECIFIED.,.F.,.F.,(4,1,1,1,1,1,1,1,1,1,1,1,1,1,1,1,1,1,1,1,1,1,4),
  (3.523657060578E-19,3.287118288296E-06,6.574236576591E-06,
    9.861354864886E-06,1.314847315318E-05,1.643559144148E-05,
    1.972270972977E-05,2.300982801807E-05,2.629694630636E-05,
    2.958406459466E-05,3.287118288295E-05,3.615830117125E-05,
    3.944541945954E-05,4.273253774784E-05,4.601965603613E-05,
    4.930677432443E-05,5.259389261273E-05,5.588101090102E-05,
    5.916812918932E-05,6.245524747761E-05,6.574236576591E-05,
    6.90294840542E-05,7.23166023425E-05),.QUASI_UNIFORM_KNOTS.);
#1763 = CARTESIAN_POINT('',(1.999999999992E-04,1.));
#1764 = CARTESIAN_POINT('',(1.985509998982E-04,1.00000003248));
#1765 = CARTESIAN_POINT('',(1.956454563218E-04,0.999998862802));
#1766 = CARTESIAN_POINT('',(1.912651817816E-04,0.999994393691));
#1767 = CARTESIAN_POINT('',(1.8686362553E-04,0.999988255608));
#1768 = CARTESIAN_POINT('',(1.824414422247E-04,0.999981297112));
#1769 = CARTESIAN_POINT('',(1.779992734801E-04,0.9999742431));
#1770 = CARTESIAN_POINT('',(1.735377471233E-04,0.999967681073));
#1771 = CARTESIAN_POINT('',(1.690574792242E-04,0.9999620713));
#1772 = CARTESIAN_POINT('',(1.645590753344E-04,0.99995775124));
#1773 = CARTESIAN_POINT('',(1.600431318803E-04,0.999954942294));
#1774 = CARTESIAN_POINT('',(1.555102374497E-04,0.99995375684));
#1775 = CARTESIAN_POINT('',(1.509609740304E-04,0.999954206193));
#1776 = CARTESIAN_POINT('',(1.46395918175E-04,0.999956209414));
#1777 = CARTESIAN_POINT('',(1.418156420867E-04,0.999959603064));
#1778 = CARTESIAN_POINT('',(1.372207146154E-04,0.999964151924));
#1779 = CARTESIAN_POINT('',(1.32611702152E-04,0.999969560687));
#1780 = CARTESIAN_POINT('',(1.279891694118E-04,0.999975486643));
#1781 = CARTESIAN_POINT('',(1.233536800933E-04,0.999981553241));
#1782 = CARTESIAN_POINT('',(1.187057974008E-04,0.999987364677));
#1783 = CARTESIAN_POINT('',(1.140460844228E-04,0.999992520586));
#1784 = CARTESIAN_POINT('',(1.093751043403E-04,0.999996633779));
#1785 = CARTESIAN_POINT('',(1.046934205043E-04,0.999999339243));
#1786 = CARTESIAN_POINT('',(1.015655376315E-04,1.000000004783));
#1787 = CARTESIAN_POINT('',(9.999999999967E-05,1.));
#1788 = ( GEOMETRIC_REPRESENTATION_CONTEXT(2) 
PARAMETRIC_REPRESENTATION_CONTEXT() REPRESENTATION_CONTEXT('2D SPACE',''
  ) );
#1789 = ADVANCED_FACE('',(#1790),#1805,.T.);
#1790 = FACE_BOUND('',#1791,.T.);
#1791 = EDGE_LOOP('',(#1792,#1900,#1969));
#1792 = ORIENTED_EDGE('',*,*,#1793,.F.);
#1793 = EDGE_CURVE('',#1794,#1796,#1798,.T.);
#1794 = VERTEX_POINT('',#1795);
#1795 = CARTESIAN_POINT('',(4.745426812624,-1.E-01,2.705777557591));
#1796 = VERTEX_POINT('',#1797);
#1797 = CARTESIAN_POINT('',(4.75,-1.E-01,2.801304834898));
#1798 = SURFACE_CURVE('',#1799,(#1804,#1816),.PCURVE_S1.);
#1799 = CIRCLE('',#1800,1.);
#1800 = AXIS2_PLACEMENT_3D('',#1801,#1802,#1803);
#1801 = CARTESIAN_POINT('',(3.75,-1.E-01,2.801304834898));
#1802 = DIRECTION('',(0.,-1.,1.110223024625E-16));
#1803 = DIRECTION('',(1.,0.,0.));
#1804 = PCURVE('',#1805,#1810);
#1805 = CYLINDRICAL_SURFACE('',#1806,1.);
#1806 = AXIS2_PLACEMENT_3D('',#1807,#1808,#1809);
#1807 = CARTESIAN_POINT('',(3.75,-1.5,2.801304834898));
#1808 = DIRECTION('',(-0.,1.,-1.110223024625E-16));
#1809 = DIRECTION('',(-1.,0.,0.));
#1810 = DEFINITIONAL_REPRESENTATION('',(#1811),#1815);
#1811 = LINE('',#1812,#1813);
#1812 = CARTESIAN_POINT('',(9.424777960769,1.4));
#1813 = VECTOR('',#1814,1.);
#1814 = DIRECTION('',(-1.,0.));
#1815 = ( GEOMETRIC_REPRESENTATION_CONTEXT(2) 
PARAMETRIC_REPRESENTATION_CONTEXT() REPRESENTATION_CONTEXT('2D SPACE',''
  ) );
#1816 = PCURVE('',#1817,#1872);
#1817 = ( BOUNDED_SURFACE() B_SPLINE_SURFACE(3,2,(
    (#1818,#1819,#1820)
    ,(#1821,#1822,#1823)
    ,(#1824,#1825,#1826)
    ,(#1827,#1828,#1829)
    ,(#1830,#1831,#1832)
    ,(#1833,#1834,#1835)
    ,(#1836,#1837,#1838)
    ,(#1839,#1840,#1841)
    ,(#1842,#1843,#1844)
    ,(#1845,#1846,#1847)
    ,(#1848,#1849,#1850)
    ,(#1851,#1852,#1853)
    ,(#1854,#1855,#1856)
    ,(#1857,#1858,#1859)
    ,(#1860,#1861,#1862)
    ,(#1863,#1864,#1865)
    ,(#1866,#1867,#1868)
    ,(#1869,#1870,#1871
)),.UNSPECIFIED.,.F.,.F.,.F.) B_SPLINE_SURFACE_WITH_KNOTS((4,2,2,2,2,2,2
    ,2,4),(3,3),(-4.037673387228E-06,2.032339885768E-04,
    4.105056505408E-04,5.141414815228E-04,6.177773125048E-04,
    6.695952279957E-04,7.214131434867E-04,7.732310589777E-04,
    8.250489744687E-04),(0.,1.),.UNSPECIFIED.) 
GEOMETRIC_REPRESENTATION_ITEM() RATIONAL_B_SPLINE_SURFACE((
    (1.,1.,1.)
    ,(1.,0.999940342917,1.)
    ,(1.,0.989080700494,1.)
    ,(1.,0.94513608097,1.)
    ,(1.,0.911358816281,1.)
    ,(1.,0.844208851615,1.)
    ,(1.,0.819112703195,1.)
    ,(1.,0.764016577175,1.)
    ,(1.,0.734577221322,1.)
    ,(1.,0.690669674551,1.)
    ,(1.,0.676007349066,1.)
    ,(1.,0.648236013675,1.)
    ,(1.,0.635301809288,1.)
    ,(1.,0.612951030944,1.)
    ,(1.,0.603508789715,1.)
    ,(1.,0.590753474145,1.)
    ,(1.,0.587325447441,1.)
,(1.,0.587334010858,1.))) REPRESENTATION_ITEM('') SURFACE() );
#1818 = CARTESIAN_POINT('',(3.35,-1.5,3.317712699599));
#1819 = CARTESIAN_POINT('',(3.35,-1.5,3.317712699599));
#1820 = CARTESIAN_POINT('',(3.35,-1.5,3.317712699599));
#1821 = CARTESIAN_POINT('',(3.373152245283,-1.5,3.154414061634));
#1822 = CARTESIAN_POINT('',(3.439569562776,-1.499999977618,
    3.208893800044));
#1823 = CARTESIAN_POINT('',(3.505811988866,-1.5,3.263632342672));
#1824 = CARTESIAN_POINT('',(3.391709879475,-1.4746435516,2.995282733858)
  );
#1825 = CARTESIAN_POINT('',(3.526476941707,-1.496460917271,
    3.100355114464));
#1826 = CARTESIAN_POINT('',(3.65745158505,-1.474643552282,3.210027903868
    ));
#1827 = CARTESIAN_POINT('',(3.420097550031,-1.373697690948,
    2.686599038605));
#1828 = CARTESIAN_POINT('',(3.705334512458,-1.482422000452,
    2.870546762761));
#1829 = CARTESIAN_POINT('',(3.951552630094,-1.373697690273,
    3.104071437308));
#1830 = CARTESIAN_POINT('',(3.429988206226,-1.296908504224,
    2.534929708685));
#1831 = CARTESIAN_POINT('',(3.802957532769,-1.47206129764,2.741633294209
    ));
#1832 = CARTESIAN_POINT('',(4.096045986162,-1.296908506068,
    3.050966421978));
#1833 = CARTESIAN_POINT('',(3.438630047126,-1.136047985879,
    2.325852777519));
#1834 = CARTESIAN_POINT('',(3.96630501539,-1.434636619863,2.520416353257
    ));
#1835 = CARTESIAN_POINT('',(4.295461907858,-1.136047984956,
    2.976346084276));
#1836 = CARTESIAN_POINT('',(3.440517879509,-1.074843828373,
    2.259121266541));
#1837 = CARTESIAN_POINT('',(4.027469875352,-1.417132019829,
    2.436657572777));
#1838 = CARTESIAN_POINT('',(4.359150133784,-1.074843829349,
    2.952282563204));
#1839 = CARTESIAN_POINT('',(3.44267891259,-0.932315958528,2.133038236687
    ));
#1840 = CARTESIAN_POINT('',(4.166044897047,-1.357250670342,
    2.245087808376));
#1841 = CARTESIAN_POINT('',(4.479581617653,-0.932315957553,
    2.906399953601));
#1842 = CARTESIAN_POINT('',(3.44292198529,-0.852704115945,2.075182044296
    ));
#1843 = CARTESIAN_POINT('',(4.243956604546,-1.313861253159,
    2.136450223857));
#1844 = CARTESIAN_POINT('',(4.53489750085,-0.852704117112,2.88512312368)
  );
#1845 = CARTESIAN_POINT('',(3.442574861687,-0.716989104163,
    1.999037805618));
#1846 = CARTESIAN_POINT('',(4.371038903017,-1.200852315173,
    1.958247283471));
#1847 = CARTESIAN_POINT('',(4.607760247394,-0.716989103579,
    2.856914659722));
#1848 = CARTESIAN_POINT('',(3.442340129737,-0.668678855381,1.97530251147
    ));
#1849 = CARTESIAN_POINT('',(4.416930865631,-1.152367701064,
    1.893720492411));
#1850 = CARTESIAN_POINT('',(4.630484146357,-0.668678855967,
    2.848082569955));
#1851 = CARTESIAN_POINT('',(3.441757077345,-0.566295629427,
    1.932777915026));
#1852 = CARTESIAN_POINT('',(4.509995014637,-1.026975264207,
    1.762619227377));
#1853 = CARTESIAN_POINT('',(4.67121295665,-0.566295628841,2.832208004397
    ));
#1854 = CARTESIAN_POINT('',(3.441414371088,-0.512894990274,
    1.914235517309));
#1855 = CARTESIAN_POINT('',(4.556385514048,-0.949981090291,
    1.697137562845));
#1856 = CARTESIAN_POINT('',(4.688981159985,-0.512894990625,
    2.825258254795));
#1857 = CARTESIAN_POINT('',(3.440767505623,-0.400914288889,
    1.883434967046));
#1858 = CARTESIAN_POINT('',(4.641969906256,-0.759460716486,1.57620766513
    ));
#1859 = CARTESIAN_POINT('',(4.718504077828,-0.400914288538,
    2.813689591017));
#1860 = CARTESIAN_POINT('',(3.440462618369,-0.341688447214,1.87113764149
    ));
#1861 = CARTESIAN_POINT('',(4.680505923057,-0.644063933802,
    1.521684076892));
#1862 = CARTESIAN_POINT('',(4.730296286275,-0.341688447336,
    2.809055843983));
#1863 = CARTESIAN_POINT('',(3.440041424475,-0.222192551756,
    1.854806483635));
#1864 = CARTESIAN_POINT('',(4.73485465402,-0.386086965062,1.444760254492
    ));
#1865 = CARTESIAN_POINT('',(4.745958496448,-0.222192551635,
    2.802896944141));
#1866 = CARTESIAN_POINT('',(3.439922455853,-0.161564413234,
    1.850593566102));
#1867 = CARTESIAN_POINT('',(4.749999649238,-0.245253935335,
    1.423308087843));
#1868 = CARTESIAN_POINT('',(4.75,-0.161564413325,2.801304869776));
#1869 = CARTESIAN_POINT('',(3.43992248062,-9.999999999506E-02,
    1.850593558024));
#1870 = CARTESIAN_POINT('',(4.75,-9.999999998837E-02,1.42330759089));
#1871 = CARTESIAN_POINT('',(4.75,-9.999999999506E-02,2.801304834898));
#1872 = DEFINITIONAL_REPRESENTATION('',(#1873),#1899);
#1873 = B_SPLINE_CURVE_WITH_KNOTS('',3,(#1874,#1875,#1876,#1877,#1878,
    #1879,#1880,#1881,#1882,#1883,#1884,#1885,#1886,#1887,#1888,#1889,
    #1890,#1891,#1892,#1893,#1894,#1895,#1896,#1897,#1898),
  .UNSPECIFIED.,.F.,.F.,(4,1,1,1,1,1,1,1,1,1,1,1,1,1,1,1,1,1,1,1,1,1,4),
  (6.187512141588,6.191860921842,6.196209702096,6.20055848235,
    6.204907262605,6.209256042859,6.213604823113,6.217953603367,
    6.222302383621,6.226651163875,6.23099994413,6.235348724384,
    6.239697504638,6.244046284892,6.248395065146,6.2527438454,
    6.257092625655,6.261441405909,6.265790186163,6.270138966417,
    6.274487746671,6.278836526925,6.28318530718),.QUASI_UNIFORM_KNOTS.);
#1874 = CARTESIAN_POINT('',(8.250489744687E-04,0.942258966917));
#1875 = CARTESIAN_POINT('',(8.250489744687E-04,0.94311428927));
#1876 = CARTESIAN_POINT('',(8.250489744687E-04,0.944826611422));
#1877 = CARTESIAN_POINT('',(8.250489744687E-04,0.947400166457));
#1878 = CARTESIAN_POINT('',(8.250489744687E-04,0.949978832671));
#1879 = CARTESIAN_POINT('',(8.250489744687E-04,0.95256264978));
#1880 = CARTESIAN_POINT('',(8.250489744687E-04,0.955151657734));
#1881 = CARTESIAN_POINT('',(8.250489744687E-04,0.957745896748));
#1882 = CARTESIAN_POINT('',(8.250489744687E-04,0.960345407298));
#1883 = CARTESIAN_POINT('',(8.250489744687E-04,0.962950230123));
#1884 = CARTESIAN_POINT('',(8.250489744687E-04,0.96556040623));
#1885 = CARTESIAN_POINT('',(8.250489744687E-04,0.968175976898));
#1886 = CARTESIAN_POINT('',(8.250489744687E-04,0.970796983677));
#1887 = CARTESIAN_POINT('',(8.250489744687E-04,0.973423468393));
#1888 = CARTESIAN_POINT('',(8.250489744687E-04,0.976055473152));
#1889 = CARTESIAN_POINT('',(8.250489744687E-04,0.97869304034));
#1890 = CARTESIAN_POINT('',(8.250489744687E-04,0.98133621263));
#1891 = CARTESIAN_POINT('',(8.250489744687E-04,0.983985032981));
#1892 = CARTESIAN_POINT('',(8.250489744687E-04,0.986639544644));
#1893 = CARTESIAN_POINT('',(8.250489744687E-04,0.989299791163));
#1894 = CARTESIAN_POINT('',(8.250489744687E-04,0.991965816378));
#1895 = CARTESIAN_POINT('',(8.250489744687E-04,0.994637664438));
#1896 = CARTESIAN_POINT('',(8.250489744687E-04,0.997315379763));
#1897 = CARTESIAN_POINT('',(8.250489744687E-04,0.999104464718));
#1898 = CARTESIAN_POINT('',(8.250489744687E-04,1.));
#1899 = ( GEOMETRIC_REPRESENTATION_CONTEXT(2) 
PARAMETRIC_REPRESENTATION_CONTEXT() REPRESENTATION_CONTEXT('2D SPACE',''
  ) );
#1900 = ORIENTED_EDGE('',*,*,#1901,.T.);
#1901 = EDGE_CURVE('',#1794,#1213,#1902,.T.);
#1902 = SURFACE_CURVE('',#1903,(#1911,#1940),.PCURVE_S1.);
#1903 = B_SPLINE_CURVE_WITH_KNOTS('',3,(#1904,#1905,#1906,#1907,#1908,
    #1909,#1910),.UNSPECIFIED.,.F.,.F.,(4,3,4),(0.,1.300642904023E-04,
    1.383747387313E-04),.UNSPECIFIED.);
#1904 = CARTESIAN_POINT('',(4.745426812624,-1.E-01,2.705777557591));
#1905 = CARTESIAN_POINT('',(4.748304639831,-6.882185034469E-02,
    2.735765498689));
#1906 = CARTESIAN_POINT('',(4.749812782852,-3.746180991106E-02,
    2.76572576175));
#1907 = CARTESIAN_POINT('',(4.749983628955,-6.026728960815E-03,
    2.795582787935));
#1908 = CARTESIAN_POINT('',(4.749994545155,-4.01818676104E-03,
    2.79749050044));
#1909 = CARTESIAN_POINT('',(4.75,-2.008913551549E-03,2.799397482209));
#1910 = CARTESIAN_POINT('',(4.75,2.839022583576E-16,2.801304834898));
#1911 = PCURVE('',#1805,#1912);
#1912 = DEFINITIONAL_REPRESENTATION('',(#1913),#1939);
#1913 = B_SPLINE_CURVE_WITH_KNOTS('',3,(#1914,#1915,#1916,#1917,#1918,
    #1919,#1920,#1921,#1922,#1923,#1924,#1925,#1926,#1927,#1928,#1929,
    #1930,#1931,#1932,#1933,#1934,#1935,#1936,#1937,#1938),
  .UNSPECIFIED.,.F.,.F.,(4,1,1,1,1,1,1,1,1,1,1,1,1,1,1,1,1,1,1,1,1,1,4),
  (0.,6.289760851423E-06,1.257952170285E-05,1.886928255427E-05,
    2.515904340569E-05,3.144880425712E-05,3.773856510854E-05,
    4.402832595996E-05,5.031808681138E-05,5.660784766281E-05,
    6.289760851423E-05,6.918736936565E-05,7.547713021708E-05,
    8.17668910685E-05,8.805665191992E-05,9.434641277135E-05,
    1.006361736228E-04,1.069259344742E-04,1.132156953256E-04,
    1.19505456177E-04,1.257952170285E-04,1.320849778799E-04,
    1.383747387313E-04),.QUASI_UNIFORM_KNOTS.);
#1914 = CARTESIAN_POINT('',(3.237265819181,1.4));
#1915 = CARTESIAN_POINT('',(3.235808974119,1.401507739784));
#1916 = CARTESIAN_POINT('',(3.232896024759,1.404524070084));
#1917 = CARTESIAN_POINT('',(3.228528788909,1.409051045228));
#1918 = CARTESIAN_POINT('',(3.224163707064,1.413580427562));
#1919 = CARTESIAN_POINT('',(3.219800745328,1.418112144583));
#1920 = CARTESIAN_POINT('',(3.215439870001,1.422646123789));
#1921 = CARTESIAN_POINT('',(3.2110810476,1.427182292678));
#1922 = CARTESIAN_POINT('',(3.206724244857,1.431720578745));
#1923 = CARTESIAN_POINT('',(3.202369428718,1.436260909489));
#1924 = CARTESIAN_POINT('',(3.198016566341,1.440803212406));
#1925 = CARTESIAN_POINT('',(3.1936656251,1.445347414993));
#1926 = CARTESIAN_POINT('',(3.189316572583,1.449893444749));
#1927 = CARTESIAN_POINT('',(3.184969376591,1.454441229168));
#1928 = CARTESIAN_POINT('',(3.180624005142,1.458990695752));
#1929 = CARTESIAN_POINT('',(3.176280426448,1.463541771988));
#1930 = CARTESIAN_POINT('',(3.171938609019,1.468094385407));
#1931 = CARTESIAN_POINT('',(3.167598521259,1.472648463379));
#1932 = CARTESIAN_POINT('',(3.16326013297,1.477203933879));
#1933 = CARTESIAN_POINT('',(3.158923409748,1.481760722619));
#1934 = CARTESIAN_POINT('',(3.154588333891,1.486318763755));
#1935 = CARTESIAN_POINT('',(3.150254826369,1.490877959939));
#1936 = CARTESIAN_POINT('',(3.145923038032,1.495438331387));
#1937 = CARTESIAN_POINT('',(3.143036009484,1.498479323671));
#1938 = CARTESIAN_POINT('',(3.14159265359,1.5));
#1939 = ( GEOMETRIC_REPRESENTATION_CONTEXT(2) 
PARAMETRIC_REPRESENTATION_CONTEXT() REPRESENTATION_CONTEXT('2D SPACE',''
  ) );
#1940 = PCURVE('',#1414,#1941);
#1941 = DEFINITIONAL_REPRESENTATION('',(#1942),#1968);
#1942 = B_SPLINE_CURVE_WITH_KNOTS('',3,(#1943,#1944,#1945,#1946,#1947,
    #1948,#1949,#1950,#1951,#1952,#1953,#1954,#1955,#1956,#1957,#1958,
    #1959,#1960,#1961,#1962,#1963,#1964,#1965,#1966,#1967),
  .UNSPECIFIED.,.F.,.F.,(4,1,1,1,1,1,1,1,1,1,1,1,1,1,1,1,1,1,1,1,1,1,4),
  (0.,6.289760851423E-06,1.257952170285E-05,1.886928255427E-05,
    2.515904340569E-05,3.144880425712E-05,3.773856510854E-05,
    4.402832595996E-05,5.031808681138E-05,5.660784766281E-05,
    6.289760851423E-05,6.918736936565E-05,7.547713021708E-05,
    8.17668910685E-05,8.805665191992E-05,9.434641277135E-05,
    1.006361736228E-04,1.069259344742E-04,1.132156953256E-04,
    1.19505456177E-04,1.257952170285E-04,1.320849778799E-04,
    1.383747387313E-04),.QUASI_UNIFORM_KNOTS.);
#1943 = CARTESIAN_POINT('',(0.,0.));
#1944 = CARTESIAN_POINT('',(2.419400953299E-06,-5.408405631904E-10));
#1945 = CARTESIAN_POINT('',(7.258220215368E-06,-9.952847373064E-07));
#1946 = CARTESIAN_POINT('',(1.45164259029E-05,-5.500241701825E-06));
#1947 = CARTESIAN_POINT('',(2.177453313795E-05,-1.304815308276E-05));
#1948 = CARTESIAN_POINT('',(2.903246658585E-05,-2.367522629152E-05));
#1949 = CARTESIAN_POINT('',(3.629015075064E-05,-3.738472923062E-05));
#1950 = CARTESIAN_POINT('',(4.35475103371E-05,-5.42921107298E-05));
#1951 = CARTESIAN_POINT('',(5.080446895713E-05,-7.408365219036E-05));
#1952 = CARTESIAN_POINT('',(5.806095402291E-05,-9.803686489471E-05));
#1953 = CARTESIAN_POINT('',(6.531687854781E-05,-1.214804045253E-04));
#1954 = CARTESIAN_POINT('',(7.257220912892E-05,-1.619342308128E-04));
#1955 = CARTESIAN_POINT('',(7.982671229446E-05,-1.540893540238E-04));
#1956 = CARTESIAN_POINT('',(8.708047092556E-05,-1.561913824242E-04));
#1957 = CARTESIAN_POINT('',(9.433337700461E-05,-1.556281456118E-04));
#1958 = CARTESIAN_POINT('',(1.015853661437E-04,-1.557790644609E-04));
#1959 = CARTESIAN_POINT('',(1.088363622946E-04,-1.55738625877E-04));
#1960 = CARTESIAN_POINT('',(1.160862927131E-04,-1.557494613633E-04));
#1961 = CARTESIAN_POINT('',(1.233350834512E-04,-1.557465580021E-04));
#1962 = CARTESIAN_POINT('',(1.305826624791E-04,-1.557473359605E-04));
#1963 = CARTESIAN_POINT('',(1.378289517635E-04,-1.55747127488E-04));
#1964 = CARTESIAN_POINT('',(1.450738958876E-04,-1.557471834197E-04));
#1965 = CARTESIAN_POINT('',(1.523173555477E-04,-1.557471681656E-04));
#1966 = CARTESIAN_POINT('',(1.571455328303E-04,-1.557471715554E-04));
#1967 = CARTESIAN_POINT('',(1.595594504926E-04,-1.557471715554E-04));
#1968 = ( GEOMETRIC_REPRESENTATION_CONTEXT(2) 
PARAMETRIC_REPRESENTATION_CONTEXT() REPRESENTATION_CONTEXT('2D SPACE',''
  ) );
#1969 = ORIENTED_EDGE('',*,*,#1970,.F.);
#1970 = EDGE_CURVE('',#1796,#1213,#1971,.T.);
#1971 = SURFACE_CURVE('',#1972,(#1976,#1983),.PCURVE_S1.);
#1972 = LINE('',#1973,#1974);
#1973 = CARTESIAN_POINT('',(4.75,-1.5,2.801304834898));
#1974 = VECTOR('',#1975,1.);
#1975 = DIRECTION('',(0.,1.,-1.110223024625E-16));
#1976 = PCURVE('',#1805,#1977);
#1977 = DEFINITIONAL_REPRESENTATION('',(#1978),#1982);
#1978 = LINE('',#1979,#1980);
#1979 = CARTESIAN_POINT('',(3.14159265359,0.));
#1980 = VECTOR('',#1981,1.);
#1981 = DIRECTION('',(0.,1.));
#1982 = ( GEOMETRIC_REPRESENTATION_CONTEXT(2) 
PARAMETRIC_REPRESENTATION_CONTEXT() REPRESENTATION_CONTEXT('2D SPACE',''
  ) );
#1983 = PCURVE('',#1984,#1989);
#1984 = PLANE('',#1985);
#1985 = AXIS2_PLACEMENT_3D('',#1986,#1987,#1988);
#1986 = CARTESIAN_POINT('',(4.75,-1.5,5.5));
#1987 = DIRECTION('',(-1.,1.069961080215E-32,9.637352644316E-17));
#1988 = DIRECTION('',(-9.637352644316E-17,-1.110223024625E-16,-1.));
#1989 = DEFINITIONAL_REPRESENTATION('',(#1990),#1994);
#1990 = LINE('',#1991,#1992);
#1991 = CARTESIAN_POINT('',(2.698695165102,1.44473858976E-16));
#1992 = VECTOR('',#1993,1.);
#1993 = DIRECTION('',(0.,-1.));
#1994 = ( GEOMETRIC_REPRESENTATION_CONTEXT(2) 
PARAMETRIC_REPRESENTATION_CONTEXT() REPRESENTATION_CONTEXT('2D SPACE',''
  ) );
#1995 = ADVANCED_FACE('',(#1996),#2008,.T.);
#1996 = FACE_BOUND('',#1997,.T.);
#1997 = EDGE_LOOP('',(#1998,#2031,#2102));
#1998 = ORIENTED_EDGE('',*,*,#1999,.F.);
#1999 = EDGE_CURVE('',#46,#2000,#2002,.T.);
#2000 = VERTEX_POINT('',#2001);
#2001 = CARTESIAN_POINT('',(0.25,-1.E-01,2.801304834898));
#2002 = SURFACE_CURVE('',#2003,(#2007,#2019),.PCURVE_S1.);
#2003 = LINE('',#2004,#2005);
#2004 = CARTESIAN_POINT('',(0.25,-1.5,2.801304834898));
#2005 = VECTOR('',#2006,1.);
#2006 = DIRECTION('',(0.,-1.,1.110223024625E-16));
#2007 = PCURVE('',#2008,#2013);
#2008 = CYLINDRICAL_SURFACE('',#2009,1.);
#2009 = AXIS2_PLACEMENT_3D('',#2010,#2011,#2012);
#2010 = CARTESIAN_POINT('',(1.25,-1.5,2.801304834898));
#2011 = DIRECTION('',(-0.,1.,-1.110223024625E-16));
#2012 = DIRECTION('',(-1.,0.,0.));
#2013 = DEFINITIONAL_REPRESENTATION('',(#2014),#2018);
#2014 = LINE('',#2015,#2016);
#2015 = CARTESIAN_POINT('',(6.28318530718,0.));
#2016 = VECTOR('',#2017,1.);
#2017 = DIRECTION('',(0.,-1.));
#2018 = ( GEOMETRIC_REPRESENTATION_CONTEXT(2) 
PARAMETRIC_REPRESENTATION_CONTEXT() REPRESENTATION_CONTEXT('2D SPACE',''
  ) );
#2019 = PCURVE('',#2020,#2025);
#2020 = PLANE('',#2021);
#2021 = AXIS2_PLACEMENT_3D('',#2022,#2023,#2024);
#2022 = CARTESIAN_POINT('',(0.25,-1.5,5.5));
#2023 = DIRECTION('',(1.,1.069961080215E-32,9.637352644316E-17));
#2024 = DIRECTION('',(-9.637352644316E-17,1.110223024625E-16,1.));
#2025 = DEFINITIONAL_REPRESENTATION('',(#2026),#2030);
#2026 = LINE('',#2027,#2028);
#2027 = CARTESIAN_POINT('',(-2.698695165102,1.44473858976E-16));
#2028 = VECTOR('',#2029,1.);
#2029 = DIRECTION('',(0.,1.));
#2030 = ( GEOMETRIC_REPRESENTATION_CONTEXT(2) 
PARAMETRIC_REPRESENTATION_CONTEXT() REPRESENTATION_CONTEXT('2D SPACE',''
  ) );
#2031 = ORIENTED_EDGE('',*,*,#2032,.T.);
#2032 = EDGE_CURVE('',#46,#2033,#2035,.T.);
#2033 = VERTEX_POINT('',#2034);
#2034 = CARTESIAN_POINT('',(0.254573187376,-1.E-01,2.705777557591));
#2035 = SURFACE_CURVE('',#2036,(#2044,#2073),.PCURVE_S1.);
#2036 = B_SPLINE_CURVE_WITH_KNOTS('',3,(#2037,#2038,#2039,#2040,#2041,
    #2042,#2043),.UNSPECIFIED.,.F.,.F.,(4,3,4),(-8.310448329057E-06,0.,
    1.300642904022E-04),.UNSPECIFIED.);
#2037 = CARTESIAN_POINT('',(0.25,3.110073126698E-16,2.801304834898));
#2038 = CARTESIAN_POINT('',(0.25,-2.008913551541E-03,2.799397482209));
#2039 = CARTESIAN_POINT('',(0.250005454845,-4.018186761011E-03,
    2.79749050044));
#2040 = CARTESIAN_POINT('',(0.250016371045,-6.026728960793E-03,
    2.795582787935));
#2041 = CARTESIAN_POINT('',(0.250187217148,-3.746180991114E-02,
    2.76572576175));
#2042 = CARTESIAN_POINT('',(0.251695360169,-6.882185034468E-02,
    2.735765498689));
#2043 = CARTESIAN_POINT('',(0.254573187376,-1.E-01,2.705777557591));
#2044 = PCURVE('',#2008,#2045);
#2045 = DEFINITIONAL_REPRESENTATION('',(#2046),#2072);
#2046 = B_SPLINE_CURVE_WITH_KNOTS('',3,(#2047,#2048,#2049,#2050,#2051,
    #2052,#2053,#2054,#2055,#2056,#2057,#2058,#2059,#2060,#2061,#2062,
    #2063,#2064,#2065,#2066,#2067,#2068,#2069,#2070,#2071),
  .UNSPECIFIED.,.F.,.F.,(4,1,1,1,1,1,1,1,1,1,1,1,1,1,1,1,1,1,1,1,1,1,4),
  (-8.310448329057E-06,-2.020687477634E-06,4.269073373788E-06,
    1.055883422521E-05,1.684859507663E-05,2.313835592806E-05,
    2.942811677948E-05,3.57178776309E-05,4.200763848232E-05,
    4.829739933375E-05,5.458716018517E-05,6.087692103659E-05,
    6.716668188801E-05,7.345644273943E-05,7.974620359086E-05,
    8.603596444228E-05,9.23257252937E-05,9.861548614512E-05,
    1.049052469965E-04,1.11195007848E-04,1.174847686994E-04,
    1.237745295508E-04,1.300642904022E-04),.UNSPECIFIED.);
#2047 = CARTESIAN_POINT('',(6.28318530718,1.5));
#2048 = CARTESIAN_POINT('',(6.281741951285,1.498479323671));
#2049 = CARTESIAN_POINT('',(6.278854922737,1.495438331387));
#2050 = CARTESIAN_POINT('',(6.2745231344,1.490877959939));
#2051 = CARTESIAN_POINT('',(6.270189626878,1.486318763755));
#2052 = CARTESIAN_POINT('',(6.265854551021,1.481760722619));
#2053 = CARTESIAN_POINT('',(6.2615178278,1.477203933879));
#2054 = CARTESIAN_POINT('',(6.257179439511,1.472648463379));
#2055 = CARTESIAN_POINT('',(6.252839351751,1.468094385407));
#2056 = CARTESIAN_POINT('',(6.248497534321,1.463541771988));
#2057 = CARTESIAN_POINT('',(6.244153955627,1.458990695752));
#2058 = CARTESIAN_POINT('',(6.239808584179,1.454441229168));
#2059 = CARTESIAN_POINT('',(6.235461388186,1.449893444749));
#2060 = CARTESIAN_POINT('',(6.231112335669,1.445347414993));
#2061 = CARTESIAN_POINT('',(6.226761394428,1.440803212406));
#2062 = CARTESIAN_POINT('',(6.222408532052,1.436260909489));
#2063 = CARTESIAN_POINT('',(6.218053715912,1.431720578745));
#2064 = CARTESIAN_POINT('',(6.213696913169,1.427182292678));
#2065 = CARTESIAN_POINT('',(6.209338090769,1.422646123789));
#2066 = CARTESIAN_POINT('',(6.204977215441,1.418112144583));
#2067 = CARTESIAN_POINT('',(6.200614253706,1.413580427562));
#2068 = CARTESIAN_POINT('',(6.19624917186,1.409051045228));
#2069 = CARTESIAN_POINT('',(6.191881936011,1.404524070084));
#2070 = CARTESIAN_POINT('',(6.18896898665,1.401507739784));
#2071 = CARTESIAN_POINT('',(6.187512141588,1.4));
#2072 = ( GEOMETRIC_REPRESENTATION_CONTEXT(2) 
PARAMETRIC_REPRESENTATION_CONTEXT() REPRESENTATION_CONTEXT('2D SPACE',''
  ) );
#2073 = PCURVE('',#209,#2074);
#2074 = DEFINITIONAL_REPRESENTATION('',(#2075),#2101);
#2075 = B_SPLINE_CURVE_WITH_KNOTS('',3,(#2076,#2077,#2078,#2079,#2080,
    #2081,#2082,#2083,#2084,#2085,#2086,#2087,#2088,#2089,#2090,#2091,
    #2092,#2093,#2094,#2095,#2096,#2097,#2098,#2099,#2100),
  .UNSPECIFIED.,.F.,.F.,(4,1,1,1,1,1,1,1,1,1,1,1,1,1,1,1,1,1,1,1,1,1,4),
  (-8.310448329057E-06,-2.020687477634E-06,4.269073373788E-06,
    1.055883422521E-05,1.684859507663E-05,2.313835592806E-05,
    2.942811677948E-05,3.57178776309E-05,4.200763848232E-05,
    4.829739933375E-05,5.458716018517E-05,6.087692103659E-05,
    6.716668188801E-05,7.345644273943E-05,7.974620359086E-05,
    8.603596444228E-05,9.23257252937E-05,9.861548614512E-05,
    1.049052469965E-04,1.11195007848E-04,1.174847686994E-04,
    1.237745295508E-04,1.300642904022E-04),.UNSPECIFIED.);
#2076 = CARTESIAN_POINT('',(1.595594504925E-04,1.000155747172));
#2077 = CARTESIAN_POINT('',(1.571455328303E-04,1.000155747172));
#2078 = CARTESIAN_POINT('',(1.523173555476E-04,1.000155747168));
#2079 = CARTESIAN_POINT('',(1.450738958875E-04,1.000155747183));
#2080 = CARTESIAN_POINT('',(1.378289517635E-04,1.000155747127));
#2081 = CARTESIAN_POINT('',(1.305826624791E-04,1.000155747336));
#2082 = CARTESIAN_POINT('',(1.233350834512E-04,1.000155746558));
#2083 = CARTESIAN_POINT('',(1.16086292713E-04,1.000155749461));
#2084 = CARTESIAN_POINT('',(1.088363622946E-04,1.000155738626));
#2085 = CARTESIAN_POINT('',(1.015853661436E-04,1.000155779064));
#2086 = CARTESIAN_POINT('',(9.433337700459E-05,1.000155628146));
#2087 = CARTESIAN_POINT('',(8.708047092554E-05,1.000156191382));
#2088 = CARTESIAN_POINT('',(7.982671229445E-05,1.000154089357));
#2089 = CARTESIAN_POINT('',(7.257220912888E-05,1.00016193422));
#2090 = CARTESIAN_POINT('',(6.531687854777E-05,1.000121480393));
#2091 = CARTESIAN_POINT('',(5.806095402287E-05,1.000098036851));
#2092 = CARTESIAN_POINT('',(5.080446895707E-05,1.000074083637));
#2093 = CARTESIAN_POINT('',(4.354751033704E-05,1.000054292095));
#2094 = CARTESIAN_POINT('',(3.629015075058E-05,1.000037384713));
#2095 = CARTESIAN_POINT('',(2.903246658579E-05,1.000023675212));
#2096 = CARTESIAN_POINT('',(2.177453313789E-05,1.000013048141));
#2097 = CARTESIAN_POINT('',(1.451642590285E-05,1.000005500233));
#2098 = CARTESIAN_POINT('',(7.258220215331E-06,1.00000099528));
#2099 = CARTESIAN_POINT('',(2.419400953281E-06,1.000000000539));
#2100 = CARTESIAN_POINT('',(-3.903127820948E-18,1.));
#2101 = ( GEOMETRIC_REPRESENTATION_CONTEXT(2) 
PARAMETRIC_REPRESENTATION_CONTEXT() REPRESENTATION_CONTEXT('2D SPACE',''
  ) );
#2102 = ORIENTED_EDGE('',*,*,#2103,.F.);
#2103 = EDGE_CURVE('',#2000,#2033,#2104,.T.);
#2104 = SURFACE_CURVE('',#2105,(#2110,#2117),.PCURVE_S1.);
#2105 = CIRCLE('',#2106,1.);
#2106 = AXIS2_PLACEMENT_3D('',#2107,#2108,#2109);
#2107 = CARTESIAN_POINT('',(1.25,-1.E-01,2.801304834898));
#2108 = DIRECTION('',(0.,-1.,1.110223024625E-16));
#2109 = DIRECTION('',(1.,0.,0.));
#2110 = PCURVE('',#2008,#2111);
#2111 = DEFINITIONAL_REPRESENTATION('',(#2112),#2116);
#2112 = LINE('',#2113,#2114);
#2113 = CARTESIAN_POINT('',(9.424777960769,1.4));
#2114 = VECTOR('',#2115,1.);
#2115 = DIRECTION('',(-1.,0.));
#2116 = ( GEOMETRIC_REPRESENTATION_CONTEXT(2) 
PARAMETRIC_REPRESENTATION_CONTEXT() REPRESENTATION_CONTEXT('2D SPACE',''
  ) );
#2117 = PCURVE('',#2118,#2173);
#2118 = ( BOUNDED_SURFACE() B_SPLINE_SURFACE(3,2,(
    (#2119,#2120,#2121)
    ,(#2122,#2123,#2124)
    ,(#2125,#2126,#2127)
    ,(#2128,#2129,#2130)
    ,(#2131,#2132,#2133)
    ,(#2134,#2135,#2136)
    ,(#2137,#2138,#2139)
    ,(#2140,#2141,#2142)
    ,(#2143,#2144,#2145)
    ,(#2146,#2147,#2148)
    ,(#2149,#2150,#2151)
    ,(#2152,#2153,#2154)
    ,(#2155,#2156,#2157)
    ,(#2158,#2159,#2160)
    ,(#2161,#2162,#2163)
    ,(#2164,#2165,#2166)
    ,(#2167,#2168,#2169)
    ,(#2170,#2171,#2172
)),.UNSPECIFIED.,.F.,.F.,.F.) B_SPLINE_SURFACE_WITH_KNOTS((4,2,2,2,2,2,2
    ,2,4),(3,3),(-4.037673387228E-06,2.032339885767E-04,
    4.105056505406E-04,5.141414815225E-04,6.177773125045E-04,
    6.695952279954E-04,7.214131434864E-04,7.732310589774E-04,
    8.250489744684E-04),(0.,1.),.UNSPECIFIED.) 
GEOMETRIC_REPRESENTATION_ITEM() RATIONAL_B_SPLINE_SURFACE((
    (1.,1.,1.)
    ,(1.,0.999940342917,1.)
    ,(1.,0.989080700494,1.)
    ,(1.,0.94513608097,1.)
    ,(1.,0.911358816281,1.)
    ,(1.,0.844208851616,1.)
    ,(1.,0.819112703195,1.)
    ,(1.,0.764016577175,1.)
    ,(1.,0.734577221322,1.)
    ,(1.,0.690669674551,1.)
    ,(1.,0.676007349067,1.)
    ,(1.,0.648236013675,1.)
    ,(1.,0.635301809288,1.)
    ,(1.,0.612951030944,1.)
    ,(1.,0.603508789715,1.)
    ,(1.,0.590753474145,1.)
    ,(1.,0.587325447441,1.)
,(1.,0.587334010858,1.))) REPRESENTATION_ITEM('') SURFACE() );
#2119 = CARTESIAN_POINT('',(1.65,-1.5,3.317712699599));
#2120 = CARTESIAN_POINT('',(1.65,-1.5,3.317712699599));
#2121 = CARTESIAN_POINT('',(1.65,-1.5,3.317712699599));
#2122 = CARTESIAN_POINT('',(1.494188011141,-1.5,3.263632342653));
#2123 = CARTESIAN_POINT('',(1.560430437192,-1.499999961955,
    3.208893800044));
#2124 = CARTESIAN_POINT('',(1.626847754696,-1.5,3.154414061637));
#2125 = CARTESIAN_POINT('',(1.34254841495,-1.474643552282,3.210027903868
    ));
#2126 = CARTESIAN_POINT('',(1.473523058294,-1.496460917271,
    3.100355114464));
#2127 = CARTESIAN_POINT('',(1.608290120525,-1.4746435516,2.995282733858)
  );
#2128 = CARTESIAN_POINT('',(1.048447369907,-1.373697690273,
    3.104071437308));
#2129 = CARTESIAN_POINT('',(1.294665487542,-1.482422000452,
    2.870546762761));
#2130 = CARTESIAN_POINT('',(1.579902449969,-1.373697690948,
    2.686599038605));
#2131 = CARTESIAN_POINT('',(0.903954013838,-1.296908506069,
    3.050966421978));
#2132 = CARTESIAN_POINT('',(1.197042467232,-1.47206129764,2.741633294209
    ));
#2133 = CARTESIAN_POINT('',(1.570011793774,-1.296908504224,
    2.534929708685));
#2134 = CARTESIAN_POINT('',(0.704538092143,-1.136047984957,
    2.976346084276));
#2135 = CARTESIAN_POINT('',(1.033694984611,-1.434636619863,
    2.520416353258));
#2136 = CARTESIAN_POINT('',(1.561369952874,-1.136047985879,
    2.325852777519));
#2137 = CARTESIAN_POINT('',(0.640849866216,-1.074843829349,
    2.952282563204));
#2138 = CARTESIAN_POINT('',(0.972530124648,-1.417132019829,
    2.436657572777));
#2139 = CARTESIAN_POINT('',(1.559482120491,-1.074843828374,
    2.259121266542));
#2140 = CARTESIAN_POINT('',(0.520418382348,-0.932315957553,
    2.906399953601));
#2141 = CARTESIAN_POINT('',(0.833955102953,-1.357250670342,
    2.245087808377));
#2142 = CARTESIAN_POINT('',(1.55732108741,-0.932315958529,2.133038236687
    ));
#2143 = CARTESIAN_POINT('',(0.465102499151,-0.852704117112,2.88512312368
    ));
#2144 = CARTESIAN_POINT('',(0.756043395454,-1.313861253159,
    2.136450223858));
#2145 = CARTESIAN_POINT('',(1.55707801471,-0.852704115945,2.075182044297
    ));
#2146 = CARTESIAN_POINT('',(0.392239752606,-0.71698910358,2.856914659722
    ));
#2147 = CARTESIAN_POINT('',(0.628961096984,-1.200852315173,
    1.958247283472));
#2148 = CARTESIAN_POINT('',(1.557425138313,-0.716989104164,
    1.999037805618));
#2149 = CARTESIAN_POINT('',(0.369515853643,-0.668678855968,
    2.848082569955));
#2150 = CARTESIAN_POINT('',(0.58306913437,-1.152367701065,1.893720492412
    ));
#2151 = CARTESIAN_POINT('',(1.557659870263,-0.668678855382,1.97530251147
    ));
#2152 = CARTESIAN_POINT('',(0.32878704335,-0.566295628842,2.832208004397
    ));
#2153 = CARTESIAN_POINT('',(0.490004985364,-1.026975264208,
    1.762619227378));
#2154 = CARTESIAN_POINT('',(1.558242922655,-0.566295629428,
    1.932777915027));
#2155 = CARTESIAN_POINT('',(0.311018840015,-0.512894990626,
    2.825258254796));
#2156 = CARTESIAN_POINT('',(0.443614485953,-0.949981090293,
    1.697137562846));
#2157 = CARTESIAN_POINT('',(1.558585628912,-0.512894990275,
    1.914235517309));
#2158 = CARTESIAN_POINT('',(0.281495922172,-0.400914288539,
    2.813689591017));
#2159 = CARTESIAN_POINT('',(0.358030093745,-0.759460716488,
    1.576207665131));
#2160 = CARTESIAN_POINT('',(1.559232494377,-0.40091428889,1.883434967047
    ));
#2161 = CARTESIAN_POINT('',(0.269703713726,-0.341688447337,
    2.809055843983));
#2162 = CARTESIAN_POINT('',(0.319494076943,-0.644063933804,
    1.521684076893));
#2163 = CARTESIAN_POINT('',(1.559537381631,-0.341688447216,1.87113764149
    ));
#2164 = CARTESIAN_POINT('',(0.254041503553,-0.222192551636,
    2.802896944141));
#2165 = CARTESIAN_POINT('',(0.26514534598,-0.386086965065,1.444760254493
    ));
#2166 = CARTESIAN_POINT('',(1.559958575525,-0.222192551757,
    1.854806483635));
#2167 = CARTESIAN_POINT('',(0.25,-0.161564413326,2.801304869776));
#2168 = CARTESIAN_POINT('',(0.250000350762,-0.245253935338,
    1.423308087844));
#2169 = CARTESIAN_POINT('',(1.560077544147,-0.161564413235,
    1.850593566102));
#2170 = CARTESIAN_POINT('',(0.25,-9.999999999638E-02,2.801304834898));
#2171 = CARTESIAN_POINT('',(0.25,-9.999999999148E-02,1.42330759089));
#2172 = CARTESIAN_POINT('',(1.56007751938,-9.999999999638E-02,
    1.850593558024));
#2173 = DEFINITIONAL_REPRESENTATION('',(#2174),#2200);
#2174 = B_SPLINE_CURVE_WITH_KNOTS('',3,(#2175,#2176,#2177,#2178,#2179,
    #2180,#2181,#2182,#2183,#2184,#2185,#2186,#2187,#2188,#2189,#2190,
    #2191,#2192,#2193,#2194,#2195,#2196,#2197,#2198,#2199),
  .UNSPECIFIED.,.F.,.F.,(4,1,1,1,1,1,1,1,1,1,1,1,1,1,1,1,1,1,1,1,1,1,4),
  (3.14159265359,3.145941433844,3.150290214098,3.154638994352,
    3.158987774606,3.163336554861,3.167685335115,3.172034115369,
    3.176382895623,3.180731675877,3.185080456131,3.189429236386,
    3.19377801664,3.198126796894,3.202475577148,3.206824357402,
    3.211173137656,3.215521917911,3.219870698165,3.224219478419,
    3.228568258673,3.232917038927,3.237265819181),
  .QUASI_UNIFORM_KNOTS.);
#2175 = CARTESIAN_POINT('',(8.250489744684E-04,0.));
#2176 = CARTESIAN_POINT('',(8.250489744684E-04,8.955352824264E-04));
#2177 = CARTESIAN_POINT('',(8.250489744684E-04,2.684620237367E-03));
#2178 = CARTESIAN_POINT('',(8.250489744684E-04,5.362335562111E-03));
#2179 = CARTESIAN_POINT('',(8.250489744684E-04,8.034183621824E-03));
#2180 = CARTESIAN_POINT('',(8.250489744684E-04,1.070020883717E-02));
#2181 = CARTESIAN_POINT('',(8.250489744684E-04,1.336045535634E-02));
#2182 = CARTESIAN_POINT('',(8.250489744684E-04,1.601496701903E-02));
#2183 = CARTESIAN_POINT('',(8.250489744684E-04,1.866378737013E-02));
#2184 = CARTESIAN_POINT('',(8.250489744684E-04,2.130695965999E-02));
#2185 = CARTESIAN_POINT('',(8.250489744684E-04,2.39445268483E-02));
#2186 = CARTESIAN_POINT('',(8.250489744684E-04,2.657653160692E-02));
#2187 = CARTESIAN_POINT('',(8.250489744684E-04,2.920301632294E-02));
#2188 = CARTESIAN_POINT('',(8.250489744684E-04,3.182402310167E-02));
#2189 = CARTESIAN_POINT('',(8.250489744684E-04,3.44395937696E-02));
#2190 = CARTESIAN_POINT('',(8.250489744684E-04,3.704976987729E-02));
#2191 = CARTESIAN_POINT('',(8.250489744684E-04,3.965459270227E-02));
#2192 = CARTESIAN_POINT('',(8.250489744684E-04,4.225410325188E-02));
#2193 = CARTESIAN_POINT('',(8.250489744684E-04,4.484834226622E-02));
#2194 = CARTESIAN_POINT('',(8.250489744684E-04,4.743735022037E-02));
#2195 = CARTESIAN_POINT('',(8.250489744684E-04,5.00211673294E-02));
#2196 = CARTESIAN_POINT('',(8.250489744684E-04,5.259983354259E-02));
#2197 = CARTESIAN_POINT('',(8.250489744684E-04,5.5173388578E-02));
#2198 = CARTESIAN_POINT('',(8.250489744684E-04,5.688571073009E-02));
#2199 = CARTESIAN_POINT('',(8.250489744684E-04,5.774103308322E-02));
#2200 = ( GEOMETRIC_REPRESENTATION_CONTEXT(2) 
PARAMETRIC_REPRESENTATION_CONTEXT() REPRESENTATION_CONTEXT('2D SPACE',''
  ) );
#2201 = ADVANCED_FACE('',(#2202),#2020,.F.);
#2202 = FACE_BOUND('',#2203,.T.);
#2203 = EDGE_LOOP('',(#2204,#2234,#2260,#2261,#2289));
#2204 = ORIENTED_EDGE('',*,*,#2205,.T.);
#2205 = EDGE_CURVE('',#2206,#2208,#2210,.T.);
#2206 = VERTEX_POINT('',#2207);
#2207 = CARTESIAN_POINT('',(0.25,0.1,4.1));
#2208 = VERTEX_POINT('',#2209);
#2209 = CARTESIAN_POINT('',(0.25,0.1,2.801304834898));
#2210 = SURFACE_CURVE('',#2211,(#2215,#2222),.PCURVE_S1.);
#2211 = LINE('',#2212,#2213);
#2212 = CARTESIAN_POINT('',(0.25,0.1,1.));
#2213 = VECTOR('',#2214,1.);
#2214 = DIRECTION('',(9.637352644316E-17,-1.110223024625E-16,-1.));
#2215 = PCURVE('',#2020,#2216);
#2216 = DEFINITIONAL_REPRESENTATION('',(#2217),#2221);
#2217 = LINE('',#2218,#2219);
#2218 = CARTESIAN_POINT('',(-4.5,-1.6));
#2219 = VECTOR('',#2220,1.);
#2220 = DIRECTION('',(-1.,0.));
#2221 = ( GEOMETRIC_REPRESENTATION_CONTEXT(2) 
PARAMETRIC_REPRESENTATION_CONTEXT() REPRESENTATION_CONTEXT('2D SPACE',''
  ) );
#2222 = PCURVE('',#2223,#2228);
#2223 = CYLINDRICAL_SURFACE('',#2224,1.4);
#2224 = AXIS2_PLACEMENT_3D('',#2225,#2226,#2227);
#2225 = CARTESIAN_POINT('',(1.65,0.1,5.5));
#2226 = DIRECTION('',(-9.637352644316E-17,1.110223024625E-16,1.));
#2227 = DIRECTION('',(-1.,-1.069961080215E-32,-9.637352644316E-17));
#2228 = DEFINITIONAL_REPRESENTATION('',(#2229),#2233);
#2229 = LINE('',#2230,#2231);
#2230 = CARTESIAN_POINT('',(6.28318530718,-4.5));
#2231 = VECTOR('',#2232,1.);
#2232 = DIRECTION('',(0.,-1.));
#2233 = ( GEOMETRIC_REPRESENTATION_CONTEXT(2) 
PARAMETRIC_REPRESENTATION_CONTEXT() REPRESENTATION_CONTEXT('2D SPACE',''
  ) );
#2234 = ORIENTED_EDGE('',*,*,#2235,.T.);
#2235 = EDGE_CURVE('',#2208,#46,#2236,.T.);
#2236 = SURFACE_CURVE('',#2237,(#2241,#2248),.PCURVE_S1.);
#2237 = LINE('',#2238,#2239);
#2238 = CARTESIAN_POINT('',(0.25,-1.5,2.801304834898));
#2239 = VECTOR('',#2240,1.);
#2240 = DIRECTION('',(0.,-1.,1.110223024625E-16));
#2241 = PCURVE('',#2020,#2242);
#2242 = DEFINITIONAL_REPRESENTATION('',(#2243),#2247);
#2243 = LINE('',#2244,#2245);
#2244 = CARTESIAN_POINT('',(-2.698695165102,1.44473858976E-16));
#2245 = VECTOR('',#2246,1.);
#2246 = DIRECTION('',(0.,1.));
#2247 = ( GEOMETRIC_REPRESENTATION_CONTEXT(2) 
PARAMETRIC_REPRESENTATION_CONTEXT() REPRESENTATION_CONTEXT('2D SPACE',''
  ) );
#2248 = PCURVE('',#2249,#2254);
#2249 = CYLINDRICAL_SURFACE('',#2250,1.);
#2250 = AXIS2_PLACEMENT_3D('',#2251,#2252,#2253);
#2251 = CARTESIAN_POINT('',(1.25,-1.5,2.801304834898));
#2252 = DIRECTION('',(-0.,1.,-1.110223024625E-16));
#2253 = DIRECTION('',(-1.,0.,0.));
#2254 = DEFINITIONAL_REPRESENTATION('',(#2255),#2259);
#2255 = LINE('',#2256,#2257);
#2256 = CARTESIAN_POINT('',(6.28318530718,0.));
#2257 = VECTOR('',#2258,1.);
#2258 = DIRECTION('',(0.,-1.));
#2259 = ( GEOMETRIC_REPRESENTATION_CONTEXT(2) 
PARAMETRIC_REPRESENTATION_CONTEXT() REPRESENTATION_CONTEXT('2D SPACE',''
  ) );
#2260 = ORIENTED_EDGE('',*,*,#1999,.T.);
#2261 = ORIENTED_EDGE('',*,*,#2262,.T.);
#2262 = EDGE_CURVE('',#2000,#2263,#2265,.T.);
#2263 = VERTEX_POINT('',#2264);
#2264 = CARTESIAN_POINT('',(0.25,-1.E-01,4.1));
#2265 = SURFACE_CURVE('',#2266,(#2270,#2277),.PCURVE_S1.);
#2266 = LINE('',#2267,#2268);
#2267 = CARTESIAN_POINT('',(0.25,-1.E-01,5.5));
#2268 = VECTOR('',#2269,1.);
#2269 = DIRECTION('',(-9.637352644316E-17,1.110223024625E-16,1.));
#2270 = PCURVE('',#2020,#2271);
#2271 = DEFINITIONAL_REPRESENTATION('',(#2272),#2276);
#2272 = LINE('',#2273,#2274);
#2273 = CARTESIAN_POINT('',(1.554312234475E-16,-1.4));
#2274 = VECTOR('',#2275,1.);
#2275 = DIRECTION('',(1.,0.));
#2276 = ( GEOMETRIC_REPRESENTATION_CONTEXT(2) 
PARAMETRIC_REPRESENTATION_CONTEXT() REPRESENTATION_CONTEXT('2D SPACE',''
  ) );
#2277 = PCURVE('',#2278,#2283);
#2278 = CYLINDRICAL_SURFACE('',#2279,1.4);
#2279 = AXIS2_PLACEMENT_3D('',#2280,#2281,#2282);
#2280 = CARTESIAN_POINT('',(1.65,-0.1,-1.03125));
#2281 = DIRECTION('',(9.637352644316E-17,-1.110223024625E-16,-1.));
#2282 = DIRECTION('',(1.,1.069961080215E-32,9.637352644316E-17));
#2283 = DEFINITIONAL_REPRESENTATION('',(#2284),#2288);
#2284 = LINE('',#2285,#2286);
#2285 = CARTESIAN_POINT('',(3.14159265359,-6.53125));
#2286 = VECTOR('',#2287,1.);
#2287 = DIRECTION('',(0.,-1.));
#2288 = ( GEOMETRIC_REPRESENTATION_CONTEXT(2) 
PARAMETRIC_REPRESENTATION_CONTEXT() REPRESENTATION_CONTEXT('2D SPACE',''
  ) );
#2289 = ORIENTED_EDGE('',*,*,#2290,.T.);
#2290 = EDGE_CURVE('',#2263,#2206,#2291,.T.);
#2291 = SURFACE_CURVE('',#2292,(#2296,#2303),.PCURVE_S1.);
#2292 = LINE('',#2293,#2294);
#2293 = CARTESIAN_POINT('',(0.25,-1.5,4.1));
#2294 = VECTOR('',#2295,1.);
#2295 = DIRECTION('',(0.,1.,-1.110223024625E-16));
#2296 = PCURVE('',#2020,#2297);
#2297 = DEFINITIONAL_REPRESENTATION('',(#2298),#2302);
#2298 = LINE('',#2299,#2300);
#2299 = CARTESIAN_POINT('',(-1.4,6.661338147751E-17));
#2300 = VECTOR('',#2301,1.);
#2301 = DIRECTION('',(0.,-1.));
#2302 = ( GEOMETRIC_REPRESENTATION_CONTEXT(2) 
PARAMETRIC_REPRESENTATION_CONTEXT() REPRESENTATION_CONTEXT('2D SPACE',''
  ) );
#2303 = PCURVE('',#2304,#2309);
#2304 = CYLINDRICAL_SURFACE('',#2305,1.4);
#2305 = AXIS2_PLACEMENT_3D('',#2306,#2307,#2308);
#2306 = CARTESIAN_POINT('',(1.65,-1.5,4.1));
#2307 = DIRECTION('',(0.,1.,-1.110223024625E-16));
#2308 = DIRECTION('',(-1.,0.,0.));
#2309 = DEFINITIONAL_REPRESENTATION('',(#2310),#2314);
#2310 = LINE('',#2311,#2312);
#2311 = CARTESIAN_POINT('',(0.,0.));
#2312 = VECTOR('',#2313,1.);
#2313 = DIRECTION('',(0.,1.));
#2314 = ( GEOMETRIC_REPRESENTATION_CONTEXT(2) 
PARAMETRIC_REPRESENTATION_CONTEXT() REPRESENTATION_CONTEXT('2D SPACE',''
  ) );
#2315 = ADVANCED_FACE('',(#2316),#2331,.F.);
#2316 = FACE_BOUND('',#2317,.F.);
#2317 = EDGE_LOOP('',(#2318,#2393,#2422,#2490));
#2318 = ORIENTED_EDGE('',*,*,#2319,.F.);
#2319 = EDGE_CURVE('',#2320,#2322,#2324,.T.);
#2320 = VERTEX_POINT('',#2321);
#2321 = CARTESIAN_POINT('',(3.425770522615,0.1,1.855170880945));
#2322 = VERTEX_POINT('',#2323);
#2323 = CARTESIAN_POINT('',(3.425770522615,-1.E-01,1.855170880945));
#2324 = SURFACE_CURVE('',#2325,(#2330,#2364),.PCURVE_S1.);
#2325 = B_SPLINE_CURVE_WITH_KNOTS('',3,(#2326,#2327,#2328,#2329),
  .UNSPECIFIED.,.F.,.F.,(4,4),(8.249287754628E-16,1.999999999992E-04),
  .PIECEWISE_BEZIER_KNOTS.);
#2326 = CARTESIAN_POINT('',(3.425770522615,0.1,1.855170880945));
#2327 = CARTESIAN_POINT('',(3.414298527169,3.333333333305E-02,
    1.858850328835));
#2328 = CARTESIAN_POINT('',(3.414298527169,-3.333333333389E-02,
    1.858850328835));
#2329 = CARTESIAN_POINT('',(3.425770522615,-1.E-01,1.855170880945));
#2330 = PCURVE('',#2331,#2336);
#2331 = CYLINDRICAL_SURFACE('',#2332,3.03125);
#2332 = AXIS2_PLACEMENT_3D('',#2333,#2334,#2335);
#2333 = CARTESIAN_POINT('',(2.5,-1.5,-1.03125));
#2334 = DIRECTION('',(-0.,1.,-1.110223024625E-16));
#2335 = DIRECTION('',(-1.,0.,0.));
#2336 = DEFINITIONAL_REPRESENTATION('',(#2337),#2363);
#2337 = B_SPLINE_CURVE_WITH_KNOTS('',3,(#2338,#2339,#2340,#2341,#2342,
    #2343,#2344,#2345,#2346,#2347,#2348,#2349,#2350,#2351,#2352,#2353,
    #2354,#2355,#2356,#2357,#2358,#2359,#2360,#2361,#2362),
  .UNSPECIFIED.,.F.,.F.,(4,1,1,1,1,1,1,1,1,1,1,1,1,1,1,1,1,1,1,1,1,1,4),
  (8.249287754628E-16,9.090909091659E-06,1.818181818249E-05,
    2.727272727333E-05,3.636363636416E-05,4.5454545455E-05,
    5.454545454583E-05,6.363636363666E-05,7.27272727275E-05,
    8.181818181833E-05,9.090909090917E-05,1.E-04,1.090909090908E-04,
    1.181818181817E-04,1.272727272725E-04,1.363636363633E-04,
    1.454545454542E-04,1.54545454545E-04,1.636363636358E-04,
    1.727272727267E-04,1.818181818175E-04,1.909090909083E-04,
    1.999999999992E-04),.QUASI_UNIFORM_KNOTS.);
#2338 = CARTESIAN_POINT('',(1.881164072305,1.6));
#2339 = CARTESIAN_POINT('',(1.880983414532,1.59696969697));
#2340 = CARTESIAN_POINT('',(1.88063852246,1.590909090909));
#2341 = CARTESIAN_POINT('',(1.88017045487,1.581818181818));
#2342 = CARTESIAN_POINT('',(1.879751657936,1.572727272727));
#2343 = CARTESIAN_POINT('',(1.879382131643,1.563636363636));
#2344 = CARTESIAN_POINT('',(1.879061875921,1.554545454545));
#2345 = CARTESIAN_POINT('',(1.878790890649,1.545454545454));
#2346 = CARTESIAN_POINT('',(1.878569175687,1.536363636363));
#2347 = CARTESIAN_POINT('',(1.878396730894,1.527272727272));
#2348 = CARTESIAN_POINT('',(1.878273556144,1.518181818182));
#2349 = CARTESIAN_POINT('',(1.878199651336,1.509090909091));
#2350 = CARTESIAN_POINT('',(1.878175016407,1.5));
#2351 = CARTESIAN_POINT('',(1.878199651336,1.490909090909));
#2352 = CARTESIAN_POINT('',(1.878273556144,1.481818181818));
#2353 = CARTESIAN_POINT('',(1.878396730894,1.472727272727));
#2354 = CARTESIAN_POINT('',(1.878569175687,1.463636363636));
#2355 = CARTESIAN_POINT('',(1.878790890649,1.454545454545));
#2356 = CARTESIAN_POINT('',(1.879061875921,1.445454545454));
#2357 = CARTESIAN_POINT('',(1.879382131643,1.436363636363));
#2358 = CARTESIAN_POINT('',(1.879751657936,1.427272727273));
#2359 = CARTESIAN_POINT('',(1.88017045487,1.418181818182));
#2360 = CARTESIAN_POINT('',(1.88063852246,1.409090909091));
#2361 = CARTESIAN_POINT('',(1.880983414532,1.40303030303));
#2362 = CARTESIAN_POINT('',(1.881164072305,1.4));
#2363 = ( GEOMETRIC_REPRESENTATION_CONTEXT(2) 
PARAMETRIC_REPRESENTATION_CONTEXT() REPRESENTATION_CONTEXT('2D SPACE',''
  ) );
#2364 = PCURVE('',#900,#2365);
#2365 = DEFINITIONAL_REPRESENTATION('',(#2366),#2392);
#2366 = B_SPLINE_CURVE_WITH_KNOTS('',3,(#2367,#2368,#2369,#2370,#2371,
    #2372,#2373,#2374,#2375,#2376,#2377,#2378,#2379,#2380,#2381,#2382,
    #2383,#2384,#2385,#2386,#2387,#2388,#2389,#2390,#2391),
  .UNSPECIFIED.,.F.,.F.,(4,1,1,1,1,1,1,1,1,1,1,1,1,1,1,1,1,1,1,1,1,1,4),
  (8.249287754628E-16,9.090909091659E-06,1.818181818249E-05,
    2.727272727333E-05,3.636363636416E-05,4.5454545455E-05,
    5.454545454583E-05,6.363636363666E-05,7.27272727275E-05,
    8.181818181833E-05,9.090909090917E-05,1.E-04,1.090909090908E-04,
    1.181818181817E-04,1.272727272725E-04,1.363636363633E-04,
    1.454545454542E-04,1.54545454545E-04,1.636363636358E-04,
    1.727272727267E-04,1.818181818175E-04,1.909090909083E-04,
    1.999999999992E-04),.QUASI_UNIFORM_KNOTS.);
#2367 = CARTESIAN_POINT('',(1.696369824125E-16,0.));
#2368 = CARTESIAN_POINT('',(3.030223443686E-06,-2.103654862974E-08));
#2369 = CARTESIAN_POINT('',(9.090362048883E-06,1.116111973268E-05));
#2370 = CARTESIAN_POINT('',(1.817999899166E-05,5.609198360586E-05));
#2371 = CARTESIAN_POINT('',(2.726944136424E-05,1.237981440236E-04));
#2372 = CARTESIAN_POINT('',(3.635898676125E-05,2.084327278568E-04));
#2373 = CARTESIAN_POINT('',(4.544887638838E-05,3.038579733481E-04));
#2374 = CARTESIAN_POINT('',(5.453928369444E-05,4.036297040262E-04));
#2375 = CARTESIAN_POINT('',(6.363031169967E-05,5.01052110277E-04));
#2376 = CARTESIAN_POINT('',(7.272198869288E-05,5.892350667225E-04));
#2377 = CARTESIAN_POINT('',(8.181426354052E-05,6.611729084997E-04));
#2378 = CARTESIAN_POINT('',(9.090700864385E-05,7.098400218934E-04));
#2379 = CARTESIAN_POINT('',(9.999999999949E-05,7.283008476851E-04));
#2380 = CARTESIAN_POINT('',(1.090929913551E-04,7.09840022566E-04));
#2381 = CARTESIAN_POINT('',(1.181857364583E-04,6.611729120403E-04));
#2382 = CARTESIAN_POINT('',(1.272780113058E-04,5.892350739692E-04));
#2383 = CARTESIAN_POINT('',(1.363696882989E-04,5.010521216439E-04));
#2384 = CARTESIAN_POINT('',(1.454607163041E-04,4.036297192577E-04));
#2385 = CARTESIAN_POINT('',(1.545511236101E-04,3.038579916023E-04));
#2386 = CARTESIAN_POINT('',(1.636410132372E-04,2.08432747683E-04));
#2387 = CARTESIAN_POINT('',(1.727305586342E-04,1.23798163403E-04));
#2388 = CARTESIAN_POINT('',(1.818200010068E-04,5.609199998407E-05));
#2389 = CARTESIAN_POINT('',(1.909096379495E-04,1.116112997625E-05));
#2390 = CARTESIAN_POINT('',(1.969697765551E-04,-2.103270449976E-08));
#2391 = CARTESIAN_POINT('',(1.999999999992E-04,0.));
#2392 = ( GEOMETRIC_REPRESENTATION_CONTEXT(2) 
PARAMETRIC_REPRESENTATION_CONTEXT() REPRESENTATION_CONTEXT('2D SPACE',''
  ) );
#2393 = ORIENTED_EDGE('',*,*,#2394,.F.);
#2394 = EDGE_CURVE('',#2395,#2320,#2397,.T.);
#2395 = VERTEX_POINT('',#2396);
#2396 = CARTESIAN_POINT('',(1.574229477385,0.1,1.855170880945));
#2397 = SURFACE_CURVE('',#2398,(#2403,#2410),.PCURVE_S1.);
#2398 = CIRCLE('',#2399,3.03125);
#2399 = AXIS2_PLACEMENT_3D('',#2400,#2401,#2402);
#2400 = CARTESIAN_POINT('',(2.5,1.E-01,-1.03125));
#2401 = DIRECTION('',(0.,1.,-1.110223024625E-16));
#2402 = DIRECTION('',(-1.,0.,0.));
#2403 = PCURVE('',#2331,#2404);
#2404 = DEFINITIONAL_REPRESENTATION('',(#2405),#2409);
#2405 = LINE('',#2406,#2407);
#2406 = CARTESIAN_POINT('',(0.,1.6));
#2407 = VECTOR('',#2408,1.);
#2408 = DIRECTION('',(1.,0.));
#2409 = ( GEOMETRIC_REPRESENTATION_CONTEXT(2) 
PARAMETRIC_REPRESENTATION_CONTEXT() REPRESENTATION_CONTEXT('2D SPACE',''
  ) );
#2410 = PCURVE('',#2411,#2416);
#2411 = TOROIDAL_SURFACE('',#2412,4.43125,1.4);
#2412 = AXIS2_PLACEMENT_3D('',#2413,#2414,#2415);
#2413 = CARTESIAN_POINT('',(2.5,1.E-01,-1.03125));
#2414 = DIRECTION('',(-0.,1.,-1.110223024625E-16));
#2415 = DIRECTION('',(-1.,0.,0.));
#2416 = DEFINITIONAL_REPRESENTATION('',(#2417),#2421);
#2417 = LINE('',#2418,#2419);
#2418 = CARTESIAN_POINT('',(0.,3.14159265359));
#2419 = VECTOR('',#2420,1.);
#2420 = DIRECTION('',(1.,0.));
#2421 = ( GEOMETRIC_REPRESENTATION_CONTEXT(2) 
PARAMETRIC_REPRESENTATION_CONTEXT() REPRESENTATION_CONTEXT('2D SPACE',''
  ) );
#2422 = ORIENTED_EDGE('',*,*,#2423,.F.);
#2423 = EDGE_CURVE('',#2424,#2395,#2426,.T.);
#2424 = VERTEX_POINT('',#2425);
#2425 = CARTESIAN_POINT('',(1.574229477385,-1.E-01,1.855170880945));
#2426 = SURFACE_CURVE('',#2427,(#2432,#2461),.PCURVE_S1.);
#2427 = B_SPLINE_CURVE_WITH_KNOTS('',3,(#2428,#2429,#2430,#2431),
  .UNSPECIFIED.,.F.,.F.,(4,4),(2.710505431214E-20,2.E-04),
  .PIECEWISE_BEZIER_KNOTS.);
#2428 = CARTESIAN_POINT('',(1.574229477385,-1.E-01,1.855170880945));
#2429 = CARTESIAN_POINT('',(1.585701472831,-3.333333333333E-02,
    1.858850328835));
#2430 = CARTESIAN_POINT('',(1.585701472831,3.333333333333E-02,
    1.858850328835));
#2431 = CARTESIAN_POINT('',(1.574229477385,0.1,1.855170880945));
#2432 = PCURVE('',#2331,#2433);
#2433 = DEFINITIONAL_REPRESENTATION('',(#2434),#2460);
#2434 = B_SPLINE_CURVE_WITH_KNOTS('',3,(#2435,#2436,#2437,#2438,#2439,
    #2440,#2441,#2442,#2443,#2444,#2445,#2446,#2447,#2448,#2449,#2450,
    #2451,#2452,#2453,#2454,#2455,#2456,#2457,#2458,#2459),
  .UNSPECIFIED.,.F.,.F.,(4,1,1,1,1,1,1,1,1,1,1,1,1,1,1,1,1,1,1,1,1,1,4),
  (2.710505431214E-20,9.090909090909E-06,1.818181818182E-05,
    2.727272727273E-05,3.636363636364E-05,4.545454545455E-05,
    5.454545454545E-05,6.363636363636E-05,7.272727272727E-05,
    8.181818181818E-05,9.090909090909E-05,1.E-04,1.090909090909E-04,
    1.181818181818E-04,1.272727272727E-04,1.363636363636E-04,
    1.454545454545E-04,1.545454545455E-04,1.636363636364E-04,
    1.727272727273E-04,1.818181818182E-04,1.909090909091E-04,2.E-04),
  .QUASI_UNIFORM_KNOTS.);
#2435 = CARTESIAN_POINT('',(1.260428581284,1.4));
#2436 = CARTESIAN_POINT('',(1.260609239058,1.40303030303));
#2437 = CARTESIAN_POINT('',(1.26095413113,1.409090909091));
#2438 = CARTESIAN_POINT('',(1.261422198719,1.418181818182));
#2439 = CARTESIAN_POINT('',(1.261840995654,1.427272727273));
#2440 = CARTESIAN_POINT('',(1.262210521947,1.436363636364));
#2441 = CARTESIAN_POINT('',(1.262530777669,1.445454545455));
#2442 = CARTESIAN_POINT('',(1.262801762941,1.454545454545));
#2443 = CARTESIAN_POINT('',(1.263023477903,1.463636363636));
#2444 = CARTESIAN_POINT('',(1.263195922695,1.472727272727));
#2445 = CARTESIAN_POINT('',(1.263319097446,1.481818181818));
#2446 = CARTESIAN_POINT('',(1.263393002254,1.490909090909));
#2447 = CARTESIAN_POINT('',(1.263417637183,1.5));
#2448 = CARTESIAN_POINT('',(1.263393002254,1.509090909091));
#2449 = CARTESIAN_POINT('',(1.263319097446,1.518181818182));
#2450 = CARTESIAN_POINT('',(1.263195922695,1.527272727273));
#2451 = CARTESIAN_POINT('',(1.263023477903,1.536363636364));
#2452 = CARTESIAN_POINT('',(1.262801762941,1.545454545455));
#2453 = CARTESIAN_POINT('',(1.262530777669,1.554545454545));
#2454 = CARTESIAN_POINT('',(1.262210521947,1.563636363636));
#2455 = CARTESIAN_POINT('',(1.261840995654,1.572727272727));
#2456 = CARTESIAN_POINT('',(1.261422198719,1.581818181818));
#2457 = CARTESIAN_POINT('',(1.26095413113,1.590909090909));
#2458 = CARTESIAN_POINT('',(1.260609239058,1.59696969697));
#2459 = CARTESIAN_POINT('',(1.260428581284,1.6));
#2460 = ( GEOMETRIC_REPRESENTATION_CONTEXT(2) 
PARAMETRIC_REPRESENTATION_CONTEXT() REPRESENTATION_CONTEXT('2D SPACE',''
  ) );
#2461 = PCURVE('',#558,#2462);
#2462 = DEFINITIONAL_REPRESENTATION('',(#2463),#2489);
#2463 = B_SPLINE_CURVE_WITH_KNOTS('',3,(#2464,#2465,#2466,#2467,#2468,
    #2469,#2470,#2471,#2472,#2473,#2474,#2475,#2476,#2477,#2478,#2479,
    #2480,#2481,#2482,#2483,#2484,#2485,#2486,#2487,#2488),
  .UNSPECIFIED.,.F.,.F.,(4,1,1,1,1,1,1,1,1,1,1,1,1,1,1,1,1,1,1,1,1,1,4),
  (2.710505431214E-20,9.090909090909E-06,1.818181818182E-05,
    2.727272727273E-05,3.636363636364E-05,4.545454545455E-05,
    5.454545454545E-05,6.363636363636E-05,7.272727272727E-05,
    8.181818181818E-05,9.090909090909E-05,1.E-04,1.090909090909E-04,
    1.181818181818E-04,1.272727272727E-04,1.363636363636E-04,
    1.454545454545E-04,1.545454545455E-04,1.636363636364E-04,
    1.727272727273E-04,1.818181818182E-04,1.909090909091E-04,2.E-04),
  .QUASI_UNIFORM_KNOTS.);
#2464 = CARTESIAN_POINT('',(2.E-04,1.));
#2465 = CARTESIAN_POINT('',(1.969697765559E-04,1.000000021033));
#2466 = CARTESIAN_POINT('',(1.909096379502E-04,0.99998883887));
#2467 = CARTESIAN_POINT('',(1.818200010075E-04,0.999943908));
#2468 = CARTESIAN_POINT('',(1.727305586348E-04,0.999876201837));
#2469 = CARTESIAN_POINT('',(1.636410132378E-04,0.999791567252));
#2470 = CARTESIAN_POINT('',(1.545511236106E-04,0.999696142008));
#2471 = CARTESIAN_POINT('',(1.454607163046E-04,0.999596370281));
#2472 = CARTESIAN_POINT('',(1.363696882995E-04,0.999498947878));
#2473 = CARTESIAN_POINT('',(1.272780113063E-04,0.999410764926));
#2474 = CARTESIAN_POINT('',(1.181857364588E-04,0.999338827088));
#2475 = CARTESIAN_POINT('',(1.090929913556E-04,0.999290159978));
#2476 = CARTESIAN_POINT('',(1.E-04,0.999271699153));
#2477 = CARTESIAN_POINT('',(9.090700864437E-05,0.999290159978));
#2478 = CARTESIAN_POINT('',(8.181426354107E-05,0.999338827092));
#2479 = CARTESIAN_POINT('',(7.272198869346E-05,0.999410764933));
#2480 = CARTESIAN_POINT('',(6.363031170028E-05,0.99949894789));
#2481 = CARTESIAN_POINT('',(5.453928369509E-05,0.999596370296));
#2482 = CARTESIAN_POINT('',(4.544887638905E-05,0.999696142027));
#2483 = CARTESIAN_POINT('',(3.635898676194E-05,0.999791567272));
#2484 = CARTESIAN_POINT('',(2.726944136495E-05,0.999876201856));
#2485 = CARTESIAN_POINT('',(1.817999899232E-05,0.999943908016));
#2486 = CARTESIAN_POINT('',(9.090362049704E-06,0.99998883888));
#2487 = CARTESIAN_POINT('',(3.030223444023E-06,1.000000021036));
#2488 = CARTESIAN_POINT('',(-4.404571325722E-19,1.));
#2489 = ( GEOMETRIC_REPRESENTATION_CONTEXT(2) 
PARAMETRIC_REPRESENTATION_CONTEXT() REPRESENTATION_CONTEXT('2D SPACE',''
  ) );
#2490 = ORIENTED_EDGE('',*,*,#2491,.F.);
#2491 = EDGE_CURVE('',#2322,#2424,#2492,.T.);
#2492 = SURFACE_CURVE('',#2493,(#2498,#2505),.PCURVE_S1.);
#2493 = CIRCLE('',#2494,3.03125);
#2494 = AXIS2_PLACEMENT_3D('',#2495,#2496,#2497);
#2495 = CARTESIAN_POINT('',(2.5,-0.1,-1.03125));
#2496 = DIRECTION('',(0.,-1.,1.110223024625E-16));
#2497 = DIRECTION('',(-1.,0.,0.));
#2498 = PCURVE('',#2331,#2499);
#2499 = DEFINITIONAL_REPRESENTATION('',(#2500),#2504);
#2500 = LINE('',#2501,#2502);
#2501 = CARTESIAN_POINT('',(6.28318530718,1.4));
#2502 = VECTOR('',#2503,1.);
#2503 = DIRECTION('',(-1.,0.));
#2504 = ( GEOMETRIC_REPRESENTATION_CONTEXT(2) 
PARAMETRIC_REPRESENTATION_CONTEXT() REPRESENTATION_CONTEXT('2D SPACE',''
  ) );
#2505 = PCURVE('',#2506,#2511);
#2506 = TOROIDAL_SURFACE('',#2507,4.43125,1.4);
#2507 = AXIS2_PLACEMENT_3D('',#2508,#2509,#2510);
#2508 = CARTESIAN_POINT('',(2.5,-0.1,-1.03125));
#2509 = DIRECTION('',(-0.,1.,-1.110223024625E-16));
#2510 = DIRECTION('',(-1.,0.,0.));
#2511 = DEFINITIONAL_REPRESENTATION('',(#2512),#2516);
#2512 = LINE('',#2513,#2514);
#2513 = CARTESIAN_POINT('',(6.28318530718,3.14159265359));
#2514 = VECTOR('',#2515,1.);
#2515 = DIRECTION('',(-1.,0.));
#2516 = ( GEOMETRIC_REPRESENTATION_CONTEXT(2) 
PARAMETRIC_REPRESENTATION_CONTEXT() REPRESENTATION_CONTEXT('2D SPACE',''
  ) );
#2517 = ADVANCED_FACE('',(#2518),#1984,.F.);
#2518 = FACE_BOUND('',#2519,.T.);
#2519 = EDGE_LOOP('',(#2520,#2548,#2549,#2577,#2605));
#2520 = ORIENTED_EDGE('',*,*,#2521,.T.);
#2521 = EDGE_CURVE('',#2522,#1796,#2524,.T.);
#2522 = VERTEX_POINT('',#2523);
#2523 = CARTESIAN_POINT('',(4.75,-1.E-01,4.1));
#2524 = SURFACE_CURVE('',#2525,(#2529,#2536),.PCURVE_S1.);
#2525 = LINE('',#2526,#2527);
#2526 = CARTESIAN_POINT('',(4.75,-1.E-01,5.5));
#2527 = VECTOR('',#2528,1.);
#2528 = DIRECTION('',(-9.637352644316E-17,-1.110223024625E-16,-1.));
#2529 = PCURVE('',#1984,#2530);
#2530 = DEFINITIONAL_REPRESENTATION('',(#2531),#2535);
#2531 = LINE('',#2532,#2533);
#2532 = CARTESIAN_POINT('',(-1.554312234475E-16,-1.4));
#2533 = VECTOR('',#2534,1.);
#2534 = DIRECTION('',(1.,0.));
#2535 = ( GEOMETRIC_REPRESENTATION_CONTEXT(2) 
PARAMETRIC_REPRESENTATION_CONTEXT() REPRESENTATION_CONTEXT('2D SPACE',''
  ) );
#2536 = PCURVE('',#2537,#2542);
#2537 = CYLINDRICAL_SURFACE('',#2538,1.4);
#2538 = AXIS2_PLACEMENT_3D('',#2539,#2540,#2541);
#2539 = CARTESIAN_POINT('',(3.35,-0.1,-1.03125));
#2540 = DIRECTION('',(9.637352644316E-17,1.110223024625E-16,1.));
#2541 = DIRECTION('',(-1.,1.069961080215E-32,9.637352644316E-17));
#2542 = DEFINITIONAL_REPRESENTATION('',(#2543),#2547);
#2543 = LINE('',#2544,#2545);
#2544 = CARTESIAN_POINT('',(3.14159265359,6.53125));
#2545 = VECTOR('',#2546,1.);
#2546 = DIRECTION('',(0.,-1.));
#2547 = ( GEOMETRIC_REPRESENTATION_CONTEXT(2) 
PARAMETRIC_REPRESENTATION_CONTEXT() REPRESENTATION_CONTEXT('2D SPACE',''
  ) );
#2548 = ORIENTED_EDGE('',*,*,#1970,.T.);
#2549 = ORIENTED_EDGE('',*,*,#2550,.T.);
#2550 = EDGE_CURVE('',#1213,#2551,#2553,.T.);
#2551 = VERTEX_POINT('',#2552);
#2552 = CARTESIAN_POINT('',(4.75,0.1,2.801304834898));
#2553 = SURFACE_CURVE('',#2554,(#2558,#2565),.PCURVE_S1.);
#2554 = LINE('',#2555,#2556);
#2555 = CARTESIAN_POINT('',(4.75,-1.5,2.801304834898));
#2556 = VECTOR('',#2557,1.);
#2557 = DIRECTION('',(0.,1.,-1.110223024625E-16));
#2558 = PCURVE('',#1984,#2559);
#2559 = DEFINITIONAL_REPRESENTATION('',(#2560),#2564);
#2560 = LINE('',#2561,#2562);
#2561 = CARTESIAN_POINT('',(2.698695165102,1.44473858976E-16));
#2562 = VECTOR('',#2563,1.);
#2563 = DIRECTION('',(0.,-1.));
#2564 = ( GEOMETRIC_REPRESENTATION_CONTEXT(2) 
PARAMETRIC_REPRESENTATION_CONTEXT() REPRESENTATION_CONTEXT('2D SPACE',''
  ) );
#2565 = PCURVE('',#2566,#2571);
#2566 = CYLINDRICAL_SURFACE('',#2567,1.);
#2567 = AXIS2_PLACEMENT_3D('',#2568,#2569,#2570);
#2568 = CARTESIAN_POINT('',(3.75,-1.5,2.801304834898));
#2569 = DIRECTION('',(-0.,1.,-1.110223024625E-16));
#2570 = DIRECTION('',(-1.,0.,0.));
#2571 = DEFINITIONAL_REPRESENTATION('',(#2572),#2576);
#2572 = LINE('',#2573,#2574);
#2573 = CARTESIAN_POINT('',(3.14159265359,0.));
#2574 = VECTOR('',#2575,1.);
#2575 = DIRECTION('',(0.,1.));
#2576 = ( GEOMETRIC_REPRESENTATION_CONTEXT(2) 
PARAMETRIC_REPRESENTATION_CONTEXT() REPRESENTATION_CONTEXT('2D SPACE',''
  ) );
#2577 = ORIENTED_EDGE('',*,*,#2578,.T.);
#2578 = EDGE_CURVE('',#2551,#2579,#2581,.T.);
#2579 = VERTEX_POINT('',#2580);
#2580 = CARTESIAN_POINT('',(4.75,0.1,4.1));
#2581 = SURFACE_CURVE('',#2582,(#2586,#2593),.PCURVE_S1.);
#2582 = LINE('',#2583,#2584);
#2583 = CARTESIAN_POINT('',(4.75,0.1,5.5));
#2584 = VECTOR('',#2585,1.);
#2585 = DIRECTION('',(9.637352644316E-17,1.110223024625E-16,1.));
#2586 = PCURVE('',#1984,#2587);
#2587 = DEFINITIONAL_REPRESENTATION('',(#2588),#2592);
#2588 = LINE('',#2589,#2590);
#2589 = CARTESIAN_POINT('',(-1.7763568394E-16,-1.6));
#2590 = VECTOR('',#2591,1.);
#2591 = DIRECTION('',(-1.,0.));
#2592 = ( GEOMETRIC_REPRESENTATION_CONTEXT(2) 
PARAMETRIC_REPRESENTATION_CONTEXT() REPRESENTATION_CONTEXT('2D SPACE',''
  ) );
#2593 = PCURVE('',#2594,#2599);
#2594 = CYLINDRICAL_SURFACE('',#2595,1.4);
#2595 = AXIS2_PLACEMENT_3D('',#2596,#2597,#2598);
#2596 = CARTESIAN_POINT('',(3.35,0.1,5.5));
#2597 = DIRECTION('',(-9.637352644316E-17,-1.110223024625E-16,-1.));
#2598 = DIRECTION('',(1.,-1.069961080215E-32,-9.637352644316E-17));
#2599 = DEFINITIONAL_REPRESENTATION('',(#2600),#2604);
#2600 = LINE('',#2601,#2602);
#2601 = CARTESIAN_POINT('',(6.28318530718,0.));
#2602 = VECTOR('',#2603,1.);
#2603 = DIRECTION('',(0.,-1.));
#2604 = ( GEOMETRIC_REPRESENTATION_CONTEXT(2) 
PARAMETRIC_REPRESENTATION_CONTEXT() REPRESENTATION_CONTEXT('2D SPACE',''
  ) );
#2605 = ORIENTED_EDGE('',*,*,#2606,.T.);
#2606 = EDGE_CURVE('',#2579,#2522,#2607,.T.);
#2607 = SURFACE_CURVE('',#2608,(#2612,#2619),.PCURVE_S1.);
#2608 = LINE('',#2609,#2610);
#2609 = CARTESIAN_POINT('',(4.75,-1.5,4.1));
#2610 = VECTOR('',#2611,1.);
#2611 = DIRECTION('',(0.,-1.,1.110223024625E-16));
#2612 = PCURVE('',#1984,#2613);
#2613 = DEFINITIONAL_REPRESENTATION('',(#2614),#2618);
#2614 = LINE('',#2615,#2616);
#2615 = CARTESIAN_POINT('',(1.4,6.661338147751E-17));
#2616 = VECTOR('',#2617,1.);
#2617 = DIRECTION('',(0.,1.));
#2618 = ( GEOMETRIC_REPRESENTATION_CONTEXT(2) 
PARAMETRIC_REPRESENTATION_CONTEXT() REPRESENTATION_CONTEXT('2D SPACE',''
  ) );
#2619 = PCURVE('',#2620,#2625);
#2620 = CYLINDRICAL_SURFACE('',#2621,1.4);
#2621 = AXIS2_PLACEMENT_3D('',#2622,#2623,#2624);
#2622 = CARTESIAN_POINT('',(3.35,-1.5,4.1));
#2623 = DIRECTION('',(0.,1.,-1.110223024625E-16));
#2624 = DIRECTION('',(-1.,0.,0.));
#2625 = DEFINITIONAL_REPRESENTATION('',(#2626),#2630);
#2626 = LINE('',#2627,#2628);
#2627 = CARTESIAN_POINT('',(3.14159265359,0.));
#2628 = VECTOR('',#2629,1.);
#2629 = DIRECTION('',(0.,-1.));
#2630 = ( GEOMETRIC_REPRESENTATION_CONTEXT(2) 
PARAMETRIC_REPRESENTATION_CONTEXT() REPRESENTATION_CONTEXT('2D SPACE',''
  ) );
#2631 = ADVANCED_FACE('',(#2632),#2646,.F.);
#2632 = FACE_BOUND('',#2633,.T.);
#2633 = EDGE_LOOP('',(#2634,#2669,#2692,#2720));
#2634 = ORIENTED_EDGE('',*,*,#2635,.T.);
#2635 = EDGE_CURVE('',#2636,#2638,#2640,.T.);
#2636 = VERTEX_POINT('',#2637);
#2637 = CARTESIAN_POINT('',(3.35,0.1,5.5));
#2638 = VERTEX_POINT('',#2639);
#2639 = CARTESIAN_POINT('',(1.65,0.1,5.5));
#2640 = SURFACE_CURVE('',#2641,(#2645,#2657),.PCURVE_S1.);
#2641 = LINE('',#2642,#2643);
#2642 = CARTESIAN_POINT('',(0.25,0.1,5.5));
#2643 = VECTOR('',#2644,1.);
#2644 = DIRECTION('',(-1.,0.,0.));
#2645 = PCURVE('',#2646,#2651);
#2646 = PLANE('',#2647);
#2647 = AXIS2_PLACEMENT_3D('',#2648,#2649,#2650);
#2648 = CARTESIAN_POINT('',(4.75,-1.5,5.5));
#2649 = DIRECTION('',(0.,-1.110223024625E-16,-1.));
#2650 = DIRECTION('',(0.,1.,-1.110223024625E-16));
#2651 = DEFINITIONAL_REPRESENTATION('',(#2652),#2656);
#2652 = LINE('',#2653,#2654);
#2653 = CARTESIAN_POINT('',(1.6,-4.5));
#2654 = VECTOR('',#2655,1.);
#2655 = DIRECTION('',(0.,-1.));
#2656 = ( GEOMETRIC_REPRESENTATION_CONTEXT(2) 
PARAMETRIC_REPRESENTATION_CONTEXT() REPRESENTATION_CONTEXT('2D SPACE',''
  ) );
#2657 = PCURVE('',#2658,#2663);
#2658 = CYLINDRICAL_SURFACE('',#2659,1.4);
#2659 = AXIS2_PLACEMENT_3D('',#2660,#2661,#2662);
#2660 = CARTESIAN_POINT('',(4.75,0.1,4.1));
#2661 = DIRECTION('',(1.,0.,0.));
#2662 = DIRECTION('',(0.,1.,-1.110223024625E-16));
#2663 = DEFINITIONAL_REPRESENTATION('',(#2664),#2668);
#2664 = LINE('',#2665,#2666);
#2665 = CARTESIAN_POINT('',(1.570796326795,-4.5));
#2666 = VECTOR('',#2667,1.);
#2667 = DIRECTION('',(0.,-1.));
#2668 = ( GEOMETRIC_REPRESENTATION_CONTEXT(2) 
PARAMETRIC_REPRESENTATION_CONTEXT() REPRESENTATION_CONTEXT('2D SPACE',''
  ) );
#2669 = ORIENTED_EDGE('',*,*,#2670,.T.);
#2670 = EDGE_CURVE('',#2638,#2671,#2673,.T.);
#2671 = VERTEX_POINT('',#2672);
#2672 = CARTESIAN_POINT('',(1.65,-1.E-01,5.5));
#2673 = SURFACE_CURVE('',#2674,(#2678,#2685),.PCURVE_S1.);
#2674 = LINE('',#2675,#2676);
#2675 = CARTESIAN_POINT('',(1.65,-1.5,5.5));
#2676 = VECTOR('',#2677,1.);
#2677 = DIRECTION('',(0.,-1.,1.110223024625E-16));
#2678 = PCURVE('',#2646,#2679);
#2679 = DEFINITIONAL_REPRESENTATION('',(#2680),#2684);
#2680 = LINE('',#2681,#2682);
#2681 = CARTESIAN_POINT('',(0.,-3.1));
#2682 = VECTOR('',#2683,1.);
#2683 = DIRECTION('',(-1.,0.));
#2684 = ( GEOMETRIC_REPRESENTATION_CONTEXT(2) 
PARAMETRIC_REPRESENTATION_CONTEXT() REPRESENTATION_CONTEXT('2D SPACE',''
  ) );
#2685 = PCURVE('',#2304,#2686);
#2686 = DEFINITIONAL_REPRESENTATION('',(#2687),#2691);
#2687 = LINE('',#2688,#2689);
#2688 = CARTESIAN_POINT('',(1.570796326795,0.));
#2689 = VECTOR('',#2690,1.);
#2690 = DIRECTION('',(0.,-1.));
#2691 = ( GEOMETRIC_REPRESENTATION_CONTEXT(2) 
PARAMETRIC_REPRESENTATION_CONTEXT() REPRESENTATION_CONTEXT('2D SPACE',''
  ) );
#2692 = ORIENTED_EDGE('',*,*,#2693,.T.);
#2693 = EDGE_CURVE('',#2671,#2694,#2696,.T.);
#2694 = VERTEX_POINT('',#2695);
#2695 = CARTESIAN_POINT('',(3.35,-1.E-01,5.5));
#2696 = SURFACE_CURVE('',#2697,(#2701,#2708),.PCURVE_S1.);
#2697 = LINE('',#2698,#2699);
#2698 = CARTESIAN_POINT('',(4.75,-1.E-01,5.5));
#2699 = VECTOR('',#2700,1.);
#2700 = DIRECTION('',(1.,0.,0.));
#2701 = PCURVE('',#2646,#2702);
#2702 = DEFINITIONAL_REPRESENTATION('',(#2703),#2707);
#2703 = LINE('',#2704,#2705);
#2704 = CARTESIAN_POINT('',(1.4,0.));
#2705 = VECTOR('',#2706,1.);
#2706 = DIRECTION('',(0.,1.));
#2707 = ( GEOMETRIC_REPRESENTATION_CONTEXT(2) 
PARAMETRIC_REPRESENTATION_CONTEXT() REPRESENTATION_CONTEXT('2D SPACE',''
  ) );
#2708 = PCURVE('',#2709,#2714);
#2709 = CYLINDRICAL_SURFACE('',#2710,1.4);
#2710 = AXIS2_PLACEMENT_3D('',#2711,#2712,#2713);
#2711 = CARTESIAN_POINT('',(2.5,-1.E-01,4.1));
#2712 = DIRECTION('',(-1.,0.,0.));
#2713 = DIRECTION('',(0.,-1.,1.110223024625E-16));
#2714 = DEFINITIONAL_REPRESENTATION('',(#2715),#2719);
#2715 = LINE('',#2716,#2717);
#2716 = CARTESIAN_POINT('',(1.570796326795,-2.25));
#2717 = VECTOR('',#2718,1.);
#2718 = DIRECTION('',(0.,-1.));
#2719 = ( GEOMETRIC_REPRESENTATION_CONTEXT(2) 
PARAMETRIC_REPRESENTATION_CONTEXT() REPRESENTATION_CONTEXT('2D SPACE',''
  ) );
#2720 = ORIENTED_EDGE('',*,*,#2721,.T.);
#2721 = EDGE_CURVE('',#2694,#2636,#2722,.T.);
#2722 = SURFACE_CURVE('',#2723,(#2727,#2734),.PCURVE_S1.);
#2723 = LINE('',#2724,#2725);
#2724 = CARTESIAN_POINT('',(3.35,-1.5,5.5));
#2725 = VECTOR('',#2726,1.);
#2726 = DIRECTION('',(0.,1.,-1.110223024625E-16));
#2727 = PCURVE('',#2646,#2728);
#2728 = DEFINITIONAL_REPRESENTATION('',(#2729),#2733);
#2729 = LINE('',#2730,#2731);
#2730 = CARTESIAN_POINT('',(0.,-1.4));
#2731 = VECTOR('',#2732,1.);
#2732 = DIRECTION('',(1.,0.));
#2733 = ( GEOMETRIC_REPRESENTATION_CONTEXT(2) 
PARAMETRIC_REPRESENTATION_CONTEXT() REPRESENTATION_CONTEXT('2D SPACE',''
  ) );
#2734 = PCURVE('',#2620,#2735);
#2735 = DEFINITIONAL_REPRESENTATION('',(#2736),#2740);
#2736 = LINE('',#2737,#2738);
#2737 = CARTESIAN_POINT('',(1.570796326795,0.));
#2738 = VECTOR('',#2739,1.);
#2739 = DIRECTION('',(0.,1.));
#2740 = ( GEOMETRIC_REPRESENTATION_CONTEXT(2) 
PARAMETRIC_REPRESENTATION_CONTEXT() REPRESENTATION_CONTEXT('2D SPACE',''
  ) );
#2741 = ADVANCED_FACE('',(#2742),#2756,.F.);
#2742 = FACE_BOUND('',#2743,.T.);
#2743 = EDGE_LOOP('',(#2744,#2774,#2797,#2820));
#2744 = ORIENTED_EDGE('',*,*,#2745,.T.);
#2745 = EDGE_CURVE('',#2746,#2748,#2750,.T.);
#2746 = VERTEX_POINT('',#2747);
#2747 = CARTESIAN_POINT('',(3.35,-1.5,3.317712699599));
#2748 = VERTEX_POINT('',#2749);
#2749 = CARTESIAN_POINT('',(3.35,-1.5,4.1));
#2750 = SURFACE_CURVE('',#2751,(#2755,#2767),.PCURVE_S1.);
#2751 = LINE('',#2752,#2753);
#2752 = CARTESIAN_POINT('',(3.35,-1.5,-1.03125));
#2753 = VECTOR('',#2754,1.);
#2754 = DIRECTION('',(9.637352644316E-17,1.110223024625E-16,1.));
#2755 = PCURVE('',#2756,#2761);
#2756 = PLANE('',#2757);
#2757 = AXIS2_PLACEMENT_3D('',#2758,#2759,#2760);
#2758 = CARTESIAN_POINT('',(2.5,-1.5,-1.03125));
#2759 = DIRECTION('',(0.,1.,-1.110223024625E-16));
#2760 = DIRECTION('',(-1.,0.,0.));
#2761 = DEFINITIONAL_REPRESENTATION('',(#2762),#2766);
#2762 = LINE('',#2763,#2764);
#2763 = CARTESIAN_POINT('',(-0.85,0.));
#2764 = VECTOR('',#2765,1.);
#2765 = DIRECTION('',(-9.637352644316E-17,1.));
#2766 = ( GEOMETRIC_REPRESENTATION_CONTEXT(2) 
PARAMETRIC_REPRESENTATION_CONTEXT() REPRESENTATION_CONTEXT('2D SPACE',''
  ) );
#2767 = PCURVE('',#2537,#2768);
#2768 = DEFINITIONAL_REPRESENTATION('',(#2769),#2773);
#2769 = LINE('',#2770,#2771);
#2770 = CARTESIAN_POINT('',(1.570796326795,0.));
#2771 = VECTOR('',#2772,1.);
#2772 = DIRECTION('',(0.,1.));
#2773 = ( GEOMETRIC_REPRESENTATION_CONTEXT(2) 
PARAMETRIC_REPRESENTATION_CONTEXT() REPRESENTATION_CONTEXT('2D SPACE',''
  ) );
#2774 = ORIENTED_EDGE('',*,*,#2775,.T.);
#2775 = EDGE_CURVE('',#2748,#2776,#2778,.T.);
#2776 = VERTEX_POINT('',#2777);
#2777 = CARTESIAN_POINT('',(1.65,-1.5,4.1));
#2778 = SURFACE_CURVE('',#2779,(#2783,#2790),.PCURVE_S1.);
#2779 = LINE('',#2780,#2781);
#2780 = CARTESIAN_POINT('',(2.5,-1.5,4.1));
#2781 = VECTOR('',#2782,1.);
#2782 = DIRECTION('',(-1.,0.,0.));
#2783 = PCURVE('',#2756,#2784);
#2784 = DEFINITIONAL_REPRESENTATION('',(#2785),#2789);
#2785 = LINE('',#2786,#2787);
#2786 = CARTESIAN_POINT('',(0.,5.13125));
#2787 = VECTOR('',#2788,1.);
#2788 = DIRECTION('',(1.,0.));
#2789 = ( GEOMETRIC_REPRESENTATION_CONTEXT(2) 
PARAMETRIC_REPRESENTATION_CONTEXT() REPRESENTATION_CONTEXT('2D SPACE',''
  ) );
#2790 = PCURVE('',#2709,#2791);
#2791 = DEFINITIONAL_REPRESENTATION('',(#2792),#2796);
#2792 = LINE('',#2793,#2794);
#2793 = CARTESIAN_POINT('',(0.,0.));
#2794 = VECTOR('',#2795,1.);
#2795 = DIRECTION('',(0.,1.));
#2796 = ( GEOMETRIC_REPRESENTATION_CONTEXT(2) 
PARAMETRIC_REPRESENTATION_CONTEXT() REPRESENTATION_CONTEXT('2D SPACE',''
  ) );
#2797 = ORIENTED_EDGE('',*,*,#2798,.T.);
#2798 = EDGE_CURVE('',#2776,#2799,#2801,.T.);
#2799 = VERTEX_POINT('',#2800);
#2800 = CARTESIAN_POINT('',(1.65,-1.5,3.317712699599));
#2801 = SURFACE_CURVE('',#2802,(#2806,#2813),.PCURVE_S1.);
#2802 = LINE('',#2803,#2804);
#2803 = CARTESIAN_POINT('',(1.65,-1.5,-1.03125));
#2804 = VECTOR('',#2805,1.);
#2805 = DIRECTION('',(9.637352644316E-17,-1.110223024625E-16,-1.));
#2806 = PCURVE('',#2756,#2807);
#2807 = DEFINITIONAL_REPRESENTATION('',(#2808),#2812);
#2808 = LINE('',#2809,#2810);
#2809 = CARTESIAN_POINT('',(0.85,0.));
#2810 = VECTOR('',#2811,1.);
#2811 = DIRECTION('',(-9.637352644316E-17,-1.));
#2812 = ( GEOMETRIC_REPRESENTATION_CONTEXT(2) 
PARAMETRIC_REPRESENTATION_CONTEXT() REPRESENTATION_CONTEXT('2D SPACE',''
  ) );
#2813 = PCURVE('',#2278,#2814);
#2814 = DEFINITIONAL_REPRESENTATION('',(#2815),#2819);
#2815 = LINE('',#2816,#2817);
#2816 = CARTESIAN_POINT('',(1.570796326795,0.));
#2817 = VECTOR('',#2818,1.);
#2818 = DIRECTION('',(0.,1.));
#2819 = ( GEOMETRIC_REPRESENTATION_CONTEXT(2) 
PARAMETRIC_REPRESENTATION_CONTEXT() REPRESENTATION_CONTEXT('2D SPACE',''
  ) );
#2820 = ORIENTED_EDGE('',*,*,#2821,.T.);
#2821 = EDGE_CURVE('',#2799,#2746,#2822,.T.);
#2822 = SURFACE_CURVE('',#2823,(#2828,#2835),.PCURVE_S1.);
#2823 = CIRCLE('',#2824,4.43125);
#2824 = AXIS2_PLACEMENT_3D('',#2825,#2826,#2827);
#2825 = CARTESIAN_POINT('',(2.5,-1.5,-1.03125));
#2826 = DIRECTION('',(0.,1.,-1.110223024625E-16));
#2827 = DIRECTION('',(-1.,0.,0.));
#2828 = PCURVE('',#2756,#2829);
#2829 = DEFINITIONAL_REPRESENTATION('',(#2830),#2834);
#2830 = CIRCLE('',#2831,4.43125);
#2831 = AXIS2_PLACEMENT_2D('',#2832,#2833);
#2832 = CARTESIAN_POINT('',(0.,0.));
#2833 = DIRECTION('',(1.,0.));
#2834 = ( GEOMETRIC_REPRESENTATION_CONTEXT(2) 
PARAMETRIC_REPRESENTATION_CONTEXT() REPRESENTATION_CONTEXT('2D SPACE',''
  ) );
#2835 = PCURVE('',#2506,#2836);
#2836 = DEFINITIONAL_REPRESENTATION('',(#2837),#2841);
#2837 = LINE('',#2838,#2839);
#2838 = CARTESIAN_POINT('',(0.,4.712388980385));
#2839 = VECTOR('',#2840,1.);
#2840 = DIRECTION('',(1.,0.));
#2841 = ( GEOMETRIC_REPRESENTATION_CONTEXT(2) 
PARAMETRIC_REPRESENTATION_CONTEXT() REPRESENTATION_CONTEXT('2D SPACE',''
  ) );
#2842 = ADVANCED_FACE('',(#2843),#2857,.T.);
#2843 = FACE_BOUND('',#2844,.T.);
#2844 = EDGE_LOOP('',(#2845,#2875,#2903,#2926));
#2845 = ORIENTED_EDGE('',*,*,#2846,.T.);
#2846 = EDGE_CURVE('',#2847,#2849,#2851,.T.);
#2847 = VERTEX_POINT('',#2848);
#2848 = CARTESIAN_POINT('',(3.35,1.5,4.1));
#2849 = VERTEX_POINT('',#2850);
#2850 = CARTESIAN_POINT('',(3.35,1.5,3.317712699599));
#2851 = SURFACE_CURVE('',#2852,(#2856,#2868),.PCURVE_S1.);
#2852 = LINE('',#2853,#2854);
#2853 = CARTESIAN_POINT('',(3.35,1.5,1.));
#2854 = VECTOR('',#2855,1.);
#2855 = DIRECTION('',(-9.637352644316E-17,-1.110223024625E-16,-1.));
#2856 = PCURVE('',#2857,#2862);
#2857 = PLANE('',#2858);
#2858 = AXIS2_PLACEMENT_3D('',#2859,#2860,#2861);
#2859 = CARTESIAN_POINT('',(2.5,1.5,-1.03125));
#2860 = DIRECTION('',(0.,1.,-1.110223024625E-16));
#2861 = DIRECTION('',(-1.,0.,0.));
#2862 = DEFINITIONAL_REPRESENTATION('',(#2863),#2867);
#2863 = LINE('',#2864,#2865);
#2864 = CARTESIAN_POINT('',(-0.85,2.03125));
#2865 = VECTOR('',#2866,1.);
#2866 = DIRECTION('',(9.637352644316E-17,-1.));
#2867 = ( GEOMETRIC_REPRESENTATION_CONTEXT(2) 
PARAMETRIC_REPRESENTATION_CONTEXT() REPRESENTATION_CONTEXT('2D SPACE',''
  ) );
#2868 = PCURVE('',#2594,#2869);
#2869 = DEFINITIONAL_REPRESENTATION('',(#2870),#2874);
#2870 = LINE('',#2871,#2872);
#2871 = CARTESIAN_POINT('',(4.712388980385,4.5));
#2872 = VECTOR('',#2873,1.);
#2873 = DIRECTION('',(0.,1.));
#2874 = ( GEOMETRIC_REPRESENTATION_CONTEXT(2) 
PARAMETRIC_REPRESENTATION_CONTEXT() REPRESENTATION_CONTEXT('2D SPACE',''
  ) );
#2875 = ORIENTED_EDGE('',*,*,#2876,.T.);
#2876 = EDGE_CURVE('',#2849,#2877,#2879,.T.);
#2877 = VERTEX_POINT('',#2878);
#2878 = CARTESIAN_POINT('',(1.65,1.5,3.317712699599));
#2879 = SURFACE_CURVE('',#2880,(#2885,#2896),.PCURVE_S1.);
#2880 = CIRCLE('',#2881,4.43125);
#2881 = AXIS2_PLACEMENT_3D('',#2882,#2883,#2884);
#2882 = CARTESIAN_POINT('',(2.5,1.5,-1.03125));
#2883 = DIRECTION('',(0.,-1.,1.110223024625E-16));
#2884 = DIRECTION('',(-1.,0.,0.));
#2885 = PCURVE('',#2857,#2886);
#2886 = DEFINITIONAL_REPRESENTATION('',(#2887),#2895);
#2887 = ( BOUNDED_CURVE() B_SPLINE_CURVE(2,(#2888,#2889,#2890,#2891,
#2892,#2893,#2894),.UNSPECIFIED.,.T.,.F.) B_SPLINE_CURVE_WITH_KNOTS((1,2
    ,2,2,2,1),(-2.094395102393,0.,2.094395102393,4.188790204786,
6.28318530718,8.377580409573),.UNSPECIFIED.) CURVE() 
GEOMETRIC_REPRESENTATION_ITEM() RATIONAL_B_SPLINE_CURVE((1.,0.5,1.,0.5,
1.,0.5,1.)) REPRESENTATION_ITEM('') );
#2888 = CARTESIAN_POINT('',(4.43125,0.));
#2889 = CARTESIAN_POINT('',(4.43125,-7.67515014104));
#2890 = CARTESIAN_POINT('',(-2.215625,-3.83757507052));
#2891 = CARTESIAN_POINT('',(-8.8625,-1.085343225744E-15));
#2892 = CARTESIAN_POINT('',(-2.215625,3.83757507052));
#2893 = CARTESIAN_POINT('',(4.43125,7.67515014104));
#2894 = CARTESIAN_POINT('',(4.43125,0.));
#2895 = ( GEOMETRIC_REPRESENTATION_CONTEXT(2) 
PARAMETRIC_REPRESENTATION_CONTEXT() REPRESENTATION_CONTEXT('2D SPACE',''
  ) );
#2896 = PCURVE('',#2411,#2897);
#2897 = DEFINITIONAL_REPRESENTATION('',(#2898),#2902);
#2898 = LINE('',#2899,#2900);
#2899 = CARTESIAN_POINT('',(6.28318530718,1.570796326795));
#2900 = VECTOR('',#2901,1.);
#2901 = DIRECTION('',(-1.,0.));
#2902 = ( GEOMETRIC_REPRESENTATION_CONTEXT(2) 
PARAMETRIC_REPRESENTATION_CONTEXT() REPRESENTATION_CONTEXT('2D SPACE',''
  ) );
#2903 = ORIENTED_EDGE('',*,*,#2904,.T.);
#2904 = EDGE_CURVE('',#2877,#2905,#2907,.T.);
#2905 = VERTEX_POINT('',#2906);
#2906 = CARTESIAN_POINT('',(1.65,1.5,4.1));
#2907 = SURFACE_CURVE('',#2908,(#2912,#2919),.PCURVE_S1.);
#2908 = LINE('',#2909,#2910);
#2909 = CARTESIAN_POINT('',(1.65,1.5,5.5));
#2910 = VECTOR('',#2911,1.);
#2911 = DIRECTION('',(-9.637352644316E-17,1.110223024625E-16,1.));
#2912 = PCURVE('',#2857,#2913);
#2913 = DEFINITIONAL_REPRESENTATION('',(#2914),#2918);
#2914 = LINE('',#2915,#2916);
#2915 = CARTESIAN_POINT('',(0.85,6.53125));
#2916 = VECTOR('',#2917,1.);
#2917 = DIRECTION('',(9.637352644316E-17,1.));
#2918 = ( GEOMETRIC_REPRESENTATION_CONTEXT(2) 
PARAMETRIC_REPRESENTATION_CONTEXT() REPRESENTATION_CONTEXT('2D SPACE',''
  ) );
#2919 = PCURVE('',#2223,#2920);
#2920 = DEFINITIONAL_REPRESENTATION('',(#2921),#2925);
#2921 = LINE('',#2922,#2923);
#2922 = CARTESIAN_POINT('',(4.712388980385,0.));
#2923 = VECTOR('',#2924,1.);
#2924 = DIRECTION('',(0.,1.));
#2925 = ( GEOMETRIC_REPRESENTATION_CONTEXT(2) 
PARAMETRIC_REPRESENTATION_CONTEXT() REPRESENTATION_CONTEXT('2D SPACE',''
  ) );
#2926 = ORIENTED_EDGE('',*,*,#2927,.T.);
#2927 = EDGE_CURVE('',#2905,#2847,#2928,.T.);
#2928 = SURFACE_CURVE('',#2929,(#2933,#2940),.PCURVE_S1.);
#2929 = LINE('',#2930,#2931);
#2930 = CARTESIAN_POINT('',(4.75,1.5,4.1));
#2931 = VECTOR('',#2932,1.);
#2932 = DIRECTION('',(1.,0.,0.));
#2933 = PCURVE('',#2857,#2934);
#2934 = DEFINITIONAL_REPRESENTATION('',(#2935),#2939);
#2935 = LINE('',#2936,#2937);
#2936 = CARTESIAN_POINT('',(-2.25,5.13125));
#2937 = VECTOR('',#2938,1.);
#2938 = DIRECTION('',(-1.,0.));
#2939 = ( GEOMETRIC_REPRESENTATION_CONTEXT(2) 
PARAMETRIC_REPRESENTATION_CONTEXT() REPRESENTATION_CONTEXT('2D SPACE',''
  ) );
#2940 = PCURVE('',#2658,#2941);
#2941 = DEFINITIONAL_REPRESENTATION('',(#2942),#2946);
#2942 = LINE('',#2943,#2944);
#2943 = CARTESIAN_POINT('',(0.,0.));
#2944 = VECTOR('',#2945,1.);
#2945 = DIRECTION('',(0.,1.));
#2946 = ( GEOMETRIC_REPRESENTATION_CONTEXT(2) 
PARAMETRIC_REPRESENTATION_CONTEXT() REPRESENTATION_CONTEXT('2D SPACE',''
  ) );
#2947 = ADVANCED_FACE('',(#2948),#2506,.T.);
#2948 = FACE_BOUND('',#2949,.T.);
#2949 = EDGE_LOOP('',(#2950,#3024,#3090,#3091,#3159,#3231));
#2950 = ORIENTED_EDGE('',*,*,#2951,.T.);
#2951 = EDGE_CURVE('',#2799,#2952,#2954,.T.);
#2952 = VERTEX_POINT('',#2953);
#2953 = CARTESIAN_POINT('',(1.560045055577,-0.156425635987,
    1.851779477782));
#2954 = SURFACE_CURVE('',#2955,(#2966,#2995),.PCURVE_S1.);
#2955 = B_SPLINE_CURVE_WITH_KNOTS('',3,(#2956,#2957,#2958,#2959,#2960,
    #2961,#2962,#2963,#2964,#2965),.UNSPECIFIED.,.F.,.F.,(4,2,2,2,4),(
    -7.656060175037E-06,5.437690472252E-04,1.095194154625E-03,
    1.646619262026E-03,2.198044369426E-03),.UNSPECIFIED.);
#2956 = CARTESIAN_POINT('',(1.65,-1.5,3.317712699599));
#2957 = CARTESIAN_POINT('',(1.624245835639,-1.5,3.135716983061));
#2958 = CARTESIAN_POINT('',(1.603434531496,-1.467054822825,
    2.952300402261));
#2959 = CARTESIAN_POINT('',(1.574362180284,-1.340317653047,
    2.612459299534));
#2960 = CARTESIAN_POINT('',(1.565645013351,-1.244592123018,
    2.451573789253));
#2961 = CARTESIAN_POINT('',(1.557005151336,-1.002188250478,
    2.179459498103));
#2962 = CARTESIAN_POINT('',(1.556816922899,-0.853665978872,
    2.065820072009));
#2963 = CARTESIAN_POINT('',(1.55834675935,-0.522790725211,1.905797419079
    ));
#2964 = CARTESIAN_POINT('',(1.559833862539,-0.3404239343,1.859517023877)
  );
#2965 = CARTESIAN_POINT('',(1.560045055577,-0.156425635987,
    1.851779477782));
#2966 = PCURVE('',#2506,#2967);
#2967 = DEFINITIONAL_REPRESENTATION('',(#2968),#2994);
#2968 = B_SPLINE_CURVE_WITH_KNOTS('',3,(#2969,#2970,#2971,#2972,#2973,
    #2974,#2975,#2976,#2977,#2978,#2979,#2980,#2981,#2982,#2983,#2984,
    #2985,#2986,#2987,#2988,#2989,#2990,#2991,#2992,#2993),
  .UNSPECIFIED.,.F.,.F.,(4,1,1,1,1,1,1,1,1,1,1,1,1,1,1,1,1,1,1,1,1,1,4),
  (-7.656060175037E-06,9.260305026136E-05,1.928621606978E-04,
    2.931212711342E-04,3.933803815706E-04,4.93639492007E-04,
    5.938986024434E-04,6.941577128797E-04,7.944168233161E-04,
    8.946759337525E-04,9.949350441889E-04,1.095194154625E-03,
    1.195453265062E-03,1.295712375498E-03,1.395971485935E-03,
    1.496230596371E-03,1.596489706807E-03,1.696748817244E-03,
    1.79700792768E-03,1.897267038117E-03,1.997526148553E-03,
    2.097785258989E-03,2.198044369426E-03),.UNSPECIFIED.);
#2969 = CARTESIAN_POINT('',(1.377780624597,4.712388980385));
#2970 = CARTESIAN_POINT('',(1.375311666116,4.68983440108));
#2971 = CARTESIAN_POINT('',(1.370334447137,4.644669438946));
#2972 = CARTESIAN_POINT('',(1.362785964456,4.576812708992));
#2973 = CARTESIAN_POINT('',(1.355187065461,4.508901502812));
#2974 = CARTESIAN_POINT('',(1.347580536842,4.441002227455));
#2975 = CARTESIAN_POINT('',(1.340012225034,4.373150970136));
#2976 = CARTESIAN_POINT('',(1.33255180079,4.305456532532));
#2977 = CARTESIAN_POINT('',(1.325160972663,4.237199062181));
#2978 = CARTESIAN_POINT('',(1.317886499486,4.168567153341));
#2979 = CARTESIAN_POINT('',(1.31077692108,4.099653786076));
#2980 = CARTESIAN_POINT('',(1.303887850921,4.030549297579));
#2981 = CARTESIAN_POINT('',(1.297293779043,3.961408653385));
#2982 = CARTESIAN_POINT('',(1.291036014447,3.892027981399));
#2983 = CARTESIAN_POINT('',(1.285125649507,3.822187111491));
#2984 = CARTESIAN_POINT('',(1.279618660671,3.752005835885));
#2985 = CARTESIAN_POINT('',(1.274562915601,3.681511045364));
#2986 = CARTESIAN_POINT('',(1.270010132916,3.610743932425));
#2987 = CARTESIAN_POINT('',(1.266014497722,3.539711922457));
#2988 = CARTESIAN_POINT('',(1.262607873679,3.468434533845));
#2989 = CARTESIAN_POINT('',(1.25982761645,3.396960646955));
#2990 = CARTESIAN_POINT('',(1.257704336157,3.325346024769));
#2991 = CARTESIAN_POINT('',(1.256262467368,3.25364868527));
#2992 = CARTESIAN_POINT('',(1.255763845762,3.205821236887));
#2993 = CARTESIAN_POINT('',(1.25563284563,3.18190759902));
#2994 = ( GEOMETRIC_REPRESENTATION_CONTEXT(2) 
PARAMETRIC_REPRESENTATION_CONTEXT() REPRESENTATION_CONTEXT('2D SPACE',''
  ) );
#2995 = PCURVE('',#2118,#2996);
#2996 = DEFINITIONAL_REPRESENTATION('',(#2997),#3023);
#2997 = B_SPLINE_CURVE_WITH_KNOTS('',3,(#2998,#2999,#3000,#3001,#3002,
    #3003,#3004,#3005,#3006,#3007,#3008,#3009,#3010,#3011,#3012,#3013,
    #3014,#3015,#3016,#3017,#3018,#3019,#3020,#3021,#3022),
  .UNSPECIFIED.,.F.,.F.,(4,1,1,1,1,1,1,1,1,1,1,1,1,1,1,1,1,1,1,1,1,1,4),
  (-7.656060175037E-06,9.260305026136E-05,1.928621606978E-04,
    2.931212711342E-04,3.933803815706E-04,4.93639492007E-04,
    5.938986024434E-04,6.941577128797E-04,7.944168233161E-04,
    8.946759337525E-04,9.949350441889E-04,1.095194154625E-03,
    1.195453265062E-03,1.295712375498E-03,1.395971485935E-03,
    1.496230596371E-03,1.596489706807E-03,1.696748817244E-03,
    1.79700792768E-03,1.897267038117E-03,1.997526148553E-03,
    2.097785258989E-03,2.198044369426E-03),.UNSPECIFIED.);
#2998 = CARTESIAN_POINT('',(-4.037673387228E-06,1.00006519393));
#2999 = CARTESIAN_POINT('',(9.958924434497E-06,1.00007716723));
#3000 = CARTESIAN_POINT('',(3.81457626304E-05,1.000071977541));
#3001 = CARTESIAN_POINT('',(8.078515954395E-05,1.000023491343));
#3002 = CARTESIAN_POINT('',(1.235733798749E-04,1.000021041336));
#3003 = CARTESIAN_POINT('',(1.662599559973E-04,1.000011258075));
#3004 = CARTESIAN_POINT('',(2.086792275682E-04,1.000018873513));
#3005 = CARTESIAN_POINT('',(2.503941844555E-04,0.999977911996));
#3006 = CARTESIAN_POINT('',(2.917325585512E-04,1.000015056453));
#3007 = CARTESIAN_POINT('',(3.325861852886E-04,1.000003525748));
#3008 = CARTESIAN_POINT('',(3.728351327407E-04,1.000005413517));
#3009 = CARTESIAN_POINT('',(4.123807023039E-04,1.000003969891));
#3010 = CARTESIAN_POINT('',(4.510393295193E-04,1.000003609535));
#3011 = CARTESIAN_POINT('',(4.88698010533E-04,1.000003110934));
#3012 = CARTESIAN_POINT('',(5.251314682786E-04,1.000002736882));
#3013 = CARTESIAN_POINT('',(5.607671707631E-04,1.000002507808));
#3014 = CARTESIAN_POINT('',(5.954587396638E-04,1.000001980034));
#3015 = CARTESIAN_POINT('',(6.290468739888E-04,1.000002845153));
#3016 = CARTESIAN_POINT('',(6.611887254311E-04,0.99999872688));
#3017 = CARTESIAN_POINT('',(6.922313801025E-04,1.0000007778));
#3018 = CARTESIAN_POINT('',(7.226308555088E-04,0.999999727593));
#3019 = CARTESIAN_POINT('',(7.518160800873E-04,0.999992878336));
#3020 = CARTESIAN_POINT('',(7.806014158649E-04,1.000000256563));
#3021 = CARTESIAN_POINT('',(7.996211051888E-04,1.000001982326));
#3022 = CARTESIAN_POINT('',(8.091442485782E-04,1.00000073665));
#3023 = ( GEOMETRIC_REPRESENTATION_CONTEXT(2) 
PARAMETRIC_REPRESENTATION_CONTEXT() REPRESENTATION_CONTEXT('2D SPACE',''
  ) );
#3024 = ORIENTED_EDGE('',*,*,#3025,.T.);
#3025 = EDGE_CURVE('',#2952,#2424,#3026,.T.);
#3026 = SURFACE_CURVE('',#3027,(#3032,#3061),.PCURVE_S1.);
#3027 = B_SPLINE_CURVE_WITH_KNOTS('',3,(#3028,#3029,#3030,#3031),
  .UNSPECIFIED.,.F.,.F.,(4,4),(1.115593525445E-14,5.827994365756E-05),
  .PIECEWISE_BEZIER_KNOTS.);
#3028 = CARTESIAN_POINT('',(1.560045055577,-0.156425635987,
    1.851779477782));
#3029 = CARTESIAN_POINT('',(1.565534174606,-0.137817467322,
    1.852779617638));
#3030 = CARTESIAN_POINT('',(1.570264537848,-0.11897516046,1.853899193864
    ));
#3031 = CARTESIAN_POINT('',(1.574229477385,-1.E-01,1.855170880945));
#3032 = PCURVE('',#2506,#3033);
#3033 = DEFINITIONAL_REPRESENTATION('',(#3034),#3060);
#3034 = B_SPLINE_CURVE_WITH_KNOTS('',3,(#3035,#3036,#3037,#3038,#3039,
    #3040,#3041,#3042,#3043,#3044,#3045,#3046,#3047,#3048,#3049,#3050,
    #3051,#3052,#3053,#3054,#3055,#3056,#3057,#3058,#3059),
  .UNSPECIFIED.,.F.,.F.,(4,1,1,1,1,1,1,1,1,1,1,1,1,1,1,1,1,1,1,1,1,1,4),
  (1.115593525445E-14,2.64908835872E-06,5.298176706283E-06,
    7.947265053847E-06,1.059635340141E-05,1.324544174897E-05,
    1.589453009654E-05,1.85436184441E-05,2.119270679167E-05,
    2.384179513923E-05,2.649088348679E-05,2.913997183436E-05,
    3.178906018192E-05,3.443814852948E-05,3.708723687705E-05,
    3.973632522461E-05,4.238541357217E-05,4.503450191974E-05,
    4.76835902673E-05,5.033267861487E-05,5.298176696243E-05,
    5.563085530999E-05,5.827994365756E-05),.QUASI_UNIFORM_KNOTS.);
#3035 = CARTESIAN_POINT('',(1.25563284563,3.18190759902));
#3036 = CARTESIAN_POINT('',(1.255715720198,3.181302946395));
#3037 = CARTESIAN_POINT('',(1.255880542342,3.180092993918));
#3038 = CARTESIAN_POINT('',(1.256124993947,3.178276158545));
#3039 = CARTESIAN_POINT('',(1.25636666329,3.176457451554));
#3040 = CARTESIAN_POINT('',(1.256605549752,3.174636907959));
#3041 = CARTESIAN_POINT('',(1.25684165273,3.172814562763));
#3042 = CARTESIAN_POINT('',(1.257074971642,3.170990450948));
#3043 = CARTESIAN_POINT('',(1.257305505927,3.169164607475));
#3044 = CARTESIAN_POINT('',(1.257533255042,3.167337067286));
#3045 = CARTESIAN_POINT('',(1.257758218467,3.165507865297));
#3046 = CARTESIAN_POINT('',(1.257980395702,3.1636770364));
#3047 = CARTESIAN_POINT('',(1.258199786268,3.16184461546));
#3048 = CARTESIAN_POINT('',(1.258416389706,3.160010637314));
#3049 = CARTESIAN_POINT('',(1.258630205579,3.158175136768));
#3050 = CARTESIAN_POINT('',(1.25884123347,3.156338148596));
#3051 = CARTESIAN_POINT('',(1.259049472984,3.154499707539));
#3052 = CARTESIAN_POINT('',(1.259254923749,3.152659848301));
#3053 = CARTESIAN_POINT('',(1.259457585412,3.15081860555));
#3054 = CARTESIAN_POINT('',(1.259657457643,3.148976013916));
#3055 = CARTESIAN_POINT('',(1.259854540134,3.147132107986));
#3056 = CARTESIAN_POINT('',(1.260048832598,3.145286922305));
#3057 = CARTESIAN_POINT('',(1.260240334769,3.143440491378));
#3058 = CARTESIAN_POINT('',(1.260366142532,3.142208730224));
#3059 = CARTESIAN_POINT('',(1.260428581284,3.14159265359));
#3060 = ( GEOMETRIC_REPRESENTATION_CONTEXT(2) 
PARAMETRIC_REPRESENTATION_CONTEXT() REPRESENTATION_CONTEXT('2D SPACE',''
  ) );
#3061 = PCURVE('',#477,#3062);
#3062 = DEFINITIONAL_REPRESENTATION('',(#3063),#3089);
#3063 = B_SPLINE_CURVE_WITH_KNOTS('',3,(#3064,#3065,#3066,#3067,#3068,
    #3069,#3070,#3071,#3072,#3073,#3074,#3075,#3076,#3077,#3078,#3079,
    #3080,#3081,#3082,#3083,#3084,#3085,#3086,#3087,#3088),
  .UNSPECIFIED.,.F.,.F.,(4,1,1,1,1,1,1,1,1,1,1,1,1,1,1,1,1,1,1,1,1,1,4),
  (1.115593525445E-14,2.64908835872E-06,5.298176706283E-06,
    7.947265053847E-06,1.059635340141E-05,1.324544174897E-05,
    1.589453009654E-05,1.85436184441E-05,2.119270679167E-05,
    2.384179513923E-05,2.649088348679E-05,2.913997183436E-05,
    3.178906018192E-05,3.443814852948E-05,3.708723687705E-05,
    3.973632522461E-05,4.238541357217E-05,4.503450191974E-05,
    4.76835902673E-05,5.033267861487E-05,5.298176696243E-05,
    5.563085530999E-05,5.827994365756E-05),.QUASI_UNIFORM_KNOTS.);
#3064 = CARTESIAN_POINT('',(-3.459756895037E-16,0.));
#3065 = CARTESIAN_POINT('',(1.051954935462E-06,-1.252972471856E-09));
#3066 = CARTESIAN_POINT('',(3.156501757401E-06,4.82835472671E-08));
#3067 = CARTESIAN_POINT('',(6.315166003439E-06,2.418979998577E-07));
#3068 = CARTESIAN_POINT('',(9.475607494773E-06,5.165127370659E-07));
#3069 = CARTESIAN_POINT('',(1.263775921853E-05,8.390392060724E-07));
#3070 = CARTESIAN_POINT('',(1.580155399977E-05,1.17982899204E-06));
#3071 = CARTESIAN_POINT('',(1.896692450012E-05,1.513169429528E-06));
#3072 = CARTESIAN_POINT('',(2.213380323898E-05,1.817170017037E-06));
#3073 = CARTESIAN_POINT('',(2.530212260873E-05,2.073812980836E-06));
#3074 = CARTESIAN_POINT('',(2.847181489146E-05,2.268960946658E-06));
#3075 = CARTESIAN_POINT('',(3.164281227529E-05,2.392377416258E-06));
#3076 = CARTESIAN_POINT('',(3.481504687079E-05,2.437745298701E-06));
#3077 = CARTESIAN_POINT('',(3.798845072723E-05,2.402687677153E-06));
#3078 = CARTESIAN_POINT('',(4.11629558488E-05,2.288789867587E-06));
#3079 = CARTESIAN_POINT('',(4.433849421083E-05,2.101623346299E-06));
#3080 = CARTESIAN_POINT('',(4.751499777579E-05,1.850771311349E-06));
#3081 = CARTESIAN_POINT('',(5.069239850934E-05,1.549857297323E-06));
#3082 = CARTESIAN_POINT('',(5.38706283961E-05,1.216572552273E-06));
#3083 = CARTESIAN_POINT('',(5.704961945574E-05,8.727191799945E-07));
#3084 = CARTESIAN_POINT('',(6.022930375761E-05,5.442064318955E-07));
#3085 = CARTESIAN_POINT('',(6.340961344005E-05,2.612350908376E-07));
#3086 = CARTESIAN_POINT('',(6.659048071201E-05,5.77939290028E-08));
#3087 = CARTESIAN_POINT('',(6.871138551726E-05,1.757316553608E-09));
#3088 = CARTESIAN_POINT('',(6.977190829371E-05,0.));
#3089 = ( GEOMETRIC_REPRESENTATION_CONTEXT(2) 
PARAMETRIC_REPRESENTATION_CONTEXT() REPRESENTATION_CONTEXT('2D SPACE',''
  ) );
#3090 = ORIENTED_EDGE('',*,*,#2491,.F.);
#3091 = ORIENTED_EDGE('',*,*,#3092,.T.);
#3092 = EDGE_CURVE('',#2322,#3093,#3095,.T.);
#3093 = VERTEX_POINT('',#3094);
#3094 = CARTESIAN_POINT('',(3.439954944423,-0.156425635976,
    1.851779477781));
#3095 = SURFACE_CURVE('',#3096,(#3101,#3130),.PCURVE_S1.);
#3096 = B_SPLINE_CURVE_WITH_KNOTS('',3,(#3097,#3098,#3099,#3100),
  .UNSPECIFIED.,.F.,.F.,(4,4),(9.486769009248E-20,5.827994365743E-05),
  .PIECEWISE_BEZIER_KNOTS.);
#3097 = CARTESIAN_POINT('',(3.425770522615,-1.E-01,1.855170880945));
#3098 = CARTESIAN_POINT('',(3.429735462142,-0.118975160463,
    1.853899193867));
#3099 = CARTESIAN_POINT('',(3.434465825395,-0.137817467322,
    1.852779617638));
#3100 = CARTESIAN_POINT('',(3.439954944423,-0.156425635976,
    1.851779477781));
#3101 = PCURVE('',#2506,#3102);
#3102 = DEFINITIONAL_REPRESENTATION('',(#3103),#3129);
#3103 = B_SPLINE_CURVE_WITH_KNOTS('',3,(#3104,#3105,#3106,#3107,#3108,
    #3109,#3110,#3111,#3112,#3113,#3114,#3115,#3116,#3117,#3118,#3119,
    #3120,#3121,#3122,#3123,#3124,#3125,#3126,#3127,#3128),
  .UNSPECIFIED.,.F.,.F.,(4,1,1,1,1,1,1,1,1,1,1,1,1,1,1,1,1,1,1,1,1,1,4),
  (9.486769009248E-20,2.649088348065E-06,5.29817669613E-06,
    7.947265044195E-06,1.059635339226E-05,1.324544174033E-05,
    1.589453008839E-05,1.854361843646E-05,2.119270678452E-05,
    2.384179513259E-05,2.649088348065E-05,2.913997182872E-05,
    3.178906017678E-05,3.443814852485E-05,3.708723687291E-05,
    3.973632522098E-05,4.238541356904E-05,4.503450191711E-05,
    4.768359026517E-05,5.033267861324E-05,5.29817669613E-05,
    5.563085530937E-05,5.827994365743E-05),.QUASI_UNIFORM_KNOTS.);
#3104 = CARTESIAN_POINT('',(1.881164072305,3.14159265359));
#3105 = CARTESIAN_POINT('',(1.881226511058,3.142208730224));
#3106 = CARTESIAN_POINT('',(1.88135231882,3.143440491378));
#3107 = CARTESIAN_POINT('',(1.881543820991,3.145286922305));
#3108 = CARTESIAN_POINT('',(1.881738113455,3.147132107986));
#3109 = CARTESIAN_POINT('',(1.881935195946,3.148976013917));
#3110 = CARTESIAN_POINT('',(1.882135068176,3.150818605551));
#3111 = CARTESIAN_POINT('',(1.882337729839,3.152659848302));
#3112 = CARTESIAN_POINT('',(1.882543180604,3.15449970754));
#3113 = CARTESIAN_POINT('',(1.882751420119,3.156338148597));
#3114 = CARTESIAN_POINT('',(1.88296244801,3.158175136769));
#3115 = CARTESIAN_POINT('',(1.883176263883,3.160010637314));
#3116 = CARTESIAN_POINT('',(1.883392867321,3.16184461546));
#3117 = CARTESIAN_POINT('',(1.883612257886,3.163677036399));
#3118 = CARTESIAN_POINT('',(1.883834435122,3.165507865296));
#3119 = CARTESIAN_POINT('',(1.884059398547,3.167337067284));
#3120 = CARTESIAN_POINT('',(1.884287147663,3.169164607473));
#3121 = CARTESIAN_POINT('',(1.884517681947,3.170990450945));
#3122 = CARTESIAN_POINT('',(1.884751000859,3.17281456276));
#3123 = CARTESIAN_POINT('',(1.884987103838,3.174636907955));
#3124 = CARTESIAN_POINT('',(1.8852259903,3.176457451549));
#3125 = CARTESIAN_POINT('',(1.885467659643,3.178276158539));
#3126 = CARTESIAN_POINT('',(1.885712111248,3.180092993911));
#3127 = CARTESIAN_POINT('',(1.885876933392,3.181302946387));
#3128 = CARTESIAN_POINT('',(1.88595980796,3.181907599011));
#3129 = ( GEOMETRIC_REPRESENTATION_CONTEXT(2) 
PARAMETRIC_REPRESENTATION_CONTEXT() REPRESENTATION_CONTEXT('2D SPACE',''
  ) );
#3130 = PCURVE('',#1682,#3131);
#3131 = DEFINITIONAL_REPRESENTATION('',(#3132),#3158);
#3132 = B_SPLINE_CURVE_WITH_KNOTS('',3,(#3133,#3134,#3135,#3136,#3137,
    #3138,#3139,#3140,#3141,#3142,#3143,#3144,#3145,#3146,#3147,#3148,
    #3149,#3150,#3151,#3152,#3153,#3154,#3155,#3156,#3157),
  .UNSPECIFIED.,.F.,.F.,(4,1,1,1,1,1,1,1,1,1,1,1,1,1,1,1,1,1,1,1,1,1,4),
  (9.486769009248E-20,2.649088348065E-06,5.29817669613E-06,
    7.947265044195E-06,1.059635339226E-05,1.324544174033E-05,
    1.589453008839E-05,1.854361843646E-05,2.119270678452E-05,
    2.384179513259E-05,2.649088348065E-05,2.913997182872E-05,
    3.178906017678E-05,3.443814852485E-05,3.708723687291E-05,
    3.973632522098E-05,4.238541356904E-05,4.503450191711E-05,
    4.768359026517E-05,5.033267861324E-05,5.29817669613E-05,
    5.563085530937E-05,5.827994365743E-05),.QUASI_UNIFORM_KNOTS.);
#3133 = CARTESIAN_POINT('',(6.977190829371E-05,1.));
#3134 = CARTESIAN_POINT('',(6.871138551718E-05,0.999999998245));
#3135 = CARTESIAN_POINT('',(6.659048071181E-05,0.999999942213));
#3136 = CARTESIAN_POINT('',(6.34096134397E-05,0.999999738777));
#3137 = CARTESIAN_POINT('',(6.022930375718E-05,0.99999945581));
#3138 = CARTESIAN_POINT('',(5.704961945528E-05,0.9999991273));
#3139 = CARTESIAN_POINT('',(5.387062839567E-05,0.999998783448));
#3140 = CARTESIAN_POINT('',(5.069239850901E-05,0.999998450165));
#3141 = CARTESIAN_POINT('',(4.751499777562E-05,0.999998149251));
#3142 = CARTESIAN_POINT('',(4.43384942109E-05,0.999997898398));
#3143 = CARTESIAN_POINT('',(4.116295584918E-05,0.99999771123));
#3144 = CARTESIAN_POINT('',(3.7988450728E-05,0.999997597331));
#3145 = CARTESIAN_POINT('',(3.481504687204E-05,0.999997562271));
#3146 = CARTESIAN_POINT('',(3.16428122771E-05,0.999997607636));
#3147 = CARTESIAN_POINT('',(2.847181489392E-05,0.99999773105));
#3148 = CARTESIAN_POINT('',(2.530212261195E-05,0.999997926194));
#3149 = CARTESIAN_POINT('',(2.213380324305E-05,0.999998182834));
#3150 = CARTESIAN_POINT('',(1.896692450515E-05,0.999998486831));
#3151 = CARTESIAN_POINT('',(1.580155400589E-05,0.999998820168));
#3152 = CARTESIAN_POINT('',(1.263775922579E-05,0.999999160955));
#3153 = CARTESIAN_POINT('',(9.475607503579E-06,0.999999483478));
#3154 = CARTESIAN_POINT('',(6.315166012864E-06,0.999999758091));
#3155 = CARTESIAN_POINT('',(3.156501771529E-06,0.999999951699));
#3156 = CARTESIAN_POINT('',(1.051954943003E-06,1.000000001243));
#3157 = CARTESIAN_POINT('',(-5.110759634507E-16,1.));
#3158 = ( GEOMETRIC_REPRESENTATION_CONTEXT(2) 
PARAMETRIC_REPRESENTATION_CONTEXT() REPRESENTATION_CONTEXT('2D SPACE',''
  ) );
#3159 = ORIENTED_EDGE('',*,*,#3160,.T.);
#3160 = EDGE_CURVE('',#3093,#2746,#3161,.T.);
#3161 = SURFACE_CURVE('',#3162,(#3173,#3202),.PCURVE_S1.);
#3162 = B_SPLINE_CURVE_WITH_KNOTS('',3,(#3163,#3164,#3165,#3166,#3167,
    #3168,#3169,#3170,#3171,#3172),.UNSPECIFIED.,.F.,.F.,(4,2,2,2,4),(
    5.626557223013E-05,6.078448390088E-04,1.159424105787E-03,
    1.711003372566E-03,2.262582639345E-03),.UNSPECIFIED.);
#3163 = CARTESIAN_POINT('',(3.439954944423,-0.156425635976,
    1.851779477781));
#3164 = CARTESIAN_POINT('',(3.440166137255,-0.34042375517,1.859517016342
    ));
#3165 = CARTESIAN_POINT('',(3.441653237313,-0.522790364244,
    1.905797324554));
#3166 = CARTESIAN_POINT('',(3.443183075971,-0.853665373514,
    2.065819699186));
#3167 = CARTESIAN_POINT('',(3.44299485393,-1.002187555678,2.179458921017
    ));
#3168 = CARTESIAN_POINT('',(3.434355031848,-1.244591401946,
    2.451572776932));
#3169 = CARTESIAN_POINT('',(3.425637899666,-1.3403169799,2.612458039237)
  );
#3170 = CARTESIAN_POINT('',(3.396565643269,-1.467054385575,
    2.952298685073));
#3171 = CARTESIAN_POINT('',(3.375761364334,-1.5,3.135666103356));
#3172 = CARTESIAN_POINT('',(3.35,-1.5,3.317712699599));
#3173 = PCURVE('',#2506,#3174);
#3174 = DEFINITIONAL_REPRESENTATION('',(#3175),#3201);
#3175 = B_SPLINE_CURVE_WITH_KNOTS('',3,(#3176,#3177,#3178,#3179,#3180,
    #3181,#3182,#3183,#3184,#3185,#3186,#3187,#3188,#3189,#3190,#3191,
    #3192,#3193,#3194,#3195,#3196,#3197,#3198,#3199,#3200),
  .UNSPECIFIED.,.F.,.F.,(4,1,1,1,1,1,1,1,1,1,1,1,1,1,1,1,1,1,1,1,1,1,4),
  (5.626557223013E-05,1.565527116444E-04,2.568398510587E-04,
    3.57126990473E-04,4.574141298873E-04,5.577012693016E-04,
    6.579884087159E-04,7.582755481302E-04,8.585626875445E-04,
    9.588498269588E-04,1.059136966373E-03,1.159424105787E-03,
    1.259711245202E-03,1.359998384616E-03,1.46028552403E-03,
    1.560572663445E-03,1.660859802859E-03,1.761146942273E-03,
    1.861434081687E-03,1.961721221102E-03,2.062008360516E-03,
    2.16229549993E-03,2.262582639345E-03),.QUASI_UNIFORM_KNOTS.);
#3176 = CARTESIAN_POINT('',(1.88595980796,3.181907599011));
#3177 = CARTESIAN_POINT('',(1.885828807954,3.205821213611));
#3178 = CARTESIAN_POINT('',(1.885330187085,3.253648615132));
#3179 = CARTESIAN_POINT('',(1.883888320767,3.325345884015));
#3180 = CARTESIAN_POINT('',(1.88176504423,3.396960435858));
#3181 = CARTESIAN_POINT('',(1.878984791914,3.468434253468));
#3182 = CARTESIAN_POINT('',(1.875578173808,3.539711574485));
#3183 = CARTESIAN_POINT('',(1.871582545394,3.610743519716));
#3184 = CARTESIAN_POINT('',(1.867029770488,3.681510566372));
#3185 = CARTESIAN_POINT('',(1.861974033913,3.752005290159));
#3186 = CARTESIAN_POINT('',(1.856467054072,3.822186499259));
#3187 = CARTESIAN_POINT('',(1.850556698445,3.892027303548));
#3188 = CARTESIAN_POINT('',(1.844298943245,3.961407912276));
#3189 = CARTESIAN_POINT('',(1.837704880965,4.030548493684));
#3190 = CARTESIAN_POINT('',(1.830815820335,4.099652920133));
#3191 = CARTESIAN_POINT('',(1.82370625201,4.168566218955));
#3192 = CARTESIAN_POINT('',(1.816431786091,4.237198082803));
#3193 = CARTESIAN_POINT('',(1.809040974368,4.305455421321));
#3194 = CARTESIAN_POINT('',(1.801580530461,4.373150053631));
#3195 = CARTESIAN_POINT('',(1.794012943487,4.440996108725));
#3196 = CARTESIAN_POINT('',(1.786407179322,4.508889067268));
#3197 = CARTESIAN_POINT('',(1.778808679623,4.576796223544));
#3198 = CARTESIAN_POINT('',(1.771259838159,4.644655075959));
#3199 = CARTESIAN_POINT('',(1.766281682864,4.689828084585));
#3200 = CARTESIAN_POINT('',(1.763812028993,4.712388980385));
#3201 = ( GEOMETRIC_REPRESENTATION_CONTEXT(2) 
PARAMETRIC_REPRESENTATION_CONTEXT() REPRESENTATION_CONTEXT('2D SPACE',''
  ) );
#3202 = PCURVE('',#1817,#3203);
#3203 = DEFINITIONAL_REPRESENTATION('',(#3204),#3230);
#3204 = B_SPLINE_CURVE_WITH_KNOTS('',3,(#3205,#3206,#3207,#3208,#3209,
    #3210,#3211,#3212,#3213,#3214,#3215,#3216,#3217,#3218,#3219,#3220,
    #3221,#3222,#3223,#3224,#3225,#3226,#3227,#3228,#3229),
  .UNSPECIFIED.,.F.,.F.,(4,1,1,1,1,1,1,1,1,1,1,1,1,1,1,1,1,1,1,1,1,1,4),
  (5.626557223013E-05,1.565527116444E-04,2.568398510587E-04,
    3.57126990473E-04,4.574141298873E-04,5.577012693016E-04,
    6.579884087159E-04,7.582755481302E-04,8.585626875445E-04,
    9.588498269588E-04,1.059136966373E-03,1.159424105787E-03,
    1.259711245202E-03,1.359998384616E-03,1.46028552403E-03,
    1.560572663445E-03,1.660859802859E-03,1.761146942273E-03,
    1.861434081687E-03,1.961721221102E-03,2.062008360516E-03,
    2.16229549993E-03,2.262582639345E-03),.QUASI_UNIFORM_KNOTS.);
#3205 = CARTESIAN_POINT('',(8.091442632763E-04,-1.824284708093E-17));
#3206 = CARTESIAN_POINT('',(7.99621120367E-04,-1.695846646142E-06));
#3207 = CARTESIAN_POINT('',(7.806014412556E-04,-3.894848354596E-07));
#3208 = CARTESIAN_POINT('',(7.518161371437E-04,7.157379675768E-06));
#3209 = CARTESIAN_POINT('',(7.226309430101E-04,2.629949530905E-07));
#3210 = CARTESIAN_POINT('',(6.922315008166E-04,-7.75163728279E-07));
#3211 = CARTESIAN_POINT('',(6.611888788272E-04,1.272428372017E-06));
#3212 = CARTESIAN_POINT('',(6.290470649378E-04,-2.8449667023E-06));
#3213 = CARTESIAN_POINT('',(5.954589709288E-04,-1.980082234246E-06));
#3214 = CARTESIAN_POINT('',(5.607674437575E-04,-2.507793011328E-06));
#3215 = CARTESIAN_POINT('',(5.251317822658E-04,-2.736882468141E-06));
#3216 = CARTESIAN_POINT('',(4.886983712463E-04,-3.110929024E-06));
#3217 = CARTESIAN_POINT('',(4.510397378554E-04,-3.609530528148E-06));
#3218 = CARTESIAN_POINT('',(4.123811572164E-04,-3.969879777096E-06));
#3219 = CARTESIAN_POINT('',(3.728356330733E-04,-5.413521922129E-06));
#3220 = CARTESIAN_POINT('',(3.325867364018E-04,-3.52567841173E-06));
#3221 = CARTESIAN_POINT('',(2.917331459493E-04,-1.505664282124E-05));
#3222 = CARTESIAN_POINT('',(2.503948650211E-04,2.208881069635E-05));
#3223 = CARTESIAN_POINT('',(2.086797917863E-04,-1.887367080668E-05));
#3224 = CARTESIAN_POINT('',(1.662638586805E-04,-1.125781372383E-05));
#3225 = CARTESIAN_POINT('',(1.235813199085E-04,-2.10398213112E-05));
#3226 = CARTESIAN_POINT('',(8.07956317028E-05,-2.348950110673E-05));
#3227 = CARTESIAN_POINT('',(3.815477479708E-05,-7.196296875925E-05));
#3228 = CARTESIAN_POINT('',(9.962862308474E-06,-7.715125310322E-05));
#3229 = CARTESIAN_POINT('',(-4.037673387228E-06,-6.518112856982E-05));
#3230 = ( GEOMETRIC_REPRESENTATION_CONTEXT(2) 
PARAMETRIC_REPRESENTATION_CONTEXT() REPRESENTATION_CONTEXT('2D SPACE',''
  ) );
#3231 = ORIENTED_EDGE('',*,*,#2821,.F.);
#3232 = ADVANCED_FACE('',(#3233),#2278,.T.);
#3233 = FACE_BOUND('',#3234,.T.);
#3234 = EDGE_LOOP('',(#3235,#3236,#3310,#3311));
#3235 = ORIENTED_EDGE('',*,*,#2262,.F.);
#3236 = ORIENTED_EDGE('',*,*,#3237,.T.);
#3237 = EDGE_CURVE('',#2000,#2799,#3238,.T.);
#3238 = SURFACE_CURVE('',#3239,(#3252,#3281),.PCURVE_S1.);
#3239 = B_SPLINE_CURVE_WITH_KNOTS('',3,(#3240,#3241,#3242,#3243,#3244,
    #3245,#3246,#3247,#3248,#3249,#3250,#3251),.UNSPECIFIED.,.F.,.F.,(4,
    2,2,2,2,4),(5.421010862428E-20,5.687098722609E-04,8.530648083913E-04
    ,1.137419744522E-03,1.706129616783E-03,2.274839489044E-03),
  .UNSPECIFIED.);
#3240 = CARTESIAN_POINT('',(0.25,-1.E-01,2.801304834898));
#3241 = CARTESIAN_POINT('',(0.25,-0.290564441725,2.801304834898));
#3242 = CARTESIAN_POINT('',(0.289245382299,-0.479085118618,
    2.816833404546));
#3243 = CARTESIAN_POINT('',(0.40043617788,-0.73830237242,2.860109601553)
  );
#3244 = CARTESIAN_POINT('',(0.44535477663,-0.819247539556,2.877513632336
    ));
#3245 = CARTESIAN_POINT('',(0.549993109428,-0.970902967063,2.91770133846
    ));
#3246 = CARTESIAN_POINT('',(0.610268973488,-1.04191638384,2.940691947257
    ));
#3247 = CARTESIAN_POINT('',(0.80586771787,-1.231560434451,3.014541619069
    ));
#3248 = CARTESIAN_POINT('',(0.960265001445,-1.331396904683,
    3.071868143023));
#3249 = CARTESIAN_POINT('',(1.292444012176,-1.465366771482,
    3.192261252009));
#3250 = CARTESIAN_POINT('',(1.470908887839,-1.5,3.255556796601));
#3251 = CARTESIAN_POINT('',(1.65,-1.5,3.317712699599));
#3252 = PCURVE('',#2278,#3253);
#3253 = DEFINITIONAL_REPRESENTATION('',(#3254),#3280);
#3254 = B_SPLINE_CURVE_WITH_KNOTS('',3,(#3255,#3256,#3257,#3258,#3259,
    #3260,#3261,#3262,#3263,#3264,#3265,#3266,#3267,#3268,#3269,#3270,
    #3271,#3272,#3273,#3274,#3275,#3276,#3277,#3278,#3279),
  .UNSPECIFIED.,.F.,.F.,(4,1,1,1,1,1,1,1,1,1,1,1,1,1,1,1,1,1,1,1,1,1,4),
  (5.421010862428E-20,1.034017949565E-04,2.06803589913E-04,
    3.102053848696E-04,4.136071798261E-04,5.170089747826E-04,
    6.204107697391E-04,7.238125646957E-04,8.272143596522E-04,
    9.306161546087E-04,1.034017949565E-03,1.137419744522E-03,
    1.240821539478E-03,1.344223334435E-03,1.447625129391E-03,
    1.551026924348E-03,1.654428719304E-03,1.757830514261E-03,
    1.861232309217E-03,1.964634104174E-03,2.06803589913E-03,
    2.171437694087E-03,2.274839489044E-03),.QUASI_UNIFORM_KNOTS.);
#3255 = CARTESIAN_POINT('',(3.14159265359,-3.832554834898));
#3256 = CARTESIAN_POINT('',(3.116845390975,-3.832554834898));
#3257 = CARTESIAN_POINT('',(3.067442079096,-3.833581494113));
#3258 = CARTESIAN_POINT('',(2.993571686257,-3.838122100732));
#3259 = CARTESIAN_POINT('',(2.919893868307,-3.845583134578));
#3260 = CARTESIAN_POINT('',(2.846376897719,-3.855887312597));
#3261 = CARTESIAN_POINT('',(2.773017131973,-3.868946552394));
#3262 = CARTESIAN_POINT('',(2.699712914044,-3.884713061429));
#3263 = CARTESIAN_POINT('',(2.627406327873,-3.90277880755));
#3264 = CARTESIAN_POINT('',(2.555574161592,-3.92307857986));
#3265 = CARTESIAN_POINT('',(2.483745971699,-3.945572375706));
#3266 = CARTESIAN_POINT('',(2.411836625014,-3.970143008406));
#3267 = CARTESIAN_POINT('',(2.34063529575,-3.996316721379));
#3268 = CARTESIAN_POINT('',(2.270054582042,-4.023941133247));
#3269 = CARTESIAN_POINT('',(2.199518784756,-4.053023871229));
#3270 = CARTESIAN_POINT('',(2.129178656087,-4.083324204203));
#3271 = CARTESIAN_POINT('',(2.059007338693,-4.114667201706));
#3272 = CARTESIAN_POINT('',(1.989026397137,-4.146863088975));
#3273 = CARTESIAN_POINT('',(1.919262430962,-4.179715667785));
#3274 = CARTESIAN_POINT('',(1.849558372128,-4.213107777299));
#3275 = CARTESIAN_POINT('',(1.779889234122,-4.246884931089));
#3276 = CARTESIAN_POINT('',(1.710225653215,-4.280894707221));
#3277 = CARTESIAN_POINT('',(1.640543177487,-4.314984130395));
#3278 = CARTESIAN_POINT('',(1.594054251462,-4.337661626326));
#3279 = CARTESIAN_POINT('',(1.570796326795,-4.348962699599));
#3280 = ( GEOMETRIC_REPRESENTATION_CONTEXT(2) 
PARAMETRIC_REPRESENTATION_CONTEXT() REPRESENTATION_CONTEXT('2D SPACE',''
  ) );
#3281 = PCURVE('',#2118,#3282);
#3282 = DEFINITIONAL_REPRESENTATION('',(#3283),#3309);
#3283 = B_SPLINE_CURVE_WITH_KNOTS('',3,(#3284,#3285,#3286,#3287,#3288,
    #3289,#3290,#3291,#3292,#3293,#3294,#3295,#3296,#3297,#3298,#3299,
    #3300,#3301,#3302,#3303,#3304,#3305,#3306,#3307,#3308),
  .UNSPECIFIED.,.F.,.F.,(4,1,1,1,1,1,1,1,1,1,1,1,1,1,1,1,1,1,1,1,1,1,4),
  (5.421010862428E-20,1.034017949565E-04,2.06803589913E-04,
    3.102053848696E-04,4.136071798261E-04,5.170089747826E-04,
    6.204107697391E-04,7.238125646957E-04,8.272143596522E-04,
    9.306161546087E-04,1.034017949565E-03,1.137419744522E-03,
    1.240821539478E-03,1.344223334435E-03,1.447625129391E-03,
    1.551026924348E-03,1.654428719304E-03,1.757830514261E-03,
    1.861232309217E-03,1.964634104174E-03,2.06803589913E-03,
    2.171437694087E-03,2.274839489044E-03),.QUASI_UNIFORM_KNOTS.);
#3284 = CARTESIAN_POINT('',(8.250489744684E-04,0.));
#3285 = CARTESIAN_POINT('',(8.153123249223E-04,-9.85939847262E-07));
#3286 = CARTESIAN_POINT('',(7.957667038902E-04,-1.880410640729E-06));
#3287 = CARTESIAN_POINT('',(7.66142090875E-04,-1.539725865146E-06));
#3288 = CARTESIAN_POINT('',(7.365090993958E-04,-1.515093513495E-06));
#3289 = CARTESIAN_POINT('',(7.058109671785E-04,-2.234830192331E-06));
#3290 = CARTESIAN_POINT('',(6.741462455946E-04,2.337049388964E-07));
#3291 = CARTESIAN_POINT('',(6.415922550003E-04,1.300010436636E-06));
#3292 = CARTESIAN_POINT('',(6.078362125707E-04,5.251312585117E-06));
#3293 = CARTESIAN_POINT('',(5.729194123952E-04,-4.334683951095E-06));
#3294 = CARTESIAN_POINT('',(5.367829008683E-04,-2.114614520919E-06));
#3295 = CARTESIAN_POINT('',(4.996576340559E-04,-3.14347409167E-06));
#3296 = CARTESIAN_POINT('',(4.614066596562E-04,-3.392957054106E-06));
#3297 = CARTESIAN_POINT('',(4.222220923019E-04,-4.000791311316E-06));
#3298 = CARTESIAN_POINT('',(3.820680170622E-04,-4.581772165979E-06));
#3299 = CARTESIAN_POINT('',(3.411680034092E-04,-5.746636635533E-06));
#3300 = CARTESIAN_POINT('',(2.995507852208E-04,-5.738597367529E-06));
#3301 = CARTESIAN_POINT('',(2.572851879969E-04,-1.145731829664E-05));
#3302 = CARTESIAN_POINT('',(2.144199736506E-04,2.144250929223E-06));
#3303 = CARTESIAN_POINT('',(1.708960587282E-04,9.127344937714E-06));
#3304 = CARTESIAN_POINT('',(1.27120423666E-04,-5.284379545053E-07));
#3305 = CARTESIAN_POINT('',(8.322749650581E-05,8.119658274737E-06));
#3306 = CARTESIAN_POINT('',(3.94241466558E-05,1.114750074718E-05));
#3307 = CARTESIAN_POINT('',(1.039942452897E-05,1.16423405959E-05));
#3308 = CARTESIAN_POINT('',(-4.037673387228E-06,1.076657029729E-05));
#3309 = ( GEOMETRIC_REPRESENTATION_CONTEXT(2) 
PARAMETRIC_REPRESENTATION_CONTEXT() REPRESENTATION_CONTEXT('2D SPACE',''
  ) );
#3310 = ORIENTED_EDGE('',*,*,#2798,.F.);
#3311 = ORIENTED_EDGE('',*,*,#3312,.F.);
#3312 = EDGE_CURVE('',#2263,#2776,#3313,.T.);
#3313 = SURFACE_CURVE('',#3314,(#3319,#3326),.PCURVE_S1.);
#3314 = CIRCLE('',#3315,1.4);
#3315 = AXIS2_PLACEMENT_3D('',#3316,#3317,#3318);
#3316 = CARTESIAN_POINT('',(1.65,-1.E-01,4.1));
#3317 = DIRECTION('',(-0.,1.110223024625E-16,1.));
#3318 = DIRECTION('',(0.,-1.,1.110223024625E-16));
#3319 = PCURVE('',#2278,#3320);
#3320 = DEFINITIONAL_REPRESENTATION('',(#3321),#3325);
#3321 = LINE('',#3322,#3323);
#3322 = CARTESIAN_POINT('',(7.853981633974,-5.13125));
#3323 = VECTOR('',#3324,1.);
#3324 = DIRECTION('',(-1.,0.));
#3325 = ( GEOMETRIC_REPRESENTATION_CONTEXT(2) 
PARAMETRIC_REPRESENTATION_CONTEXT() REPRESENTATION_CONTEXT('2D SPACE',''
  ) );
#3326 = PCURVE('',#3327,#3332);
#3327 = SPHERICAL_SURFACE('',#3328,1.4);
#3328 = AXIS2_PLACEMENT_3D('',#3329,#3330,#3331);
#3329 = CARTESIAN_POINT('',(1.65,-1.E-01,4.1));
#3330 = DIRECTION('',(0.,1.110223024625E-16,1.));
#3331 = DIRECTION('',(1.,0.,0.));
#3332 = DEFINITIONAL_REPRESENTATION('',(#3333),#3337);
#3333 = LINE('',#3334,#3335);
#3334 = CARTESIAN_POINT('',(-1.570796326795,0.));
#3335 = VECTOR('',#3336,1.);
#3336 = DIRECTION('',(1.,0.));
#3337 = ( GEOMETRIC_REPRESENTATION_CONTEXT(2) 
PARAMETRIC_REPRESENTATION_CONTEXT() REPRESENTATION_CONTEXT('2D SPACE',''
  ) );
#3338 = ADVANCED_FACE('',(#3339),#2537,.T.);
#3339 = FACE_BOUND('',#3340,.T.);
#3340 = EDGE_LOOP('',(#3341,#3342,#3416,#3417));
#3341 = ORIENTED_EDGE('',*,*,#2745,.F.);
#3342 = ORIENTED_EDGE('',*,*,#3343,.T.);
#3343 = EDGE_CURVE('',#2746,#1796,#3344,.T.);
#3344 = SURFACE_CURVE('',#3345,(#3358,#3387),.PCURVE_S1.);
#3345 = B_SPLINE_CURVE_WITH_KNOTS('',3,(#3346,#3347,#3348,#3349,#3350,
    #3351,#3352,#3353,#3354,#3355,#3356,#3357),.UNSPECIFIED.,.F.,.F.,(4,
    2,2,2,2,4),(-7.655314483594E-06,5.584294012147E-04,
    1.124514116913E-03,1.407556474762E-03,1.690598832611E-03,
    2.25668354831E-03),.UNSPECIFIED.);
#3346 = CARTESIAN_POINT('',(3.35,-1.5,3.317712699599));
#3347 = CARTESIAN_POINT('',(3.528264430172,-1.5,3.255843707352));
#3348 = CARTESIAN_POINT('',(3.707528783153,-1.465374261768,
    3.192270989247));
#3349 = CARTESIAN_POINT('',(4.039715389514,-1.331408294169,
    3.071875372669));
#3350 = CARTESIAN_POINT('',(4.194116637788,-1.231572518827,
    3.014547468713));
#3351 = CARTESIAN_POINT('',(4.389720471608,-1.041928159048,
    2.940695960824));
#3352 = CARTESIAN_POINT('',(4.449997995287,-0.970914354772,
    2.917704740325));
#3353 = CARTESIAN_POINT('',(4.554639372016,-0.819257524375,
    2.877515894107));
#3354 = CARTESIAN_POINT('',(4.599559262276,-0.738311497791,
    2.860111371231));
#3355 = CARTESIAN_POINT('',(4.710753290672,-0.47909122192,2.81683393112)
  );
#3356 = CARTESIAN_POINT('',(4.75,-0.290567425724,2.801304834898));
#3357 = CARTESIAN_POINT('',(4.75,-1.E-01,2.801304834898));
#3358 = PCURVE('',#2537,#3359);
#3359 = DEFINITIONAL_REPRESENTATION('',(#3360),#3386);
#3360 = B_SPLINE_CURVE_WITH_KNOTS('',3,(#3361,#3362,#3363,#3364,#3365,
    #3366,#3367,#3368,#3369,#3370,#3371,#3372,#3373,#3374,#3375,#3376,
    #3377,#3378,#3379,#3380,#3381,#3382,#3383,#3384,#3385),
  .UNSPECIFIED.,.F.,.F.,(4,1,1,1,1,1,1,1,1,1,1,1,1,1,1,1,1,1,1,1,1,1,4),
  (-7.655314483594E-06,9.526917927974E-05,1.981936730431E-04,
    3.011181668064E-04,4.040426605697E-04,5.069671543331E-04,
    6.098916480964E-04,7.128161418597E-04,8.15740635623E-04,
    9.186651293864E-04,1.02158962315E-03,1.124514116913E-03,
    1.227438610676E-03,1.33036310444E-03,1.433287598203E-03,
    1.536212091966E-03,1.63913658573E-03,1.742061079493E-03,
    1.844985573256E-03,1.94791006702E-03,2.050834560783E-03,
    2.153759054546E-03,2.25668354831E-03),.UNSPECIFIED.);
#3361 = CARTESIAN_POINT('',(1.570796326795,4.348962699599));
#3362 = CARTESIAN_POINT('',(1.593946642797,4.337713791917));
#3363 = CARTESIAN_POINT('',(1.640298177971,4.315103325517));
#3364 = CARTESIAN_POINT('',(1.709943776612,4.281032896255));
#3365 = CARTESIAN_POINT('',(1.779676334675,4.246990672575));
#3366 = CARTESIAN_POINT('',(1.849453745593,4.213160598441));
#3367 = CARTESIAN_POINT('',(1.919247329748,4.179722871152));
#3368 = CARTESIAN_POINT('',(1.989007983829,4.146871665945));
#3369 = CARTESIAN_POINT('',(2.058991190949,4.114674521942));
#3370 = CARTESIAN_POINT('',(2.129163272079,4.083330957314));
#3371 = CARTESIAN_POINT('',(2.199504551348,4.053029870503));
#3372 = CARTESIAN_POINT('',(2.270041374606,4.023946438357));
#3373 = CARTESIAN_POINT('',(2.340623107752,3.996321343827));
#3374 = CARTESIAN_POINT('',(2.411825451825,3.970146967055));
#3375 = CARTESIAN_POINT('',(2.483735859517,3.945575678923));
#3376 = CARTESIAN_POINT('',(2.555565172345,3.923081248402));
#3377 = CARTESIAN_POINT('',(2.627398431383,3.902780899862));
#3378 = CARTESIAN_POINT('',(2.699706079902,3.884714640307));
#3379 = CARTESIAN_POINT('',(2.773011345502,3.868947678806));
#3380 = CARTESIAN_POINT('',(2.846372223512,3.855888049782));
#3381 = CARTESIAN_POINT('',(2.919890344479,3.845583554807));
#3382 = CARTESIAN_POINT('',(2.993569336636,3.838122284118));
#3383 = CARTESIAN_POINT('',(3.06744090986,3.833581528929));
#3384 = CARTESIAN_POINT('',(3.116845003699,3.832554834898));
#3385 = CARTESIAN_POINT('',(3.14159265359,3.832554834898));
#3386 = ( GEOMETRIC_REPRESENTATION_CONTEXT(2) 
PARAMETRIC_REPRESENTATION_CONTEXT() REPRESENTATION_CONTEXT('2D SPACE',''
  ) );
#3387 = PCURVE('',#1817,#3388);
#3388 = DEFINITIONAL_REPRESENTATION('',(#3389),#3415);
#3389 = B_SPLINE_CURVE_WITH_KNOTS('',3,(#3390,#3391,#3392,#3393,#3394,
    #3395,#3396,#3397,#3398,#3399,#3400,#3401,#3402,#3403,#3404,#3405,
    #3406,#3407,#3408,#3409,#3410,#3411,#3412,#3413,#3414),
  .UNSPECIFIED.,.F.,.F.,(4,1,1,1,1,1,1,1,1,1,1,1,1,1,1,1,1,1,1,1,1,1,4),
  (-7.655314483594E-06,9.526917927974E-05,1.981936730431E-04,
    3.011181668064E-04,4.040426605697E-04,5.069671543331E-04,
    6.098916480964E-04,7.128161418597E-04,8.15740635623E-04,
    9.186651293864E-04,1.02158962315E-03,1.124514116913E-03,
    1.227438610676E-03,1.33036310444E-03,1.433287598203E-03,
    1.536212091966E-03,1.63913658573E-03,1.742061079493E-03,
    1.844985573256E-03,1.94791006702E-03,2.050834560783E-03,
    2.153759054546E-03,2.25668354831E-03),.UNSPECIFIED.);
#3390 = CARTESIAN_POINT('',(-4.037673387228E-06,0.999986128323));
#3391 = CARTESIAN_POINT('',(1.033245082479E-05,0.999983585939));
#3392 = CARTESIAN_POINT('',(3.927098892957E-05,0.999984811981));
#3393 = CARTESIAN_POINT('',(8.304977545534E-05,0.9999945491));
#3394 = CARTESIAN_POINT('',(1.269855909282E-04,1.000008085075));
#3395 = CARTESIAN_POINT('',(1.708296975443E-04,0.999997047607));
#3396 = CARTESIAN_POINT('',(2.144106738923E-04,0.999997897305));
#3397 = CARTESIAN_POINT('',(2.572739501336E-04,1.0000114468));
#3398 = CARTESIAN_POINT('',(2.995411318321E-04,1.000005741832));
#3399 = CARTESIAN_POINT('',(3.411589674459E-04,1.000005746061));
#3400 = CARTESIAN_POINT('',(3.820598324444E-04,1.000004582136));
#3401 = CARTESIAN_POINT('',(4.222146632358E-04,1.000004000845));
#3402 = CARTESIAN_POINT('',(4.61399998775E-04,1.000003393061));
#3403 = CARTESIAN_POINT('',(4.996517653039E-04,1.000003143509));
#3404 = CARTESIAN_POINT('',(5.36777749505E-04,1.000002114743));
#3405 = CARTESIAN_POINT('',(5.729149704391E-04,1.000004334405));
#3406 = CARTESIAN_POINT('',(6.078324491779E-04,0.999994749869));
#3407 = CARTESIAN_POINT('',(6.415891546575E-04,0.999998699554));
#3408 = CARTESIAN_POINT('',(6.741437282722E-04,0.99999976641));
#3409 = CARTESIAN_POINT('',(7.058089783669E-04,1.000002234807));
#3410 = CARTESIAN_POINT('',(7.365076702525E-04,1.000001515103));
#3411 = CARTESIAN_POINT('',(7.661411492545E-04,1.000001539725));
#3412 = CARTESIAN_POINT('',(7.957662397484E-04,1.00000188041));
#3413 = CARTESIAN_POINT('',(8.15312170031E-04,1.000000985939));
#3414 = CARTESIAN_POINT('',(8.250489744687E-04,1.));
#3415 = ( GEOMETRIC_REPRESENTATION_CONTEXT(2) 
PARAMETRIC_REPRESENTATION_CONTEXT() REPRESENTATION_CONTEXT('2D SPACE',''
  ) );
#3416 = ORIENTED_EDGE('',*,*,#2521,.F.);
#3417 = ORIENTED_EDGE('',*,*,#3418,.F.);
#3418 = EDGE_CURVE('',#2748,#2522,#3419,.T.);
#3419 = SURFACE_CURVE('',#3420,(#3425,#3432),.PCURVE_S1.);
#3420 = CIRCLE('',#3421,1.4);
#3421 = AXIS2_PLACEMENT_3D('',#3422,#3423,#3424);
#3422 = CARTESIAN_POINT('',(3.35,-1.E-01,4.1));
#3423 = DIRECTION('',(-0.,1.110223024625E-16,1.));
#3424 = DIRECTION('',(0.,-1.,1.110223024625E-16));
#3425 = PCURVE('',#2537,#3426);
#3426 = DEFINITIONAL_REPRESENTATION('',(#3427),#3431);
#3427 = LINE('',#3428,#3429);
#3428 = CARTESIAN_POINT('',(1.570796326795,5.13125));
#3429 = VECTOR('',#3430,1.);
#3430 = DIRECTION('',(1.,0.));
#3431 = ( GEOMETRIC_REPRESENTATION_CONTEXT(2) 
PARAMETRIC_REPRESENTATION_CONTEXT() REPRESENTATION_CONTEXT('2D SPACE',''
  ) );
#3432 = PCURVE('',#3433,#3438);
#3433 = SPHERICAL_SURFACE('',#3434,1.4);
#3434 = AXIS2_PLACEMENT_3D('',#3435,#3436,#3437);
#3435 = CARTESIAN_POINT('',(3.35,-1.E-01,4.1));
#3436 = DIRECTION('',(0.,1.110223024625E-16,1.));
#3437 = DIRECTION('',(1.,0.,0.));
#3438 = DEFINITIONAL_REPRESENTATION('',(#3439),#3465);
#3439 = B_SPLINE_CURVE_WITH_KNOTS('',3,(#3440,#3441,#3442,#3443,#3444,
    #3445,#3446,#3447,#3448,#3449,#3450,#3451,#3452,#3453,#3454,#3455,
    #3456,#3457,#3458,#3459,#3460,#3461,#3462,#3463,#3464),
  .UNSPECIFIED.,.F.,.F.,(4,1,1,1,1,1,1,1,1,1,1,1,1,1,1,1,1,1,1,1,1,1,4),
  (0.,7.139983303613E-02,0.142799666072,0.214199499108,0.285599332145,
    0.356999165181,0.428398998217,0.499798831253,0.571198664289,
    0.642598497325,0.713998330361,0.785398163397,0.856797996434,
    0.92819782947,0.999597662506,1.070997495542,1.142397328578,
    1.213797161614,1.28519699465,1.356596827687,1.427996660723,
    1.499396493759,1.570796326795),.QUASI_UNIFORM_KNOTS.);
#3440 = CARTESIAN_POINT('',(4.712388980385,0.));
#3441 = CARTESIAN_POINT('',(4.73618892473,0.));
#3442 = CARTESIAN_POINT('',(4.783788813421,0.));
#3443 = CARTESIAN_POINT('',(4.855188646457,0.));
#3444 = CARTESIAN_POINT('',(4.926588479493,0.));
#3445 = CARTESIAN_POINT('',(4.997988312529,0.));
#3446 = CARTESIAN_POINT('',(5.069388145565,0.));
#3447 = CARTESIAN_POINT('',(5.140787978601,0.));
#3448 = CARTESIAN_POINT('',(5.212187811638,0.));
#3449 = CARTESIAN_POINT('',(5.283587644674,0.));
#3450 = CARTESIAN_POINT('',(5.35498747771,0.));
#3451 = CARTESIAN_POINT('',(5.426387310746,0.));
#3452 = CARTESIAN_POINT('',(5.497787143782,0.));
#3453 = CARTESIAN_POINT('',(5.569186976818,0.));
#3454 = CARTESIAN_POINT('',(5.640586809854,0.));
#3455 = CARTESIAN_POINT('',(5.711986642891,0.));
#3456 = CARTESIAN_POINT('',(5.783386475927,0.));
#3457 = CARTESIAN_POINT('',(5.854786308963,0.));
#3458 = CARTESIAN_POINT('',(5.926186141999,0.));
#3459 = CARTESIAN_POINT('',(5.997585975035,0.));
#3460 = CARTESIAN_POINT('',(6.068985808071,0.));
#3461 = CARTESIAN_POINT('',(6.140385641107,0.));
#3462 = CARTESIAN_POINT('',(6.211785474143,0.));
#3463 = CARTESIAN_POINT('',(6.259385362834,0.));
#3464 = CARTESIAN_POINT('',(6.28318530718,0.));
#3465 = ( GEOMETRIC_REPRESENTATION_CONTEXT(2) 
PARAMETRIC_REPRESENTATION_CONTEXT() REPRESENTATION_CONTEXT('2D SPACE',''
  ) );
#3466 = ADVANCED_FACE('',(#3467),#2709,.T.);
#3467 = FACE_BOUND('',#3468,.T.);
#3468 = EDGE_LOOP('',(#3469,#3491,#3492,#3536));
#3469 = ORIENTED_EDGE('',*,*,#3470,.F.);
#3470 = EDGE_CURVE('',#2776,#2671,#3471,.T.);
#3471 = SURFACE_CURVE('',#3472,(#3477,#3484),.PCURVE_S1.);
#3472 = CIRCLE('',#3473,1.4);
#3473 = AXIS2_PLACEMENT_3D('',#3474,#3475,#3476);
#3474 = CARTESIAN_POINT('',(1.65,-1.E-01,4.1));
#3475 = DIRECTION('',(-1.,0.,0.));
#3476 = DIRECTION('',(0.,-1.,1.110223024625E-16));
#3477 = PCURVE('',#2709,#3478);
#3478 = DEFINITIONAL_REPRESENTATION('',(#3479),#3483);
#3479 = LINE('',#3480,#3481);
#3480 = CARTESIAN_POINT('',(0.,0.85));
#3481 = VECTOR('',#3482,1.);
#3482 = DIRECTION('',(1.,0.));
#3483 = ( GEOMETRIC_REPRESENTATION_CONTEXT(2) 
PARAMETRIC_REPRESENTATION_CONTEXT() REPRESENTATION_CONTEXT('2D SPACE',''
  ) );
#3484 = PCURVE('',#3327,#3485);
#3485 = DEFINITIONAL_REPRESENTATION('',(#3486),#3490);
#3486 = LINE('',#3487,#3488);
#3487 = CARTESIAN_POINT('',(4.712388980385,0.));
#3488 = VECTOR('',#3489,1.);
#3489 = DIRECTION('',(0.,1.));
#3490 = ( GEOMETRIC_REPRESENTATION_CONTEXT(2) 
PARAMETRIC_REPRESENTATION_CONTEXT() REPRESENTATION_CONTEXT('2D SPACE',''
  ) );
#3491 = ORIENTED_EDGE('',*,*,#2775,.F.);
#3492 = ORIENTED_EDGE('',*,*,#3493,.F.);
#3493 = EDGE_CURVE('',#2694,#2748,#3494,.T.);
#3494 = SURFACE_CURVE('',#3495,(#3500,#3507),.PCURVE_S1.);
#3495 = CIRCLE('',#3496,1.4);
#3496 = AXIS2_PLACEMENT_3D('',#3497,#3498,#3499);
#3497 = CARTESIAN_POINT('',(3.35,-1.E-01,4.1));
#3498 = DIRECTION('',(1.,7.744301232039E-17,-8.597901537443E-33));
#3499 = DIRECTION('',(-7.744301232039E-17,1.,-1.110223024625E-16));
#3500 = PCURVE('',#2709,#3501);
#3501 = DEFINITIONAL_REPRESENTATION('',(#3502),#3506);
#3502 = LINE('',#3503,#3504);
#3503 = CARTESIAN_POINT('',(3.14159265359,-0.85));
#3504 = VECTOR('',#3505,1.);
#3505 = DIRECTION('',(-1.,-7.067899292141E-17));
#3506 = ( GEOMETRIC_REPRESENTATION_CONTEXT(2) 
PARAMETRIC_REPRESENTATION_CONTEXT() REPRESENTATION_CONTEXT('2D SPACE',''
  ) );
#3507 = PCURVE('',#3433,#3508);
#3508 = DEFINITIONAL_REPRESENTATION('',(#3509),#3535);
#3509 = B_SPLINE_CURVE_WITH_KNOTS('',3,(#3510,#3511,#3512,#3513,#3514,
    #3515,#3516,#3517,#3518,#3519,#3520,#3521,#3522,#3523,#3524,#3525,
    #3526,#3527,#3528,#3529,#3530,#3531,#3532,#3533,#3534),
  .UNSPECIFIED.,.F.,.F.,(4,1,1,1,1,1,1,1,1,1,1,1,1,1,1,1,1,1,1,1,1,1,4),
  (1.570796326795,1.642196159831,1.713595992867,1.784995825903,
    1.856395658939,1.927795491976,1.999195325012,2.070595158048,
    2.141994991084,2.21339482412,2.284794657156,2.356194490192,
    2.427594323228,2.498994156265,2.570393989301,2.641793822337,
    2.713193655373,2.784593488409,2.855993321445,2.927393154481,
    2.998792987518,3.070192820554,3.14159265359),.QUASI_UNIFORM_KNOTS.);
#3510 = CARTESIAN_POINT('',(4.712388980385,1.570796326795));
#3511 = CARTESIAN_POINT('',(4.712388980385,1.54699638245));
#3512 = CARTESIAN_POINT('',(4.712388980385,1.499396493759));
#3513 = CARTESIAN_POINT('',(4.712388980385,1.427996660723));
#3514 = CARTESIAN_POINT('',(4.712388980385,1.356596827687));
#3515 = CARTESIAN_POINT('',(4.712388980385,1.28519699465));
#3516 = CARTESIAN_POINT('',(4.712388980385,1.213797161614));
#3517 = CARTESIAN_POINT('',(4.712388980385,1.142397328578));
#3518 = CARTESIAN_POINT('',(4.712388980385,1.070997495542));
#3519 = CARTESIAN_POINT('',(4.712388980385,0.999597662506));
#3520 = CARTESIAN_POINT('',(4.712388980385,0.92819782947));
#3521 = CARTESIAN_POINT('',(4.712388980385,0.856797996434));
#3522 = CARTESIAN_POINT('',(4.712388980385,0.785398163397));
#3523 = CARTESIAN_POINT('',(4.712388980385,0.713998330361));
#3524 = CARTESIAN_POINT('',(4.712388980385,0.642598497325));
#3525 = CARTESIAN_POINT('',(4.712388980385,0.571198664289));
#3526 = CARTESIAN_POINT('',(4.712388980385,0.499798831253));
#3527 = CARTESIAN_POINT('',(4.712388980385,0.428398998217));
#3528 = CARTESIAN_POINT('',(4.712388980385,0.356999165181));
#3529 = CARTESIAN_POINT('',(4.712388980385,0.285599332145));
#3530 = CARTESIAN_POINT('',(4.712388980385,0.214199499108));
#3531 = CARTESIAN_POINT('',(4.712388980385,0.142799666072));
#3532 = CARTESIAN_POINT('',(4.712388980385,7.139983303613E-02));
#3533 = CARTESIAN_POINT('',(4.712388980385,2.379994434538E-02));
#3534 = CARTESIAN_POINT('',(4.712388980385,0.));
#3535 = ( GEOMETRIC_REPRESENTATION_CONTEXT(2) 
PARAMETRIC_REPRESENTATION_CONTEXT() REPRESENTATION_CONTEXT('2D SPACE',''
  ) );
#3536 = ORIENTED_EDGE('',*,*,#2693,.F.);
#3537 = ADVANCED_FACE('',(#3538),#3327,.T.);
#3538 = FACE_BOUND('',#3539,.T.);
#3539 = EDGE_LOOP('',(#3540,#3541,#3542));
#3540 = ORIENTED_EDGE('',*,*,#3312,.T.);
#3541 = ORIENTED_EDGE('',*,*,#3470,.T.);
#3542 = ORIENTED_EDGE('',*,*,#3543,.F.);
#3543 = EDGE_CURVE('',#2263,#2671,#3544,.T.);
#3544 = SURFACE_CURVE('',#3545,(#3550,#3557),.PCURVE_S1.);
#3545 = CIRCLE('',#3546,1.4);
#3546 = AXIS2_PLACEMENT_3D('',#3547,#3548,#3549);
#3547 = CARTESIAN_POINT('',(1.65,-1.E-01,4.1));
#3548 = DIRECTION('',(0.,1.,-1.110223024625E-16));
#3549 = DIRECTION('',(1.,0.,0.));
#3550 = PCURVE('',#3327,#3551);
#3551 = DEFINITIONAL_REPRESENTATION('',(#3552),#3556);
#3552 = LINE('',#3553,#3554);
#3553 = CARTESIAN_POINT('',(3.14159265359,-3.14159265359));
#3554 = VECTOR('',#3555,1.);
#3555 = DIRECTION('',(0.,1.));
#3556 = ( GEOMETRIC_REPRESENTATION_CONTEXT(2) 
PARAMETRIC_REPRESENTATION_CONTEXT() REPRESENTATION_CONTEXT('2D SPACE',''
  ) );
#3557 = PCURVE('',#2304,#3558);
#3558 = DEFINITIONAL_REPRESENTATION('',(#3559),#3563);
#3559 = LINE('',#3560,#3561);
#3560 = CARTESIAN_POINT('',(-3.14159265359,1.4));
#3561 = VECTOR('',#3562,1.);
#3562 = DIRECTION('',(1.,0.));
#3563 = ( GEOMETRIC_REPRESENTATION_CONTEXT(2) 
PARAMETRIC_REPRESENTATION_CONTEXT() REPRESENTATION_CONTEXT('2D SPACE',''
  ) );
#3564 = ADVANCED_FACE('',(#3565),#3433,.T.);
#3565 = FACE_BOUND('',#3566,.T.);
#3566 = EDGE_LOOP('',(#3567,#3568,#3569));
#3567 = ORIENTED_EDGE('',*,*,#3493,.T.);
#3568 = ORIENTED_EDGE('',*,*,#3418,.T.);
#3569 = ORIENTED_EDGE('',*,*,#3570,.F.);
#3570 = EDGE_CURVE('',#2694,#2522,#3571,.T.);
#3571 = SURFACE_CURVE('',#3572,(#3577,#3606),.PCURVE_S1.);
#3572 = CIRCLE('',#3573,1.4);
#3573 = AXIS2_PLACEMENT_3D('',#3574,#3575,#3576);
#3574 = CARTESIAN_POINT('',(3.35,-1.E-01,4.1));
#3575 = DIRECTION('',(0.,1.,-1.110223024625E-16));
#3576 = DIRECTION('',(1.,6.878321229954E-32,6.195440985631E-16));
#3577 = PCURVE('',#3433,#3578);
#3578 = DEFINITIONAL_REPRESENTATION('',(#3579),#3605);
#3579 = B_SPLINE_CURVE_WITH_KNOTS('',3,(#3580,#3581,#3582,#3583,#3584,
    #3585,#3586,#3587,#3588,#3589,#3590,#3591,#3592,#3593,#3594,#3595,
    #3596,#3597,#3598,#3599,#3600,#3601,#3602,#3603,#3604),
  .UNSPECIFIED.,.F.,.F.,(4,1,1,1,1,1,1,1,1,1,1,1,1,1,1,1,1,1,1,1,1,1,4),
  (4.712388980385,4.783788813421,4.855188646457,4.926588479493,
    4.997988312529,5.069388145565,5.140787978601,5.212187811638,
    5.283587644674,5.35498747771,5.426387310746,5.497787143782,
    5.569186976818,5.640586809854,5.711986642891,5.783386475927,
    5.854786308963,5.926186141999,5.997585975035,6.068985808071,
    6.140385641107,6.211785474143,6.28318530718),.QUASI_UNIFORM_KNOTS.);
#3580 = CARTESIAN_POINT('',(6.28318530718,1.570796326795));
#3581 = CARTESIAN_POINT('',(6.28318530718,1.54699638245));
#3582 = CARTESIAN_POINT('',(6.28318530718,1.499396493759));
#3583 = CARTESIAN_POINT('',(6.28318530718,1.427996660723));
#3584 = CARTESIAN_POINT('',(6.28318530718,1.356596827687));
#3585 = CARTESIAN_POINT('',(6.28318530718,1.28519699465));
#3586 = CARTESIAN_POINT('',(6.28318530718,1.213797161614));
#3587 = CARTESIAN_POINT('',(6.28318530718,1.142397328578));
#3588 = CARTESIAN_POINT('',(6.28318530718,1.070997495542));
#3589 = CARTESIAN_POINT('',(6.28318530718,0.999597662506));
#3590 = CARTESIAN_POINT('',(6.28318530718,0.92819782947));
#3591 = CARTESIAN_POINT('',(6.28318530718,0.856797996434));
#3592 = CARTESIAN_POINT('',(6.28318530718,0.785398163397));
#3593 = CARTESIAN_POINT('',(6.28318530718,0.713998330361));
#3594 = CARTESIAN_POINT('',(6.28318530718,0.642598497325));
#3595 = CARTESIAN_POINT('',(6.28318530718,0.571198664289));
#3596 = CARTESIAN_POINT('',(6.28318530718,0.499798831253));
#3597 = CARTESIAN_POINT('',(6.28318530718,0.428398998217));
#3598 = CARTESIAN_POINT('',(6.28318530718,0.356999165181));
#3599 = CARTESIAN_POINT('',(6.28318530718,0.285599332145));
#3600 = CARTESIAN_POINT('',(6.28318530718,0.214199499108));
#3601 = CARTESIAN_POINT('',(6.28318530718,0.142799666072));
#3602 = CARTESIAN_POINT('',(6.28318530718,7.139983303613E-02));
#3603 = CARTESIAN_POINT('',(6.28318530718,2.379994434538E-02));
#3604 = CARTESIAN_POINT('',(6.28318530718,8.881784197001E-16));
#3605 = ( GEOMETRIC_REPRESENTATION_CONTEXT(2) 
PARAMETRIC_REPRESENTATION_CONTEXT() REPRESENTATION_CONTEXT('2D SPACE',''
  ) );
#3606 = PCURVE('',#2620,#3607);
#3607 = DEFINITIONAL_REPRESENTATION('',(#3608),#3612);
#3608 = LINE('',#3609,#3610);
#3609 = CARTESIAN_POINT('',(-3.14159265359,1.4));
#3610 = VECTOR('',#3611,1.);
#3611 = DIRECTION('',(1.,0.));
#3612 = ( GEOMETRIC_REPRESENTATION_CONTEXT(2) 
PARAMETRIC_REPRESENTATION_CONTEXT() REPRESENTATION_CONTEXT('2D SPACE',''
  ) );
#3613 = ADVANCED_FACE('',(#3614),#2304,.T.);
#3614 = FACE_BOUND('',#3615,.T.);
#3615 = EDGE_LOOP('',(#3616,#3617,#3618,#3645));
#3616 = ORIENTED_EDGE('',*,*,#3543,.T.);
#3617 = ORIENTED_EDGE('',*,*,#2670,.F.);
#3618 = ORIENTED_EDGE('',*,*,#3619,.F.);
#3619 = EDGE_CURVE('',#2206,#2638,#3620,.T.);
#3620 = SURFACE_CURVE('',#3621,(#3626,#3633),.PCURVE_S1.);
#3621 = CIRCLE('',#3622,1.4);
#3622 = AXIS2_PLACEMENT_3D('',#3623,#3624,#3625);
#3623 = CARTESIAN_POINT('',(1.65,0.1,4.1));
#3624 = DIRECTION('',(0.,1.,-1.110223024625E-16));
#3625 = DIRECTION('',(-1.,0.,0.));
#3626 = PCURVE('',#2304,#3627);
#3627 = DEFINITIONAL_REPRESENTATION('',(#3628),#3632);
#3628 = LINE('',#3629,#3630);
#3629 = CARTESIAN_POINT('',(0.,1.6));
#3630 = VECTOR('',#3631,1.);
#3631 = DIRECTION('',(1.,0.));
#3632 = ( GEOMETRIC_REPRESENTATION_CONTEXT(2) 
PARAMETRIC_REPRESENTATION_CONTEXT() REPRESENTATION_CONTEXT('2D SPACE',''
  ) );
#3633 = PCURVE('',#3634,#3639);
#3634 = SPHERICAL_SURFACE('',#3635,1.4);
#3635 = AXIS2_PLACEMENT_3D('',#3636,#3637,#3638);
#3636 = CARTESIAN_POINT('',(1.65,0.1,4.1));
#3637 = DIRECTION('',(0.,1.110223024625E-16,1.));
#3638 = DIRECTION('',(1.,0.,0.));
#3639 = DEFINITIONAL_REPRESENTATION('',(#3640),#3644);
#3640 = LINE('',#3641,#3642);
#3641 = CARTESIAN_POINT('',(3.14159265359,0.));
#3642 = VECTOR('',#3643,1.);
#3643 = DIRECTION('',(0.,1.));
#3644 = ( GEOMETRIC_REPRESENTATION_CONTEXT(2) 
PARAMETRIC_REPRESENTATION_CONTEXT() REPRESENTATION_CONTEXT('2D SPACE',''
  ) );
#3645 = ORIENTED_EDGE('',*,*,#2290,.F.);
#3646 = ADVANCED_FACE('',(#3647),#2620,.T.);
#3647 = FACE_BOUND('',#3648,.T.);
#3648 = EDGE_LOOP('',(#3649,#3650,#3651,#3700));
#3649 = ORIENTED_EDGE('',*,*,#3570,.T.);
#3650 = ORIENTED_EDGE('',*,*,#2606,.F.);
#3651 = ORIENTED_EDGE('',*,*,#3652,.F.);
#3652 = EDGE_CURVE('',#2636,#2579,#3653,.T.);
#3653 = SURFACE_CURVE('',#3654,(#3659,#3666),.PCURVE_S1.);
#3654 = CIRCLE('',#3655,1.4);
#3655 = AXIS2_PLACEMENT_3D('',#3656,#3657,#3658);
#3656 = CARTESIAN_POINT('',(3.35,0.1,4.1));
#3657 = DIRECTION('',(0.,1.,-1.110223024625E-16));
#3658 = DIRECTION('',(-1.,0.,0.));
#3659 = PCURVE('',#2620,#3660);
#3660 = DEFINITIONAL_REPRESENTATION('',(#3661),#3665);
#3661 = LINE('',#3662,#3663);
#3662 = CARTESIAN_POINT('',(0.,1.6));
#3663 = VECTOR('',#3664,1.);
#3664 = DIRECTION('',(1.,0.));
#3665 = ( GEOMETRIC_REPRESENTATION_CONTEXT(2) 
PARAMETRIC_REPRESENTATION_CONTEXT() REPRESENTATION_CONTEXT('2D SPACE',''
  ) );
#3666 = PCURVE('',#3667,#3672);
#3667 = SPHERICAL_SURFACE('',#3668,1.4);
#3668 = AXIS2_PLACEMENT_3D('',#3669,#3670,#3671);
#3669 = CARTESIAN_POINT('',(3.35,0.1,4.1));
#3670 = DIRECTION('',(0.,1.110223024625E-16,1.));
#3671 = DIRECTION('',(1.,0.,0.));
#3672 = DEFINITIONAL_REPRESENTATION('',(#3673),#3699);
#3673 = B_SPLINE_CURVE_WITH_KNOTS('',3,(#3674,#3675,#3676,#3677,#3678,
    #3679,#3680,#3681,#3682,#3683,#3684,#3685,#3686,#3687,#3688,#3689,
    #3690,#3691,#3692,#3693,#3694,#3695,#3696,#3697,#3698),
  .UNSPECIFIED.,.F.,.F.,(4,1,1,1,1,1,1,1,1,1,1,1,1,1,1,1,1,1,1,1,1,1,4),
  (1.570796326795,1.642196159831,1.713595992867,1.784995825903,
    1.856395658939,1.927795491976,1.999195325012,2.070595158048,
    2.141994991084,2.21339482412,2.284794657156,2.356194490192,
    2.427594323228,2.498994156265,2.570393989301,2.641793822337,
    2.713193655373,2.784593488409,2.855993321445,2.927393154481,
    2.998792987518,3.070192820554,3.14159265359),.QUASI_UNIFORM_KNOTS.);
#3674 = CARTESIAN_POINT('',(0.,1.570796326795));
#3675 = CARTESIAN_POINT('',(0.,1.54699638245));
#3676 = CARTESIAN_POINT('',(0.,1.499396493759));
#3677 = CARTESIAN_POINT('',(0.,1.427996660723));
#3678 = CARTESIAN_POINT('',(0.,1.356596827687));
#3679 = CARTESIAN_POINT('',(0.,1.28519699465));
#3680 = CARTESIAN_POINT('',(0.,1.213797161614));
#3681 = CARTESIAN_POINT('',(0.,1.142397328578));
#3682 = CARTESIAN_POINT('',(0.,1.070997495542));
#3683 = CARTESIAN_POINT('',(0.,0.999597662506));
#3684 = CARTESIAN_POINT('',(0.,0.92819782947));
#3685 = CARTESIAN_POINT('',(0.,0.856797996434));
#3686 = CARTESIAN_POINT('',(0.,0.785398163397));
#3687 = CARTESIAN_POINT('',(0.,0.713998330361));
#3688 = CARTESIAN_POINT('',(0.,0.642598497325));
#3689 = CARTESIAN_POINT('',(0.,0.571198664289));
#3690 = CARTESIAN_POINT('',(0.,0.499798831253));
#3691 = CARTESIAN_POINT('',(0.,0.428398998217));
#3692 = CARTESIAN_POINT('',(0.,0.356999165181));
#3693 = CARTESIAN_POINT('',(0.,0.285599332145));
#3694 = CARTESIAN_POINT('',(0.,0.214199499108));
#3695 = CARTESIAN_POINT('',(0.,0.142799666072));
#3696 = CARTESIAN_POINT('',(0.,7.139983303613E-02));
#3697 = CARTESIAN_POINT('',(0.,2.379994434538E-02));
#3698 = CARTESIAN_POINT('',(0.,0.));
#3699 = ( GEOMETRIC_REPRESENTATION_CONTEXT(2) 
PARAMETRIC_REPRESENTATION_CONTEXT() REPRESENTATION_CONTEXT('2D SPACE',''
  ) );
#3700 = ORIENTED_EDGE('',*,*,#2721,.F.);
#3701 = ADVANCED_FACE('',(#3702),#2658,.T.);
#3702 = FACE_BOUND('',#3703,.T.);
#3703 = EDGE_LOOP('',(#3704,#3748,#3749,#3793));
#3704 = ORIENTED_EDGE('',*,*,#3705,.F.);
#3705 = EDGE_CURVE('',#2638,#2905,#3706,.T.);
#3706 = SURFACE_CURVE('',#3707,(#3712,#3719),.PCURVE_S1.);
#3707 = CIRCLE('',#3708,1.4);
#3708 = AXIS2_PLACEMENT_3D('',#3709,#3710,#3711);
#3709 = CARTESIAN_POINT('',(1.65,0.1,4.1));
#3710 = DIRECTION('',(-1.,0.,0.));
#3711 = DIRECTION('',(0.,-1.,1.110223024625E-16));
#3712 = PCURVE('',#2658,#3713);
#3713 = DEFINITIONAL_REPRESENTATION('',(#3714),#3718);
#3714 = LINE('',#3715,#3716);
#3715 = CARTESIAN_POINT('',(3.14159265359,-3.1));
#3716 = VECTOR('',#3717,1.);
#3717 = DIRECTION('',(-1.,0.));
#3718 = ( GEOMETRIC_REPRESENTATION_CONTEXT(2) 
PARAMETRIC_REPRESENTATION_CONTEXT() REPRESENTATION_CONTEXT('2D SPACE',''
  ) );
#3719 = PCURVE('',#3634,#3720);
#3720 = DEFINITIONAL_REPRESENTATION('',(#3721),#3747);
#3721 = B_SPLINE_CURVE_WITH_KNOTS('',3,(#3722,#3723,#3724,#3725,#3726,
    #3727,#3728,#3729,#3730,#3731,#3732,#3733,#3734,#3735,#3736,#3737,
    #3738,#3739,#3740,#3741,#3742,#3743,#3744,#3745,#3746),
  .UNSPECIFIED.,.F.,.F.,(4,1,1,1,1,1,1,1,1,1,1,1,1,1,1,1,1,1,1,1,1,1,4),
  (1.570796326795,1.642196159831,1.713595992867,1.784995825903,
    1.856395658939,1.927795491976,1.999195325012,2.070595158048,
    2.141994991084,2.21339482412,2.284794657156,2.356194490192,
    2.427594323228,2.498994156265,2.570393989301,2.641793822337,
    2.713193655373,2.784593488409,2.855993321445,2.927393154481,
    2.998792987518,3.070192820554,3.14159265359),.QUASI_UNIFORM_KNOTS.);
#3722 = CARTESIAN_POINT('',(1.570796326795,1.570796326795));
#3723 = CARTESIAN_POINT('',(1.570796326795,1.54699638245));
#3724 = CARTESIAN_POINT('',(1.570796326795,1.499396493759));
#3725 = CARTESIAN_POINT('',(1.570796326795,1.427996660723));
#3726 = CARTESIAN_POINT('',(1.570796326795,1.356596827687));
#3727 = CARTESIAN_POINT('',(1.570796326795,1.28519699465));
#3728 = CARTESIAN_POINT('',(1.570796326795,1.213797161614));
#3729 = CARTESIAN_POINT('',(1.570796326795,1.142397328578));
#3730 = CARTESIAN_POINT('',(1.570796326795,1.070997495542));
#3731 = CARTESIAN_POINT('',(1.570796326795,0.999597662506));
#3732 = CARTESIAN_POINT('',(1.570796326795,0.92819782947));
#3733 = CARTESIAN_POINT('',(1.570796326795,0.856797996434));
#3734 = CARTESIAN_POINT('',(1.570796326795,0.785398163397));
#3735 = CARTESIAN_POINT('',(1.570796326795,0.713998330361));
#3736 = CARTESIAN_POINT('',(1.570796326795,0.642598497325));
#3737 = CARTESIAN_POINT('',(1.570796326795,0.571198664289));
#3738 = CARTESIAN_POINT('',(1.570796326795,0.499798831253));
#3739 = CARTESIAN_POINT('',(1.570796326795,0.428398998217));
#3740 = CARTESIAN_POINT('',(1.570796326795,0.356999165181));
#3741 = CARTESIAN_POINT('',(1.570796326795,0.285599332145));
#3742 = CARTESIAN_POINT('',(1.570796326795,0.214199499108));
#3743 = CARTESIAN_POINT('',(1.570796326795,0.142799666072));
#3744 = CARTESIAN_POINT('',(1.570796326795,7.139983303613E-02));
#3745 = CARTESIAN_POINT('',(1.570796326795,2.379994434538E-02));
#3746 = CARTESIAN_POINT('',(1.570796326795,0.));
#3747 = ( GEOMETRIC_REPRESENTATION_CONTEXT(2) 
PARAMETRIC_REPRESENTATION_CONTEXT() REPRESENTATION_CONTEXT('2D SPACE',''
  ) );
#3748 = ORIENTED_EDGE('',*,*,#2635,.F.);
#3749 = ORIENTED_EDGE('',*,*,#3750,.F.);
#3750 = EDGE_CURVE('',#2847,#2636,#3751,.T.);
#3751 = SURFACE_CURVE('',#3752,(#3757,#3764),.PCURVE_S1.);
#3752 = CIRCLE('',#3753,1.4);
#3753 = AXIS2_PLACEMENT_3D('',#3754,#3755,#3756);
#3754 = CARTESIAN_POINT('',(3.35,0.1,4.1));
#3755 = DIRECTION('',(1.,8.597901537443E-33,7.744301232039E-17));
#3756 = DIRECTION('',(-7.744301232039E-17,1.110223024625E-16,1.));
#3757 = PCURVE('',#2658,#3758);
#3758 = DEFINITIONAL_REPRESENTATION('',(#3759),#3763);
#3759 = LINE('',#3760,#3761);
#3760 = CARTESIAN_POINT('',(-4.712388980385,-1.4));
#3761 = VECTOR('',#3762,1.);
#3762 = DIRECTION('',(1.,0.));
#3763 = ( GEOMETRIC_REPRESENTATION_CONTEXT(2) 
PARAMETRIC_REPRESENTATION_CONTEXT() REPRESENTATION_CONTEXT('2D SPACE',''
  ) );
#3764 = PCURVE('',#3667,#3765);
#3765 = DEFINITIONAL_REPRESENTATION('',(#3766),#3792);
#3766 = B_SPLINE_CURVE_WITH_KNOTS('',3,(#3767,#3768,#3769,#3770,#3771,
    #3772,#3773,#3774,#3775,#3776,#3777,#3778,#3779,#3780,#3781,#3782,
    #3783,#3784,#3785,#3786,#3787,#3788,#3789,#3790,#3791),
  .UNSPECIFIED.,.F.,.F.,(4,1,1,1,1,1,1,1,1,1,1,1,1,1,1,1,1,1,1,1,1,1,4),
  (4.712388980385,4.783788813421,4.855188646457,4.926588479493,
    4.997988312529,5.069388145565,5.140787978601,5.212187811638,
    5.283587644674,5.35498747771,5.426387310746,5.497787143782,
    5.569186976818,5.640586809854,5.711986642891,5.783386475927,
    5.854786308963,5.926186141999,5.997585975035,6.068985808071,
    6.140385641107,6.211785474143,6.28318530718),.QUASI_UNIFORM_KNOTS.);
#3767 = CARTESIAN_POINT('',(1.570796326795,0.));
#3768 = CARTESIAN_POINT('',(1.570796326795,2.379994434538E-02));
#3769 = CARTESIAN_POINT('',(1.570796326795,7.139983303613E-02));
#3770 = CARTESIAN_POINT('',(1.570796326795,0.142799666072));
#3771 = CARTESIAN_POINT('',(1.570796326795,0.214199499108));
#3772 = CARTESIAN_POINT('',(1.570796326795,0.285599332145));
#3773 = CARTESIAN_POINT('',(1.570796326795,0.356999165181));
#3774 = CARTESIAN_POINT('',(1.570796326795,0.428398998217));
#3775 = CARTESIAN_POINT('',(1.570796326795,0.499798831253));
#3776 = CARTESIAN_POINT('',(1.570796326795,0.571198664289));
#3777 = CARTESIAN_POINT('',(1.570796326795,0.642598497325));
#3778 = CARTESIAN_POINT('',(1.570796326795,0.713998330361));
#3779 = CARTESIAN_POINT('',(1.570796326795,0.785398163397));
#3780 = CARTESIAN_POINT('',(1.570796326795,0.856797996434));
#3781 = CARTESIAN_POINT('',(1.570796326795,0.92819782947));
#3782 = CARTESIAN_POINT('',(1.570796326795,0.999597662506));
#3783 = CARTESIAN_POINT('',(1.570796326795,1.070997495542));
#3784 = CARTESIAN_POINT('',(1.570796326795,1.142397328578));
#3785 = CARTESIAN_POINT('',(1.570796326795,1.213797161614));
#3786 = CARTESIAN_POINT('',(1.570796326795,1.28519699465));
#3787 = CARTESIAN_POINT('',(1.570796326795,1.356596827687));
#3788 = CARTESIAN_POINT('',(1.570796326795,1.427996660723));
#3789 = CARTESIAN_POINT('',(1.570796326795,1.499396493759));
#3790 = CARTESIAN_POINT('',(1.570796326795,1.54699638245));
#3791 = CARTESIAN_POINT('',(1.570796326795,1.570796326795));
#3792 = ( GEOMETRIC_REPRESENTATION_CONTEXT(2) 
PARAMETRIC_REPRESENTATION_CONTEXT() REPRESENTATION_CONTEXT('2D SPACE',''
  ) );
#3793 = ORIENTED_EDGE('',*,*,#2927,.F.);
#3794 = ADVANCED_FACE('',(#3795),#3634,.T.);
#3795 = FACE_BOUND('',#3796,.T.);
#3796 = EDGE_LOOP('',(#3797,#3798,#3799));
#3797 = ORIENTED_EDGE('',*,*,#3619,.T.);
#3798 = ORIENTED_EDGE('',*,*,#3705,.T.);
#3799 = ORIENTED_EDGE('',*,*,#3800,.F.);
#3800 = EDGE_CURVE('',#2206,#2905,#3801,.T.);
#3801 = SURFACE_CURVE('',#3802,(#3807,#3814),.PCURVE_S1.);
#3802 = CIRCLE('',#3803,1.4);
#3803 = AXIS2_PLACEMENT_3D('',#3804,#3805,#3806);
#3804 = CARTESIAN_POINT('',(1.65,0.1,4.1));
#3805 = DIRECTION('',(-0.,-1.110223024625E-16,-1.));
#3806 = DIRECTION('',(0.,-1.,1.110223024625E-16));
#3807 = PCURVE('',#3634,#3808);
#3808 = DEFINITIONAL_REPRESENTATION('',(#3809),#3813);
#3809 = LINE('',#3810,#3811);
#3810 = CARTESIAN_POINT('',(4.712388980385,0.));
#3811 = VECTOR('',#3812,1.);
#3812 = DIRECTION('',(-1.,0.));
#3813 = ( GEOMETRIC_REPRESENTATION_CONTEXT(2) 
PARAMETRIC_REPRESENTATION_CONTEXT() REPRESENTATION_CONTEXT('2D SPACE',''
  ) );
#3814 = PCURVE('',#2223,#3815);
#3815 = DEFINITIONAL_REPRESENTATION('',(#3816),#3820);
#3816 = LINE('',#3817,#3818);
#3817 = CARTESIAN_POINT('',(7.853981633974,-1.4));
#3818 = VECTOR('',#3819,1.);
#3819 = DIRECTION('',(-1.,0.));
#3820 = ( GEOMETRIC_REPRESENTATION_CONTEXT(2) 
PARAMETRIC_REPRESENTATION_CONTEXT() REPRESENTATION_CONTEXT('2D SPACE',''
  ) );
#3821 = ADVANCED_FACE('',(#3822),#3667,.T.);
#3822 = FACE_BOUND('',#3823,.T.);
#3823 = EDGE_LOOP('',(#3824,#3825,#3826));
#3824 = ORIENTED_EDGE('',*,*,#3750,.T.);
#3825 = ORIENTED_EDGE('',*,*,#3652,.T.);
#3826 = ORIENTED_EDGE('',*,*,#3827,.F.);
#3827 = EDGE_CURVE('',#2847,#2579,#3828,.T.);
#3828 = SURFACE_CURVE('',#3829,(#3834,#3841),.PCURVE_S1.);
#3829 = CIRCLE('',#3830,1.4);
#3830 = AXIS2_PLACEMENT_3D('',#3831,#3832,#3833);
#3831 = CARTESIAN_POINT('',(3.35,0.1,4.1));
#3832 = DIRECTION('',(0.,-1.110223024625E-16,-1.));
#3833 = DIRECTION('',(0.,-1.,1.110223024625E-16));
#3834 = PCURVE('',#3667,#3835);
#3835 = DEFINITIONAL_REPRESENTATION('',(#3836),#3840);
#3836 = LINE('',#3837,#3838);
#3837 = CARTESIAN_POINT('',(4.712388980385,0.));
#3838 = VECTOR('',#3839,1.);
#3839 = DIRECTION('',(-1.,0.));
#3840 = ( GEOMETRIC_REPRESENTATION_CONTEXT(2) 
PARAMETRIC_REPRESENTATION_CONTEXT() REPRESENTATION_CONTEXT('2D SPACE',''
  ) );
#3841 = PCURVE('',#2594,#3842);
#3842 = DEFINITIONAL_REPRESENTATION('',(#3843),#3847);
#3843 = LINE('',#3844,#3845);
#3844 = CARTESIAN_POINT('',(1.570796326795,1.4));
#3845 = VECTOR('',#3846,1.);
#3846 = DIRECTION('',(1.,0.));
#3847 = ( GEOMETRIC_REPRESENTATION_CONTEXT(2) 
PARAMETRIC_REPRESENTATION_CONTEXT() REPRESENTATION_CONTEXT('2D SPACE',''
  ) );
#3848 = ADVANCED_FACE('',(#3849),#2223,.T.);
#3849 = FACE_BOUND('',#3850,.T.);
#3850 = EDGE_LOOP('',(#3851,#3852,#3981,#3982));
#3851 = ORIENTED_EDGE('',*,*,#2904,.F.);
#3852 = ORIENTED_EDGE('',*,*,#3853,.T.);
#3853 = EDGE_CURVE('',#2877,#2208,#3854,.T.);
#3854 = SURFACE_CURVE('',#3855,(#3868,#3897),.PCURVE_S1.);
#3855 = B_SPLINE_CURVE_WITH_KNOTS('',3,(#3856,#3857,#3858,#3859,#3860,
    #3861,#3862,#3863,#3864,#3865,#3866,#3867),.UNSPECIFIED.,.F.,.F.,(4,
    2,2,2,2,4),(-7.655314483594E-06,5.584294012147E-04,
    1.124514116913E-03,1.407556474762E-03,1.690598832611E-03,
    2.25668354831E-03),.UNSPECIFIED.);
#3856 = CARTESIAN_POINT('',(1.65,1.5,3.317712699599));
#3857 = CARTESIAN_POINT('',(1.471735569829,1.5,3.255843707352));
#3858 = CARTESIAN_POINT('',(1.292471216847,1.465374261768,3.192270989247
    ));
#3859 = CARTESIAN_POINT('',(0.960284610486,1.331408294169,3.071875372669
    ));
#3860 = CARTESIAN_POINT('',(0.805883362212,1.231572518827,3.014547468713
    ));
#3861 = CARTESIAN_POINT('',(0.610279528392,1.041928159048,2.940695960824
    ));
#3862 = CARTESIAN_POINT('',(0.550002004713,0.970914354772,2.917704740325
    ));
#3863 = CARTESIAN_POINT('',(0.445360627984,0.819257524375,2.877515894107
    ));
#3864 = CARTESIAN_POINT('',(0.400440737724,0.738311497791,2.860111371231
    ));
#3865 = CARTESIAN_POINT('',(0.289246709328,0.47909122192,2.81683393112)
  );
#3866 = CARTESIAN_POINT('',(0.25,0.290567425724,2.801304834898));
#3867 = CARTESIAN_POINT('',(0.25,0.1,2.801304834898));
#3868 = PCURVE('',#2223,#3869);
#3869 = DEFINITIONAL_REPRESENTATION('',(#3870),#3896);
#3870 = B_SPLINE_CURVE_WITH_KNOTS('',3,(#3871,#3872,#3873,#3874,#3875,
    #3876,#3877,#3878,#3879,#3880,#3881,#3882,#3883,#3884,#3885,#3886,
    #3887,#3888,#3889,#3890,#3891,#3892,#3893,#3894,#3895),
  .UNSPECIFIED.,.F.,.F.,(4,1,1,1,1,1,1,1,1,1,1,1,1,1,1,1,1,1,1,1,1,1,4),
  (-7.655314483594E-06,9.526917927974E-05,1.981936730431E-04,
    3.011181668064E-04,4.040426605697E-04,5.069671543331E-04,
    6.098916480964E-04,7.128161418597E-04,8.15740635623E-04,
    9.186651293864E-04,1.02158962315E-03,1.124514116913E-03,
    1.227438610676E-03,1.33036310444E-03,1.433287598203E-03,
    1.536212091966E-03,1.63913658573E-03,1.742061079493E-03,
    1.844985573256E-03,1.94791006702E-03,2.050834560783E-03,
    2.153759054546E-03,2.25668354831E-03),.UNSPECIFIED.);
#3871 = CARTESIAN_POINT('',(4.712388980385,-2.182287300401));
#3872 = CARTESIAN_POINT('',(4.735539296387,-2.193536208083));
#3873 = CARTESIAN_POINT('',(4.781890831561,-2.216146674483));
#3874 = CARTESIAN_POINT('',(4.851536430202,-2.250217103745));
#3875 = CARTESIAN_POINT('',(4.921268988264,-2.284259327425));
#3876 = CARTESIAN_POINT('',(4.991046399183,-2.318089401559));
#3877 = CARTESIAN_POINT('',(5.060839983338,-2.351527128848));
#3878 = CARTESIAN_POINT('',(5.130600637419,-2.384378334055));
#3879 = CARTESIAN_POINT('',(5.200583844539,-2.416575478058));
#3880 = CARTESIAN_POINT('',(5.270755925668,-2.447919042686));
#3881 = CARTESIAN_POINT('',(5.341097204938,-2.478220129497));
#3882 = CARTESIAN_POINT('',(5.411634028195,-2.507303561643));
#3883 = CARTESIAN_POINT('',(5.482215761342,-2.534928656173));
#3884 = CARTESIAN_POINT('',(5.553418105415,-2.561103032945));
#3885 = CARTESIAN_POINT('',(5.625328513107,-2.585674321077));
#3886 = CARTESIAN_POINT('',(5.697157825935,-2.608168751598));
#3887 = CARTESIAN_POINT('',(5.768991084973,-2.628469100138));
#3888 = CARTESIAN_POINT('',(5.841298733492,-2.646535359693));
#3889 = CARTESIAN_POINT('',(5.914603999092,-2.662302321194));
#3890 = CARTESIAN_POINT('',(5.987964877102,-2.675361950218));
#3891 = CARTESIAN_POINT('',(6.061482998069,-2.685666445193));
#3892 = CARTESIAN_POINT('',(6.135161990225,-2.693127715882));
#3893 = CARTESIAN_POINT('',(6.20903356345,-2.697668471071));
#3894 = CARTESIAN_POINT('',(6.258437657289,-2.698695165102));
#3895 = CARTESIAN_POINT('',(6.28318530718,-2.698695165102));
#3896 = ( GEOMETRIC_REPRESENTATION_CONTEXT(2) 
PARAMETRIC_REPRESENTATION_CONTEXT() REPRESENTATION_CONTEXT('2D SPACE',''
  ) );
#3897 = PCURVE('',#3898,#3953);
#3898 = ( BOUNDED_SURFACE() B_SPLINE_SURFACE(3,2,(
    (#3899,#3900,#3901)
    ,(#3902,#3903,#3904)
    ,(#3905,#3906,#3907)
    ,(#3908,#3909,#3910)
    ,(#3911,#3912,#3913)
    ,(#3914,#3915,#3916)
    ,(#3917,#3918,#3919)
    ,(#3920,#3921,#3922)
    ,(#3923,#3924,#3925)
    ,(#3926,#3927,#3928)
    ,(#3929,#3930,#3931)
    ,(#3932,#3933,#3934)
    ,(#3935,#3936,#3937)
    ,(#3938,#3939,#3940)
    ,(#3941,#3942,#3943)
    ,(#3944,#3945,#3946)
    ,(#3947,#3948,#3949)
    ,(#3950,#3951,#3952
)),.UNSPECIFIED.,.F.,.F.,.F.) B_SPLINE_SURFACE_WITH_KNOTS((4,2,2,2,2,2,2
    ,2,4),(3,3),(-4.037673387228E-06,2.032339885768E-04,
    4.105056505408E-04,5.141414815228E-04,6.177773125048E-04,
    6.695952279957E-04,7.214131434867E-04,7.732310589777E-04,
    8.250489744687E-04),(0.,1.),.UNSPECIFIED.) 
GEOMETRIC_REPRESENTATION_ITEM() RATIONAL_B_SPLINE_SURFACE((
    (1.,1.,1.)
    ,(1.,0.999940342917,1.)
    ,(1.,0.989080700494,1.)
    ,(1.,0.94513608097,1.)
    ,(1.,0.911358816281,1.)
    ,(1.,0.844208851615,1.)
    ,(1.,0.819112703195,1.)
    ,(1.,0.764016577175,1.)
    ,(1.,0.734577221322,1.)
    ,(1.,0.690669674551,1.)
    ,(1.,0.676007349066,1.)
    ,(1.,0.648236013675,1.)
    ,(1.,0.635301809288,1.)
    ,(1.,0.612951030944,1.)
    ,(1.,0.603508789715,1.)
    ,(1.,0.590753474145,1.)
    ,(1.,0.587325447441,1.)
,(1.,0.587334010858,1.))) REPRESENTATION_ITEM('') SURFACE() );
#3899 = CARTESIAN_POINT('',(1.65,1.5,3.317712699599));
#3900 = CARTESIAN_POINT('',(1.65,1.5,3.317712699599));
#3901 = CARTESIAN_POINT('',(1.65,1.5,3.317712699599));
#3902 = CARTESIAN_POINT('',(1.626847754717,1.5,3.154414061634));
#3903 = CARTESIAN_POINT('',(1.560430437224,1.499999977618,3.208893800044
    ));
#3904 = CARTESIAN_POINT('',(1.494188011134,1.5,3.263632342672));
#3905 = CARTESIAN_POINT('',(1.608290120525,1.4746435516,2.995282733858)
  );
#3906 = CARTESIAN_POINT('',(1.473523058293,1.496460917271,3.100355114464
    ));
#3907 = CARTESIAN_POINT('',(1.34254841495,1.474643552282,3.210027903868)
  );
#3908 = CARTESIAN_POINT('',(1.579902449968,1.373697690948,2.686599038605
    ));
#3909 = CARTESIAN_POINT('',(1.294665487542,1.482422000452,2.870546762761
    ));
#3910 = CARTESIAN_POINT('',(1.048447369906,1.373697690273,3.104071437308
    ));
#3911 = CARTESIAN_POINT('',(1.570011793774,1.296908504224,2.534929708685
    ));
#3912 = CARTESIAN_POINT('',(1.197042467231,1.47206129764,2.741633294209)
  );
#3913 = CARTESIAN_POINT('',(0.903954013837,1.296908506068,3.050966421978
    ));
#3914 = CARTESIAN_POINT('',(1.561369952874,1.136047985879,2.325852777519
    ));
#3915 = CARTESIAN_POINT('',(1.03369498461,1.434636619863,2.520416353257)
  );
#3916 = CARTESIAN_POINT('',(0.704538092142,1.136047984956,2.976346084276
    ));
#3917 = CARTESIAN_POINT('',(1.559482120491,1.074843828373,2.259121266541
    ));
#3918 = CARTESIAN_POINT('',(0.972530124648,1.417132019829,2.436657572777
    ));
#3919 = CARTESIAN_POINT('',(0.640849866216,1.074843829349,2.952282563204
    ));
#3920 = CARTESIAN_POINT('',(1.55732108741,0.932315958528,2.133038236687)
  );
#3921 = CARTESIAN_POINT('',(0.833955102953,1.357250670342,2.245087808376
    ));
#3922 = CARTESIAN_POINT('',(0.520418382347,0.932315957553,2.906399953601
    ));
#3923 = CARTESIAN_POINT('',(1.55707801471,0.852704115945,2.075182044296)
  );
#3924 = CARTESIAN_POINT('',(0.756043395454,1.313861253159,2.136450223857
    ));
#3925 = CARTESIAN_POINT('',(0.46510249915,0.852704117112,2.88512312368)
  );
#3926 = CARTESIAN_POINT('',(1.557425138313,0.716989104163,1.999037805618
    ));
#3927 = CARTESIAN_POINT('',(0.628961096983,1.200852315173,1.958247283471
    ));
#3928 = CARTESIAN_POINT('',(0.392239752606,0.716989103579,2.856914659722
    ));
#3929 = CARTESIAN_POINT('',(1.557659870263,0.668678855381,1.97530251147)
  );
#3930 = CARTESIAN_POINT('',(0.583069134369,1.152367701064,1.893720492411
    ));
#3931 = CARTESIAN_POINT('',(0.369515853643,0.668678855967,2.848082569955
    ));
#3932 = CARTESIAN_POINT('',(1.558242922655,0.566295629427,1.932777915026
    ));
#3933 = CARTESIAN_POINT('',(0.490004985363,1.026975264207,1.762619227377
    ));
#3934 = CARTESIAN_POINT('',(0.32878704335,0.566295628841,2.832208004397)
  );
#3935 = CARTESIAN_POINT('',(1.558585628912,0.512894990274,1.914235517309
    ));
#3936 = CARTESIAN_POINT('',(0.443614485952,0.949981090291,1.697137562845
    ));
#3937 = CARTESIAN_POINT('',(0.311018840015,0.512894990626,2.825258254795
    ));
#3938 = CARTESIAN_POINT('',(1.559232494377,0.400914288889,1.883434967046
    ));
#3939 = CARTESIAN_POINT('',(0.358030093744,0.759460716486,1.57620766513)
  );
#3940 = CARTESIAN_POINT('',(0.281495922172,0.400914288538,2.813689591017
    ));
#3941 = CARTESIAN_POINT('',(1.559537381631,0.341688447214,1.87113764149)
  );
#3942 = CARTESIAN_POINT('',(0.319494076943,0.644063933802,1.521684076892
    ));
#3943 = CARTESIAN_POINT('',(0.269703713725,0.341688447336,2.809055843983
    ));
#3944 = CARTESIAN_POINT('',(1.559958575525,0.222192551756,1.854806483635
    ));
#3945 = CARTESIAN_POINT('',(0.26514534598,0.386086965062,1.444760254492)
  );
#3946 = CARTESIAN_POINT('',(0.254041503552,0.222192551635,2.802896944141
    ));
#3947 = CARTESIAN_POINT('',(1.560077544147,0.161564413234,1.850593566102
    ));
#3948 = CARTESIAN_POINT('',(0.250000350762,0.245253935335,1.423308087843
    ));
#3949 = CARTESIAN_POINT('',(0.25,0.161564413325,2.801304869776));
#3950 = CARTESIAN_POINT('',(1.56007751938,9.999999999506E-02,
    1.850593558024));
#3951 = CARTESIAN_POINT('',(0.25,9.999999998837E-02,1.42330759089));
#3952 = CARTESIAN_POINT('',(0.25,9.999999999506E-02,2.801304834898));
#3953 = DEFINITIONAL_REPRESENTATION('',(#3954),#3980);
#3954 = B_SPLINE_CURVE_WITH_KNOTS('',3,(#3955,#3956,#3957,#3958,#3959,
    #3960,#3961,#3962,#3963,#3964,#3965,#3966,#3967,#3968,#3969,#3970,
    #3971,#3972,#3973,#3974,#3975,#3976,#3977,#3978,#3979),
  .UNSPECIFIED.,.F.,.F.,(4,1,1,1,1,1,1,1,1,1,1,1,1,1,1,1,1,1,1,1,1,1,4),
  (-7.655314483594E-06,9.526917927974E-05,1.981936730431E-04,
    3.011181668064E-04,4.040426605697E-04,5.069671543331E-04,
    6.098916480964E-04,7.128161418597E-04,8.15740635623E-04,
    9.186651293864E-04,1.02158962315E-03,1.124514116913E-03,
    1.227438610676E-03,1.33036310444E-03,1.433287598203E-03,
    1.536212091966E-03,1.63913658573E-03,1.742061079493E-03,
    1.844985573256E-03,1.94791006702E-03,2.050834560783E-03,
    2.153759054546E-03,2.25668354831E-03),.UNSPECIFIED.);
#3955 = CARTESIAN_POINT('',(-4.037673387228E-06,0.999986128322));
#3956 = CARTESIAN_POINT('',(1.03324508248E-05,0.999983585938));
#3957 = CARTESIAN_POINT('',(3.92709889296E-05,0.999984811979));
#3958 = CARTESIAN_POINT('',(8.304977545538E-05,0.999994549099));
#3959 = CARTESIAN_POINT('',(1.269855909282E-04,1.000008085074));
#3960 = CARTESIAN_POINT('',(1.708296975443E-04,0.999997047607));
#3961 = CARTESIAN_POINT('',(2.144106738923E-04,0.999997897305));
#3962 = CARTESIAN_POINT('',(2.572739501336E-04,1.0000114468));
#3963 = CARTESIAN_POINT('',(2.995411318321E-04,1.000005741832));
#3964 = CARTESIAN_POINT('',(3.411589674459E-04,1.000005746061));
#3965 = CARTESIAN_POINT('',(3.820598324444E-04,1.000004582136));
#3966 = CARTESIAN_POINT('',(4.222146632358E-04,1.000004000845));
#3967 = CARTESIAN_POINT('',(4.61399998775E-04,1.000003393061));
#3968 = CARTESIAN_POINT('',(4.996517653039E-04,1.000003143509));
#3969 = CARTESIAN_POINT('',(5.36777749505E-04,1.000002114743));
#3970 = CARTESIAN_POINT('',(5.729149704391E-04,1.000004334405));
#3971 = CARTESIAN_POINT('',(6.078324491779E-04,0.999994749869));
#3972 = CARTESIAN_POINT('',(6.415891546575E-04,0.999998699554));
#3973 = CARTESIAN_POINT('',(6.741437282722E-04,0.99999976641));
#3974 = CARTESIAN_POINT('',(7.058089783669E-04,1.000002234807));
#3975 = CARTESIAN_POINT('',(7.365076702525E-04,1.000001515103));
#3976 = CARTESIAN_POINT('',(7.661411492545E-04,1.000001539725));
#3977 = CARTESIAN_POINT('',(7.957662397484E-04,1.00000188041));
#3978 = CARTESIAN_POINT('',(8.15312170031E-04,1.000000985939));
#3979 = CARTESIAN_POINT('',(8.250489744687E-04,1.));
#3980 = ( GEOMETRIC_REPRESENTATION_CONTEXT(2) 
PARAMETRIC_REPRESENTATION_CONTEXT() REPRESENTATION_CONTEXT('2D SPACE',''
  ) );
#3981 = ORIENTED_EDGE('',*,*,#2205,.F.);
#3982 = ORIENTED_EDGE('',*,*,#3800,.T.);
#3983 = ADVANCED_FACE('',(#3984),#2594,.T.);
#3984 = FACE_BOUND('',#3985,.T.);
#3985 = EDGE_LOOP('',(#3986,#3987,#4116,#4117));
#3986 = ORIENTED_EDGE('',*,*,#2578,.F.);
#3987 = ORIENTED_EDGE('',*,*,#3988,.T.);
#3988 = EDGE_CURVE('',#2551,#2849,#3989,.T.);
#3989 = SURFACE_CURVE('',#3990,(#4003,#4032),.PCURVE_S1.);
#3990 = B_SPLINE_CURVE_WITH_KNOTS('',3,(#3991,#3992,#3993,#3994,#3995,
    #3996,#3997,#3998,#3999,#4000,#4001,#4002),.UNSPECIFIED.,.F.,.F.,(4,
    2,2,2,2,4),(1.355252715607E-20,5.687098722609E-04,8.530648083913E-04
    ,1.137419744522E-03,1.706129616783E-03,2.274839489044E-03),
  .UNSPECIFIED.);
#3991 = CARTESIAN_POINT('',(4.75,0.1,2.801304834898));
#3992 = CARTESIAN_POINT('',(4.75,0.290564441725,2.801304834898));
#3993 = CARTESIAN_POINT('',(4.710754617701,0.479085118618,2.816833404546
    ));
#3994 = CARTESIAN_POINT('',(4.59956382212,0.73830237242,2.860109601553)
  );
#3995 = CARTESIAN_POINT('',(4.55464522337,0.819247539556,2.877513632336)
  );
#3996 = CARTESIAN_POINT('',(4.450006890572,0.970902967063,2.91770133846)
  );
#3997 = CARTESIAN_POINT('',(4.389731026512,1.04191638384,2.940691947257)
  );
#3998 = CARTESIAN_POINT('',(4.19413228213,1.231560434451,3.014541619069)
  );
#3999 = CARTESIAN_POINT('',(4.039734998555,1.331396904683,3.071868143023
    ));
#4000 = CARTESIAN_POINT('',(3.707555987824,1.465366771482,3.192261252009
    ));
#4001 = CARTESIAN_POINT('',(3.529091112161,1.5,3.255556796601));
#4002 = CARTESIAN_POINT('',(3.35,1.5,3.317712699599));
#4003 = PCURVE('',#2594,#4004);
#4004 = DEFINITIONAL_REPRESENTATION('',(#4005),#4031);
#4005 = B_SPLINE_CURVE_WITH_KNOTS('',3,(#4006,#4007,#4008,#4009,#4010,
    #4011,#4012,#4013,#4014,#4015,#4016,#4017,#4018,#4019,#4020,#4021,
    #4022,#4023,#4024,#4025,#4026,#4027,#4028,#4029,#4030),
  .UNSPECIFIED.,.F.,.F.,(4,1,1,1,1,1,1,1,1,1,1,1,1,1,1,1,1,1,1,1,1,1,4),
  (1.355252715607E-20,1.034017949565E-04,2.06803589913E-04,
    3.102053848696E-04,4.136071798261E-04,5.170089747826E-04,
    6.204107697391E-04,7.238125646957E-04,8.272143596522E-04,
    9.306161546087E-04,1.034017949565E-03,1.137419744522E-03,
    1.240821539478E-03,1.344223334435E-03,1.447625129391E-03,
    1.551026924348E-03,1.654428719304E-03,1.757830514261E-03,
    1.861232309217E-03,1.964634104174E-03,2.06803589913E-03,
    2.171437694087E-03,2.274839489044E-03),.QUASI_UNIFORM_KNOTS.);
#4006 = CARTESIAN_POINT('',(6.28318530718,2.698695165102));
#4007 = CARTESIAN_POINT('',(6.258438044565,2.698695165102));
#4008 = CARTESIAN_POINT('',(6.209034732686,2.697668505887));
#4009 = CARTESIAN_POINT('',(6.135164339846,2.693127899268));
#4010 = CARTESIAN_POINT('',(6.061486521896,2.685666865422));
#4011 = CARTESIAN_POINT('',(5.987969551309,2.675362687403));
#4012 = CARTESIAN_POINT('',(5.914609785563,2.662303447606));
#4013 = CARTESIAN_POINT('',(5.841305567634,2.646536938571));
#4014 = CARTESIAN_POINT('',(5.768998981462,2.62847119245));
#4015 = CARTESIAN_POINT('',(5.697166815182,2.60817142014));
#4016 = CARTESIAN_POINT('',(5.625338625288,2.585677624294));
#4017 = CARTESIAN_POINT('',(5.553429278604,2.561106991594));
#4018 = CARTESIAN_POINT('',(5.48222794934,2.534933278621));
#4019 = CARTESIAN_POINT('',(5.411647235632,2.507308866753));
#4020 = CARTESIAN_POINT('',(5.341111438346,2.478226128771));
#4021 = CARTESIAN_POINT('',(5.270771309676,2.447925795797));
#4022 = CARTESIAN_POINT('',(5.200599992282,2.416582798294));
#4023 = CARTESIAN_POINT('',(5.130619050727,2.384386911025));
#4024 = CARTESIAN_POINT('',(5.060855084552,2.351534332215));
#4025 = CARTESIAN_POINT('',(4.991151025718,2.318142222701));
#4026 = CARTESIAN_POINT('',(4.921481887712,2.284365068912));
#4027 = CARTESIAN_POINT('',(4.851818306805,2.250355292779));
#4028 = CARTESIAN_POINT('',(4.782135831077,2.216265869605));
#4029 = CARTESIAN_POINT('',(4.735646905052,2.193588373674));
#4030 = CARTESIAN_POINT('',(4.712388980385,2.182287300401));
#4031 = ( GEOMETRIC_REPRESENTATION_CONTEXT(2) 
PARAMETRIC_REPRESENTATION_CONTEXT() REPRESENTATION_CONTEXT('2D SPACE',''
  ) );
#4032 = PCURVE('',#4033,#4088);
#4033 = ( BOUNDED_SURFACE() B_SPLINE_SURFACE(3,2,(
    (#4034,#4035,#4036)
    ,(#4037,#4038,#4039)
    ,(#4040,#4041,#4042)
    ,(#4043,#4044,#4045)
    ,(#4046,#4047,#4048)
    ,(#4049,#4050,#4051)
    ,(#4052,#4053,#4054)
    ,(#4055,#4056,#4057)
    ,(#4058,#4059,#4060)
    ,(#4061,#4062,#4063)
    ,(#4064,#4065,#4066)
    ,(#4067,#4068,#4069)
    ,(#4070,#4071,#4072)
    ,(#4073,#4074,#4075)
    ,(#4076,#4077,#4078)
    ,(#4079,#4080,#4081)
    ,(#4082,#4083,#4084)
    ,(#4085,#4086,#4087
)),.UNSPECIFIED.,.F.,.F.,.F.) B_SPLINE_SURFACE_WITH_KNOTS((4,2,2,2,2,2,2
    ,2,4),(3,3),(-4.037673387228E-06,2.032339885768E-04,
    4.105056505408E-04,5.141414815228E-04,6.177773125048E-04,
    6.695952279957E-04,7.214131434867E-04,7.732310589777E-04,
    8.250489744687E-04),(0.,1.),.UNSPECIFIED.) 
GEOMETRIC_REPRESENTATION_ITEM() RATIONAL_B_SPLINE_SURFACE((
    (1.,1.,1.)
    ,(1.,0.999940342917,1.)
    ,(1.,0.989080700494,1.)
    ,(1.,0.94513608097,1.)
    ,(1.,0.911358816281,1.)
    ,(1.,0.844208851615,1.)
    ,(1.,0.819112703195,1.)
    ,(1.,0.764016577175,1.)
    ,(1.,0.734577221322,1.)
    ,(1.,0.690669674551,1.)
    ,(1.,0.676007349066,1.)
    ,(1.,0.648236013675,1.)
    ,(1.,0.635301809288,1.)
    ,(1.,0.612951030944,1.)
    ,(1.,0.603508789715,1.)
    ,(1.,0.590753474145,1.)
    ,(1.,0.587325447441,1.)
,(1.,0.587334010858,1.))) REPRESENTATION_ITEM('') SURFACE() );
#4034 = CARTESIAN_POINT('',(3.35,1.5,3.317712699599));
#4035 = CARTESIAN_POINT('',(3.35,1.5,3.317712699599));
#4036 = CARTESIAN_POINT('',(3.35,1.5,3.317712699599));
#4037 = CARTESIAN_POINT('',(3.505811988859,1.5,3.263632342653));
#4038 = CARTESIAN_POINT('',(3.439569562808,1.499999961955,3.208893800044
    ));
#4039 = CARTESIAN_POINT('',(3.373152245304,1.5,3.154414061637));
#4040 = CARTESIAN_POINT('',(3.65745158505,1.474643552282,3.210027903868)
  );
#4041 = CARTESIAN_POINT('',(3.526476941707,1.496460917271,3.100355114464
    ));
#4042 = CARTESIAN_POINT('',(3.391709879475,1.4746435516,2.995282733858)
  );
#4043 = CARTESIAN_POINT('',(3.951552630094,1.373697690273,3.104071437308
    ));
#4044 = CARTESIAN_POINT('',(3.705334512458,1.482422000452,2.870546762761
    ));
#4045 = CARTESIAN_POINT('',(3.420097550032,1.373697690948,2.686599038605
    ));
#4046 = CARTESIAN_POINT('',(4.096045986163,1.296908506068,3.050966421978
    ));
#4047 = CARTESIAN_POINT('',(3.802957532769,1.47206129764,2.741633294209)
  );
#4048 = CARTESIAN_POINT('',(3.429988206226,1.296908504224,2.534929708685
    ));
#4049 = CARTESIAN_POINT('',(4.295461907858,1.136047984956,2.976346084276
    ));
#4050 = CARTESIAN_POINT('',(3.96630501539,1.434636619863,2.520416353257)
  );
#4051 = CARTESIAN_POINT('',(3.438630047126,1.136047985879,2.325852777519
    ));
#4052 = CARTESIAN_POINT('',(4.359150133784,1.074843829349,2.952282563204
    ));
#4053 = CARTESIAN_POINT('',(4.027469875352,1.417132019829,2.436657572777
    ));
#4054 = CARTESIAN_POINT('',(3.440517879509,1.074843828373,2.259121266541
    ));
#4055 = CARTESIAN_POINT('',(4.479581617653,0.932315957553,2.906399953601
    ));
#4056 = CARTESIAN_POINT('',(4.166044897047,1.357250670342,2.245087808376
    ));
#4057 = CARTESIAN_POINT('',(3.44267891259,0.932315958528,2.133038236687)
  );
#4058 = CARTESIAN_POINT('',(4.53489750085,0.852704117112,2.88512312368)
  );
#4059 = CARTESIAN_POINT('',(4.243956604546,1.313861253159,2.136450223857
    ));
#4060 = CARTESIAN_POINT('',(3.44292198529,0.852704115945,2.075182044296)
  );
#4061 = CARTESIAN_POINT('',(4.607760247394,0.716989103579,2.856914659722
    ));
#4062 = CARTESIAN_POINT('',(4.371038903017,1.200852315173,1.958247283471
    ));
#4063 = CARTESIAN_POINT('',(3.442574861687,0.716989104163,1.999037805618
    ));
#4064 = CARTESIAN_POINT('',(4.630484146357,0.668678855967,2.848082569955
    ));
#4065 = CARTESIAN_POINT('',(4.416930865631,1.152367701064,1.893720492411
    ));
#4066 = CARTESIAN_POINT('',(3.442340129737,0.668678855381,1.97530251147)
  );
#4067 = CARTESIAN_POINT('',(4.67121295665,0.566295628841,2.832208004397)
  );
#4068 = CARTESIAN_POINT('',(4.509995014637,1.026975264207,1.762619227377
    ));
#4069 = CARTESIAN_POINT('',(3.441757077345,0.566295629427,1.932777915026
    ));
#4070 = CARTESIAN_POINT('',(4.688981159985,0.512894990626,2.825258254795
    ));
#4071 = CARTESIAN_POINT('',(4.556385514048,0.949981090291,1.697137562845
    ));
#4072 = CARTESIAN_POINT('',(3.441414371088,0.512894990274,1.914235517309
    ));
#4073 = CARTESIAN_POINT('',(4.718504077828,0.400914288538,2.813689591017
    ));
#4074 = CARTESIAN_POINT('',(4.641969906256,0.759460716486,1.57620766513)
  );
#4075 = CARTESIAN_POINT('',(3.440767505623,0.400914288889,1.883434967046
    ));
#4076 = CARTESIAN_POINT('',(4.730296286275,0.341688447336,2.809055843983
    ));
#4077 = CARTESIAN_POINT('',(4.680505923057,0.644063933802,1.521684076892
    ));
#4078 = CARTESIAN_POINT('',(3.440462618369,0.341688447214,1.87113764149)
  );
#4079 = CARTESIAN_POINT('',(4.745958496448,0.222192551635,2.802896944141
    ));
#4080 = CARTESIAN_POINT('',(4.73485465402,0.386086965062,1.444760254492)
  );
#4081 = CARTESIAN_POINT('',(3.440041424475,0.222192551756,1.854806483635
    ));
#4082 = CARTESIAN_POINT('',(4.75,0.161564413325,2.801304869776));
#4083 = CARTESIAN_POINT('',(4.749999649238,0.245253935335,1.423308087843
    ));
#4084 = CARTESIAN_POINT('',(3.439922455853,0.161564413234,1.850593566102
    ));
#4085 = CARTESIAN_POINT('',(4.75,9.999999999506E-02,2.801304834898));
#4086 = CARTESIAN_POINT('',(4.75,9.999999998837E-02,1.42330759089));
#4087 = CARTESIAN_POINT('',(3.43992248062,9.999999999506E-02,
    1.850593558024));
#4088 = DEFINITIONAL_REPRESENTATION('',(#4089),#4115);
#4089 = B_SPLINE_CURVE_WITH_KNOTS('',3,(#4090,#4091,#4092,#4093,#4094,
    #4095,#4096,#4097,#4098,#4099,#4100,#4101,#4102,#4103,#4104,#4105,
    #4106,#4107,#4108,#4109,#4110,#4111,#4112,#4113,#4114),
  .UNSPECIFIED.,.F.,.F.,(4,1,1,1,1,1,1,1,1,1,1,1,1,1,1,1,1,1,1,1,1,1,4),
  (1.355252715607E-20,1.034017949565E-04,2.06803589913E-04,
    3.102053848696E-04,4.136071798261E-04,5.170089747826E-04,
    6.204107697391E-04,7.238125646957E-04,8.272143596522E-04,
    9.306161546087E-04,1.034017949565E-03,1.137419744522E-03,
    1.240821539478E-03,1.344223334435E-03,1.447625129391E-03,
    1.551026924348E-03,1.654428719304E-03,1.757830514261E-03,
    1.861232309217E-03,1.964634104174E-03,2.06803589913E-03,
    2.171437694087E-03,2.274839489044E-03),.QUASI_UNIFORM_KNOTS.);
#4090 = CARTESIAN_POINT('',(8.250489744687E-04,0.));
#4091 = CARTESIAN_POINT('',(8.153123249224E-04,-9.85939847262E-07));
#4092 = CARTESIAN_POINT('',(7.957667038901E-04,-1.880410640736E-06));
#4093 = CARTESIAN_POINT('',(7.66142090875E-04,-1.539725865121E-06));
#4094 = CARTESIAN_POINT('',(7.365090993958E-04,-1.515093513588E-06));
#4095 = CARTESIAN_POINT('',(7.058109671785E-04,-2.234830191986E-06));
#4096 = CARTESIAN_POINT('',(6.741462455946E-04,2.337049376087E-07));
#4097 = CARTESIAN_POINT('',(6.415922550003E-04,1.300010441478E-06));
#4098 = CARTESIAN_POINT('',(6.078362125707E-04,5.251312579992E-06));
#4099 = CARTESIAN_POINT('',(5.729194123952E-04,-4.334683949712E-06));
#4100 = CARTESIAN_POINT('',(5.367829008683E-04,-2.114614521302E-06));
#4101 = CARTESIAN_POINT('',(4.996576340559E-04,-3.143474091569E-06));
#4102 = CARTESIAN_POINT('',(4.614066596561E-04,-3.392957054125E-06));
#4103 = CARTESIAN_POINT('',(4.222220923024E-04,-4.00079131134E-06));
#4104 = CARTESIAN_POINT('',(3.820680170604E-04,-4.581772165866E-06));
#4105 = CARTESIAN_POINT('',(3.411680034158E-04,-5.746636635964E-06));
#4106 = CARTESIAN_POINT('',(2.99550785219E-04,-5.738597365921E-06));
#4107 = CARTESIAN_POINT('',(2.572851879974E-04,-1.145731830264E-05));
#4108 = CARTESIAN_POINT('',(2.144199736504E-04,2.144250951631E-06));
#4109 = CARTESIAN_POINT('',(1.708960587283E-04,9.127345008133E-06));
#4110 = CARTESIAN_POINT('',(1.27120423666E-04,-5.284376614734E-07));
#4111 = CARTESIAN_POINT('',(8.322749650585E-05,8.119658880558E-06));
#4112 = CARTESIAN_POINT('',(3.942414665582E-05,1.114750196962E-05));
#4113 = CARTESIAN_POINT('',(1.039942452898E-05,1.164234187756E-05));
#4114 = CARTESIAN_POINT('',(-4.037673387228E-06,1.076657143176E-05));
#4115 = ( GEOMETRIC_REPRESENTATION_CONTEXT(2) 
PARAMETRIC_REPRESENTATION_CONTEXT() REPRESENTATION_CONTEXT('2D SPACE',''
  ) );
#4116 = ORIENTED_EDGE('',*,*,#2846,.F.);
#4117 = ORIENTED_EDGE('',*,*,#3827,.T.);
#4118 = ADVANCED_FACE('',(#4119),#2411,.T.);
#4119 = FACE_BOUND('',#4120,.T.);
#4120 = EDGE_LOOP('',(#4121,#4122,#4203,#4275,#4276,#4350));
#4121 = ORIENTED_EDGE('',*,*,#2394,.F.);
#4122 = ORIENTED_EDGE('',*,*,#4123,.T.);
#4123 = EDGE_CURVE('',#2395,#4124,#4126,.T.);
#4124 = VERTEX_POINT('',#4125);
#4125 = CARTESIAN_POINT('',(1.560045055577,0.156425635976,1.851779477781
    ));
#4126 = SURFACE_CURVE('',#4127,(#4132,#4161),.PCURVE_S1.);
#4127 = B_SPLINE_CURVE_WITH_KNOTS('',3,(#4128,#4129,#4130,#4131),
  .UNSPECIFIED.,.F.,.F.,(4,4),(2.546288677419E-19,5.827994365743E-05),
  .PIECEWISE_BEZIER_KNOTS.);
#4128 = CARTESIAN_POINT('',(1.574229477385,0.1,1.855170880945));
#4129 = CARTESIAN_POINT('',(1.570264537858,0.118975160463,1.853899193867
    ));
#4130 = CARTESIAN_POINT('',(1.565534174605,0.137817467322,1.852779617638
    ));
#4131 = CARTESIAN_POINT('',(1.560045055577,0.156425635976,1.851779477781
    ));
#4132 = PCURVE('',#2411,#4133);
#4133 = DEFINITIONAL_REPRESENTATION('',(#4134),#4160);
#4134 = B_SPLINE_CURVE_WITH_KNOTS('',3,(#4135,#4136,#4137,#4138,#4139,
    #4140,#4141,#4142,#4143,#4144,#4145,#4146,#4147,#4148,#4149,#4150,
    #4151,#4152,#4153,#4154,#4155,#4156,#4157,#4158,#4159),
  .UNSPECIFIED.,.F.,.F.,(4,1,1,1,1,1,1,1,1,1,1,1,1,1,1,1,1,1,1,1,1,1,4),
  (2.546288677419E-19,2.649088348065E-06,5.29817669613E-06,
    7.947265044195E-06,1.059635339226E-05,1.324544174033E-05,
    1.589453008839E-05,1.854361843646E-05,2.119270678452E-05,
    2.384179513259E-05,2.649088348065E-05,2.913997182872E-05,
    3.178906017678E-05,3.443814852485E-05,3.708723687291E-05,
    3.973632522098E-05,4.238541356904E-05,4.503450191711E-05,
    4.768359026517E-05,5.033267861324E-05,5.29817669613E-05,
    5.563085530937E-05,5.827994365743E-05),.QUASI_UNIFORM_KNOTS.);
#4135 = CARTESIAN_POINT('',(1.260428581284,3.14159265359));
#4136 = CARTESIAN_POINT('',(1.260366142532,3.140976576955));
#4137 = CARTESIAN_POINT('',(1.26024033477,3.139744815801));
#4138 = CARTESIAN_POINT('',(1.260048832598,3.137898384874));
#4139 = CARTESIAN_POINT('',(1.259854540135,3.136053199193));
#4140 = CARTESIAN_POINT('',(1.259657457644,3.134209293263));
#4141 = CARTESIAN_POINT('',(1.259457585413,3.132366701628));
#4142 = CARTESIAN_POINT('',(1.25925492375,3.130525458878));
#4143 = CARTESIAN_POINT('',(1.259049472986,3.12868559964));
#4144 = CARTESIAN_POINT('',(1.258841233471,3.126847158583));
#4145 = CARTESIAN_POINT('',(1.25863020558,3.125010170411));
#4146 = CARTESIAN_POINT('',(1.258416389707,3.123174669865));
#4147 = CARTESIAN_POINT('',(1.258199786269,3.12134069172));
#4148 = CARTESIAN_POINT('',(1.257980395703,3.11950827078));
#4149 = CARTESIAN_POINT('',(1.257758218468,3.117677441884));
#4150 = CARTESIAN_POINT('',(1.257533255043,3.115848239895));
#4151 = CARTESIAN_POINT('',(1.257305505927,3.114020699707));
#4152 = CARTESIAN_POINT('',(1.257074971643,3.112194856235));
#4153 = CARTESIAN_POINT('',(1.25684165273,3.11037074442));
#4154 = CARTESIAN_POINT('',(1.256605549752,3.108548399224));
#4155 = CARTESIAN_POINT('',(1.25636666329,3.106727855631));
#4156 = CARTESIAN_POINT('',(1.256124993947,3.10490914864));
#4157 = CARTESIAN_POINT('',(1.255880542342,3.103092313269));
#4158 = CARTESIAN_POINT('',(1.255715720197,3.101882360792));
#4159 = CARTESIAN_POINT('',(1.25563284563,3.101277708168));
#4160 = ( GEOMETRIC_REPRESENTATION_CONTEXT(2) 
PARAMETRIC_REPRESENTATION_CONTEXT() REPRESENTATION_CONTEXT('2D SPACE',''
  ) );
#4161 = PCURVE('',#4162,#4175);
#4162 = ( BOUNDED_SURFACE() B_SPLINE_SURFACE(3,2,(
    (#4163,#4164,#4165)
    ,(#4166,#4167,#4168)
    ,(#4169,#4170,#4171)
    ,(#4172,#4173,#4174
)),.UNSPECIFIED.,.F.,.F.,.F.) B_SPLINE_SURFACE_WITH_KNOTS((4,4),(3,3),(
    -6.776263578034E-19,6.977190829424E-05),(0.,1.),
.PIECEWISE_BEZIER_KNOTS.) GEOMETRIC_REPRESENTATION_ITEM() 
RATIONAL_B_SPLINE_SURFACE((
    (1.,0.944221121713,1.)
    ,(1.,0.942193657867,1.)
    ,(1.,0.940637992927,1.)
,(1.,0.939424215956,1.))) REPRESENTATION_ITEM('') SURFACE() );
#4163 = CARTESIAN_POINT('',(1.574229477385,0.1,1.855170880945));
#4164 = CARTESIAN_POINT('',(1.475893855587,8.31846857396E-02,
    1.82363139875));
#4165 = CARTESIAN_POINT('',(1.418758843021,7.001649453755E-02,
    1.736973581302));
#4166 = CARTESIAN_POINT('',(1.570277152791,0.118914816892,1.853903239892
    ));
#4167 = CARTESIAN_POINT('',(1.470381123553,9.994631714558E-02,
    1.821475396219));
#4168 = CARTESIAN_POINT('',(1.413586500956,8.603492180733E-02,
    1.732209941917));
#4169 = CARTESIAN_POINT('',(1.56556127646,0.137725567838,1.852784554691)
  );
#4170 = CARTESIAN_POINT('',(1.46472147839,0.116489124585,1.819543492064)
  );
#4171 = CARTESIAN_POINT('',(1.408425086215,0.101943180054,1.728220999493
    ));
#4172 = CARTESIAN_POINT('',(1.56004505558,0.156425635976,1.851779477783)
  );
#4173 = CARTESIAN_POINT('',(1.458710328831,0.132894252229,1.817742933215
    ));
#4174 = CARTESIAN_POINT('',(1.403017588057,0.117732905211,1.72474082886)
  );
#4175 = DEFINITIONAL_REPRESENTATION('',(#4176),#4202);
#4176 = B_SPLINE_CURVE_WITH_KNOTS('',3,(#4177,#4178,#4179,#4180,#4181,
    #4182,#4183,#4184,#4185,#4186,#4187,#4188,#4189,#4190,#4191,#4192,
    #4193,#4194,#4195,#4196,#4197,#4198,#4199,#4200,#4201),
  .UNSPECIFIED.,.F.,.F.,(4,1,1,1,1,1,1,1,1,1,1,1,1,1,1,1,1,1,1,1,1,1,4),
  (2.546288677419E-19,2.649088348065E-06,5.29817669613E-06,
    7.947265044195E-06,1.059635339226E-05,1.324544174033E-05,
    1.589453008839E-05,1.854361843646E-05,2.119270678452E-05,
    2.384179513259E-05,2.649088348065E-05,2.913997182872E-05,
    3.178906017678E-05,3.443814852485E-05,3.708723687291E-05,
    3.973632522098E-05,4.238541356904E-05,4.503450191711E-05,
    4.768359026517E-05,5.033267861324E-05,5.29817669613E-05,
    5.563085530937E-05,5.827994365743E-05),.QUASI_UNIFORM_KNOTS.);
#4177 = CARTESIAN_POINT('',(-6.776263578034E-19,0.));
#4178 = CARTESIAN_POINT('',(1.060522776529E-06,1.754891625609E-09));
#4179 = CARTESIAN_POINT('',(3.181427581901E-06,5.778711901842E-08));
#4180 = CARTESIAN_POINT('',(6.362294854008E-06,2.612230046912E-07));
#4181 = CARTESIAN_POINT('',(9.542604536529E-06,5.441902756732E-07));
#4182 = CARTESIAN_POINT('',(1.272228883843E-05,8.727000727059E-07));
#4183 = CARTESIAN_POINT('',(1.590127989804E-05,1.216551507545E-06));
#4184 = CARTESIAN_POINT('',(1.90795097847E-05,1.54983524592E-06));
#4185 = CARTESIAN_POINT('',(2.225691051809E-05,1.850749083802E-06));
#4186 = CARTESIAN_POINT('',(2.543341408282E-05,2.101601693138E-06));
#4187 = CARTESIAN_POINT('',(2.860895244453E-05,2.288769443626E-06));
#4188 = CARTESIAN_POINT('',(3.178345756571E-05,2.402669051806E-06));
#4189 = CARTESIAN_POINT('',(3.495686142167E-05,2.437728953442E-06));
#4190 = CARTESIAN_POINT('',(3.812909601661E-05,2.392363749825E-06));
#4191 = CARTESIAN_POINT('',(4.13000933998E-05,2.268950271571E-06));
#4192 = CARTESIAN_POINT('',(4.446978568177E-05,2.073805528067E-06));
#4193 = CARTESIAN_POINT('',(4.763810505066E-05,1.817165937676E-06));
#4194 = CARTESIAN_POINT('',(5.080498378857E-05,1.513168779924E-06));
#4195 = CARTESIAN_POINT('',(5.397035428783E-05,1.179831785584E-06));
#4196 = CARTESIAN_POINT('',(5.713414906793E-05,8.390452567919E-07));
#4197 = CARTESIAN_POINT('',(6.029630079014E-05,5.165222253226E-07));
#4198 = CARTESIAN_POINT('',(6.345674228086E-05,2.41909363315E-07));
#4199 = CARTESIAN_POINT('',(6.661540652219E-05,4.830135433361E-08));
#4200 = CARTESIAN_POINT('',(6.871995335072E-05,-1.243313466211E-09));
#4201 = CARTESIAN_POINT('',(6.977190829424E-05,0.));
#4202 = ( GEOMETRIC_REPRESENTATION_CONTEXT(2) 
PARAMETRIC_REPRESENTATION_CONTEXT() REPRESENTATION_CONTEXT('2D SPACE',''
  ) );
#4203 = ORIENTED_EDGE('',*,*,#4204,.T.);
#4204 = EDGE_CURVE('',#4124,#2877,#4205,.T.);
#4205 = SURFACE_CURVE('',#4206,(#4217,#4246),.PCURVE_S1.);
#4206 = B_SPLINE_CURVE_WITH_KNOTS('',3,(#4207,#4208,#4209,#4210,#4211,
    #4212,#4213,#4214,#4215,#4216),.UNSPECIFIED.,.F.,.F.,(4,2,2,2,4),(
    5.626557223013E-05,6.078448390088E-04,1.159424105787E-03,
    1.711003372566E-03,2.262582639345E-03),.UNSPECIFIED.);
#4207 = CARTESIAN_POINT('',(1.560045055577,0.156425635976,1.851779477781
    ));
#4208 = CARTESIAN_POINT('',(1.559833862745,0.34042375517,1.859517016342)
  );
#4209 = CARTESIAN_POINT('',(1.558346762687,0.522790364244,1.905797324554
    ));
#4210 = CARTESIAN_POINT('',(1.556816924029,0.853665373514,2.065819699186
    ));
#4211 = CARTESIAN_POINT('',(1.55700514607,1.002187555678,2.179458921017)
  );
#4212 = CARTESIAN_POINT('',(1.565644968152,1.244591401946,2.451572776932
    ));
#4213 = CARTESIAN_POINT('',(1.574362100334,1.3403169799,2.612458039237)
  );
#4214 = CARTESIAN_POINT('',(1.603434356731,1.467054385575,2.952298685073
    ));
#4215 = CARTESIAN_POINT('',(1.624238635666,1.5,3.135666103356));
#4216 = CARTESIAN_POINT('',(1.65,1.5,3.317712699599));
#4217 = PCURVE('',#2411,#4218);
#4218 = DEFINITIONAL_REPRESENTATION('',(#4219),#4245);
#4219 = B_SPLINE_CURVE_WITH_KNOTS('',3,(#4220,#4221,#4222,#4223,#4224,
    #4225,#4226,#4227,#4228,#4229,#4230,#4231,#4232,#4233,#4234,#4235,
    #4236,#4237,#4238,#4239,#4240,#4241,#4242,#4243,#4244),
  .UNSPECIFIED.,.F.,.F.,(4,1,1,1,1,1,1,1,1,1,1,1,1,1,1,1,1,1,1,1,1,1,4),
  (5.626557223013E-05,1.565527116444E-04,2.568398510587E-04,
    3.57126990473E-04,4.574141298873E-04,5.577012693016E-04,
    6.579884087159E-04,7.582755481302E-04,8.585626875445E-04,
    9.588498269588E-04,1.059136966373E-03,1.159424105787E-03,
    1.259711245202E-03,1.359998384616E-03,1.46028552403E-03,
    1.560572663445E-03,1.660859802859E-03,1.761146942273E-03,
    1.861434081687E-03,1.961721221102E-03,2.062008360516E-03,
    2.16229549993E-03,2.262582639345E-03),.QUASI_UNIFORM_KNOTS.);
#4220 = CARTESIAN_POINT('',(1.25563284563,3.101277708168));
#4221 = CARTESIAN_POINT('',(1.255763845636,3.077364093569));
#4222 = CARTESIAN_POINT('',(1.256262466505,3.029536692047));
#4223 = CARTESIAN_POINT('',(1.257704332822,2.957839423164));
#4224 = CARTESIAN_POINT('',(1.25982760936,2.886224871321));
#4225 = CARTESIAN_POINT('',(1.262607861676,2.814751053711));
#4226 = CARTESIAN_POINT('',(1.266014479781,2.743473732695));
#4227 = CARTESIAN_POINT('',(1.270010108196,2.672441787464));
#4228 = CARTESIAN_POINT('',(1.274562883102,2.601674740807));
#4229 = CARTESIAN_POINT('',(1.279618619677,2.531180017021));
#4230 = CARTESIAN_POINT('',(1.285125599518,2.460998807921));
#4231 = CARTESIAN_POINT('',(1.291035955144,2.391158003632));
#4232 = CARTESIAN_POINT('',(1.297293710345,2.321777394904));
#4233 = CARTESIAN_POINT('',(1.303887772624,2.252636813496));
#4234 = CARTESIAN_POINT('',(1.310776833255,2.183532387047));
#4235 = CARTESIAN_POINT('',(1.317886401579,2.114619088224));
#4236 = CARTESIAN_POINT('',(1.325160867499,2.045987224377));
#4237 = CARTESIAN_POINT('',(1.332551679221,1.977729885858));
#4238 = CARTESIAN_POINT('',(1.340012123129,1.910035253549));
#4239 = CARTESIAN_POINT('',(1.347579710103,1.842189198454));
#4240 = CARTESIAN_POINT('',(1.355185474268,1.774296239912));
#4241 = CARTESIAN_POINT('',(1.362783973967,1.706389083636));
#4242 = CARTESIAN_POINT('',(1.370332815431,1.638530231221));
#4243 = CARTESIAN_POINT('',(1.375310970726,1.593357222594));
#4244 = CARTESIAN_POINT('',(1.377780624597,1.570796326795));
#4245 = ( GEOMETRIC_REPRESENTATION_CONTEXT(2) 
PARAMETRIC_REPRESENTATION_CONTEXT() REPRESENTATION_CONTEXT('2D SPACE',''
  ) );
#4246 = PCURVE('',#3898,#4247);
#4247 = DEFINITIONAL_REPRESENTATION('',(#4248),#4274);
#4248 = B_SPLINE_CURVE_WITH_KNOTS('',3,(#4249,#4250,#4251,#4252,#4253,
    #4254,#4255,#4256,#4257,#4258,#4259,#4260,#4261,#4262,#4263,#4264,
    #4265,#4266,#4267,#4268,#4269,#4270,#4271,#4272,#4273),
  .UNSPECIFIED.,.F.,.F.,(4,1,1,1,1,1,1,1,1,1,1,1,1,1,1,1,1,1,1,1,1,1,4),
  (5.626557223013E-05,1.565527116444E-04,2.568398510587E-04,
    3.57126990473E-04,4.574141298873E-04,5.577012693016E-04,
    6.579884087159E-04,7.582755481302E-04,8.585626875445E-04,
    9.588498269588E-04,1.059136966373E-03,1.159424105787E-03,
    1.259711245202E-03,1.359998384616E-03,1.46028552403E-03,
    1.560572663445E-03,1.660859802859E-03,1.761146942273E-03,
    1.861434081687E-03,1.961721221102E-03,2.062008360516E-03,
    2.16229549993E-03,2.262582639345E-03),.QUASI_UNIFORM_KNOTS.);
#4249 = CARTESIAN_POINT('',(8.091442632763E-04,-1.216189805395E-17));
#4250 = CARTESIAN_POINT('',(7.99621120367E-04,-1.695846647175E-06));
#4251 = CARTESIAN_POINT('',(7.806014412556E-04,-3.894848365398E-07));
#4252 = CARTESIAN_POINT('',(7.518161371437E-04,7.157379677456E-06));
#4253 = CARTESIAN_POINT('',(7.226309430101E-04,2.629949525263E-07));
#4254 = CARTESIAN_POINT('',(6.922315008166E-04,-7.751637278598E-07));
#4255 = CARTESIAN_POINT('',(6.611888788272E-04,1.272428371542E-06));
#4256 = CARTESIAN_POINT('',(6.290470649377E-04,-2.844966702173E-06));
#4257 = CARTESIAN_POINT('',(5.954589709289E-04,-1.980082234279E-06));
#4258 = CARTESIAN_POINT('',(5.607674437569E-04,-2.507793011323E-06));
#4259 = CARTESIAN_POINT('',(5.251317822679E-04,-2.73688246813E-06));
#4260 = CARTESIAN_POINT('',(4.886983712457E-04,-3.110929023981E-06));
#4261 = CARTESIAN_POINT('',(4.510397378557E-04,-3.609530528124E-06));
#4262 = CARTESIAN_POINT('',(4.123811572158E-04,-3.969879777209E-06));
#4263 = CARTESIAN_POINT('',(3.728356330755E-04,-5.413521921975E-06));
#4264 = CARTESIAN_POINT('',(3.325867363938E-04,-3.525678412231E-06));
#4265 = CARTESIAN_POINT('',(2.917331459514E-04,-1.505664282009E-05));
#4266 = CARTESIAN_POINT('',(2.503948650206E-04,2.208881069224E-05));
#4267 = CARTESIAN_POINT('',(2.086797917862E-04,-1.887367080565E-05));
#4268 = CARTESIAN_POINT('',(1.662638586812E-04,-1.125781372384E-05));
#4269 = CARTESIAN_POINT('',(1.235813199059E-04,-2.103982131216E-05));
#4270 = CARTESIAN_POINT('',(8.079563171255E-05,-2.348950110287E-05));
#4271 = CARTESIAN_POINT('',(3.815477479554E-05,-7.196296875985E-05));
#4272 = CARTESIAN_POINT('',(9.962862305569E-06,-7.715125310437E-05));
#4273 = CARTESIAN_POINT('',(-4.037673387228E-06,-6.518112856982E-05));
#4274 = ( GEOMETRIC_REPRESENTATION_CONTEXT(2) 
PARAMETRIC_REPRESENTATION_CONTEXT() REPRESENTATION_CONTEXT('2D SPACE',''
  ) );
#4275 = ORIENTED_EDGE('',*,*,#2876,.F.);
#4276 = ORIENTED_EDGE('',*,*,#4277,.T.);
#4277 = EDGE_CURVE('',#2849,#4278,#4280,.T.);
#4278 = VERTEX_POINT('',#4279);
#4279 = CARTESIAN_POINT('',(3.439954944423,0.156425635977,1.851779477781
    ));
#4280 = SURFACE_CURVE('',#4281,(#4292,#4321),.PCURVE_S1.);
#4281 = B_SPLINE_CURVE_WITH_KNOTS('',3,(#4282,#4283,#4284,#4285,#4286,
    #4287,#4288,#4289,#4290,#4291),.UNSPECIFIED.,.F.,.F.,(4,2,2,2,4),(
    -7.656060175036E-06,5.437690472278E-04,1.095194154631E-03,
    1.646619262034E-03,2.198044369436E-03),.UNSPECIFIED.);
#4282 = CARTESIAN_POINT('',(3.35,1.5,3.317712699599));
#4283 = CARTESIAN_POINT('',(3.375754164361,1.5,3.13571698306));
#4284 = CARTESIAN_POINT('',(3.396565468504,1.467054822825,2.95230040226)
  );
#4285 = CARTESIAN_POINT('',(3.425637819717,1.340317653045,2.612459299531
    ));
#4286 = CARTESIAN_POINT('',(3.434354986649,1.244592123016,2.45157378925)
  );
#4287 = CARTESIAN_POINT('',(3.442994848664,1.002188250473,2.179459498099
    ));
#4288 = CARTESIAN_POINT('',(3.443183077101,0.853665978866,2.065820072004
    ));
#4289 = CARTESIAN_POINT('',(3.44165324065,0.522790725203,1.905797419076)
  );
#4290 = CARTESIAN_POINT('',(3.440166137461,0.340423934291,1.859517023875
    ));
#4291 = CARTESIAN_POINT('',(3.439954944423,0.156425635977,1.851779477781
    ));
#4292 = PCURVE('',#2411,#4293);
#4293 = DEFINITIONAL_REPRESENTATION('',(#4294),#4320);
#4294 = B_SPLINE_CURVE_WITH_KNOTS('',3,(#4295,#4296,#4297,#4298,#4299,
    #4300,#4301,#4302,#4303,#4304,#4305,#4306,#4307,#4308,#4309,#4310,
    #4311,#4312,#4313,#4314,#4315,#4316,#4317,#4318,#4319),
  .UNSPECIFIED.,.F.,.F.,(4,1,1,1,1,1,1,1,1,1,1,1,1,1,1,1,1,1,1,1,1,1,4),
  (-7.656060175036E-06,9.260305026185E-05,1.928621606987E-04,
    2.931212711356E-04,3.933803815725E-04,4.936394920094E-04,
    5.938986024463E-04,6.941577128832E-04,7.944168233201E-04,
    8.94675933757E-04,9.949350441938E-04,1.095194154631E-03,
    1.195453265068E-03,1.295712375505E-03,1.395971485941E-03,
    1.496230596378E-03,1.596489706815E-03,1.696748817252E-03,
    1.797007927689E-03,1.897267038126E-03,1.997526148563E-03,
    2.097785259E-03,2.198044369436E-03),.UNSPECIFIED.);
#4295 = CARTESIAN_POINT('',(1.763812028993,1.570796326795));
#4296 = CARTESIAN_POINT('',(1.766280987474,1.5933509061));
#4297 = CARTESIAN_POINT('',(1.771258206453,1.638515868234));
#4298 = CARTESIAN_POINT('',(1.778806689134,1.706372598188));
#4299 = CARTESIAN_POINT('',(1.786405588128,1.774283804369));
#4300 = CARTESIAN_POINT('',(1.794012116748,1.842183079726));
#4301 = CARTESIAN_POINT('',(1.801580428556,1.910034337045));
#4302 = CARTESIAN_POINT('',(1.8090408528,1.97772877465));
#4303 = CARTESIAN_POINT('',(1.816431680927,2.045986245001));
#4304 = CARTESIAN_POINT('',(1.823706154104,2.114618153841));
#4305 = CARTESIAN_POINT('',(1.830815732511,2.183531521107));
#4306 = CARTESIAN_POINT('',(1.83770480267,2.252636009604));
#4307 = CARTESIAN_POINT('',(1.844298874547,2.321776653798));
#4308 = CARTESIAN_POINT('',(1.850556639143,2.391157325785));
#4309 = CARTESIAN_POINT('',(1.856467004083,2.460998195693));
#4310 = CARTESIAN_POINT('',(1.86197399292,2.531179471299));
#4311 = CARTESIAN_POINT('',(1.867029737989,2.60167426182));
#4312 = CARTESIAN_POINT('',(1.871582520674,2.67244137476));
#4313 = CARTESIAN_POINT('',(1.875578155868,2.743473384728));
#4314 = CARTESIAN_POINT('',(1.878984779911,2.814750773341));
#4315 = CARTESIAN_POINT('',(1.88176503714,2.886224660231));
#4316 = CARTESIAN_POINT('',(1.883888317433,2.957839282417));
#4317 = CARTESIAN_POINT('',(1.885330186222,3.029536621916));
#4318 = CARTESIAN_POINT('',(1.885828807828,3.0773640703));
#4319 = CARTESIAN_POINT('',(1.88595980796,3.101277708168));
#4320 = ( GEOMETRIC_REPRESENTATION_CONTEXT(2) 
PARAMETRIC_REPRESENTATION_CONTEXT() REPRESENTATION_CONTEXT('2D SPACE',''
  ) );
#4321 = PCURVE('',#4033,#4322);
#4322 = DEFINITIONAL_REPRESENTATION('',(#4323),#4349);
#4323 = B_SPLINE_CURVE_WITH_KNOTS('',3,(#4324,#4325,#4326,#4327,#4328,
    #4329,#4330,#4331,#4332,#4333,#4334,#4335,#4336,#4337,#4338,#4339,
    #4340,#4341,#4342,#4343,#4344,#4345,#4346,#4347,#4348),
  .UNSPECIFIED.,.F.,.F.,(4,1,1,1,1,1,1,1,1,1,1,1,1,1,1,1,1,1,1,1,1,1,4),
  (-7.656060175036E-06,9.260305026185E-05,1.928621606987E-04,
    2.931212711356E-04,3.933803815725E-04,4.936394920094E-04,
    5.938986024463E-04,6.941577128832E-04,7.944168233201E-04,
    8.94675933757E-04,9.949350441938E-04,1.095194154631E-03,
    1.195453265068E-03,1.295712375505E-03,1.395971485941E-03,
    1.496230596378E-03,1.596489706815E-03,1.696748817252E-03,
    1.797007927689E-03,1.897267038126E-03,1.997526148563E-03,
    2.097785259E-03,2.198044369436E-03),.UNSPECIFIED.);
#4324 = CARTESIAN_POINT('',(-4.037673387228E-06,1.00006519393));
#4325 = CARTESIAN_POINT('',(9.958924423581E-06,1.00007716723));
#4326 = CARTESIAN_POINT('',(3.814576262432E-05,1.000071977541));
#4327 = CARTESIAN_POINT('',(8.078515958284E-05,1.000023491343));
#4328 = CARTESIAN_POINT('',(1.235733798597E-04,1.000021041336));
#4329 = CARTESIAN_POINT('',(1.662599560229E-04,1.000011258075));
#4330 = CARTESIAN_POINT('',(2.086792275633E-04,1.000018873513));
#4331 = CARTESIAN_POINT('',(2.503941844558E-04,0.999977911996));
#4332 = CARTESIAN_POINT('',(2.917325585623E-04,1.000015056453));
#4333 = CARTESIAN_POINT('',(3.325861852877E-04,1.000003525748));
#4334 = CARTESIAN_POINT('',(3.728351327432E-04,1.000005413517));
#4335 = CARTESIAN_POINT('',(4.123807023056E-04,1.000003969891));
#4336 = CARTESIAN_POINT('',(4.510393295214E-04,1.000003609535));
#4337 = CARTESIAN_POINT('',(4.886980105351E-04,1.000003110934));
#4338 = CARTESIAN_POINT('',(5.251314682809E-04,1.000002736882));
#4339 = CARTESIAN_POINT('',(5.607671707655E-04,1.000002507808));
#4340 = CARTESIAN_POINT('',(5.954587396663E-04,1.000001980034));
#4341 = CARTESIAN_POINT('',(6.290468739914E-04,1.000002845153));
#4342 = CARTESIAN_POINT('',(6.611887254337E-04,0.99999872688));
#4343 = CARTESIAN_POINT('',(6.922313801052E-04,1.0000007778));
#4344 = CARTESIAN_POINT('',(7.226308555116E-04,0.999999727593));
#4345 = CARTESIAN_POINT('',(7.518160800901E-04,0.999992878336));
#4346 = CARTESIAN_POINT('',(7.806014158679E-04,1.000000256563));
#4347 = CARTESIAN_POINT('',(7.996211051918E-04,1.000001982326));
#4348 = CARTESIAN_POINT('',(8.091442485813E-04,1.00000073665));
#4349 = ( GEOMETRIC_REPRESENTATION_CONTEXT(2) 
PARAMETRIC_REPRESENTATION_CONTEXT() REPRESENTATION_CONTEXT('2D SPACE',''
  ) );
#4350 = ORIENTED_EDGE('',*,*,#4351,.T.);
#4351 = EDGE_CURVE('',#4278,#2320,#4352,.T.);
#4352 = SURFACE_CURVE('',#4353,(#4358,#4387),.PCURVE_S1.);
#4353 = B_SPLINE_CURVE_WITH_KNOTS('',3,(#4354,#4355,#4356,#4357),
  .UNSPECIFIED.,.F.,.F.,(4,4),(7.179126006979E-16,5.82799436576E-05),
  .PIECEWISE_BEZIER_KNOTS.);
#4354 = CARTESIAN_POINT('',(3.439954944423,0.156425635977,1.851779477781
    ));
#4355 = CARTESIAN_POINT('',(3.434465825394,0.137817467322,1.852779617638
    ));
#4356 = CARTESIAN_POINT('',(3.429735462152,0.11897516046,1.853899193864)
  );
#4357 = CARTESIAN_POINT('',(3.425770522615,0.1,1.855170880945));
#4358 = PCURVE('',#2411,#4359);
#4359 = DEFINITIONAL_REPRESENTATION('',(#4360),#4386);
#4360 = B_SPLINE_CURVE_WITH_KNOTS('',3,(#4361,#4362,#4363,#4364,#4365,
    #4366,#4367,#4368,#4369,#4370,#4371,#4372,#4373,#4374,#4375,#4376,
    #4377,#4378,#4379,#4380,#4381,#4382,#4383,#4384,#4385),
  .UNSPECIFIED.,.F.,.F.,(4,1,1,1,1,1,1,1,1,1,1,1,1,1,1,1,1,1,1,1,1,1,4),
  (7.179126006979E-16,2.649088348758E-06,5.298176696798E-06,
    7.947265044838E-06,1.059635339288E-05,1.324544174092E-05,
    1.589453008896E-05,1.8543618437E-05,2.119270678504E-05,
    2.384179513308E-05,2.649088348112E-05,2.913997182916E-05,
    3.17890601772E-05,3.443814852524E-05,3.708723687328E-05,
    3.973632522132E-05,4.238541356936E-05,4.50345019174E-05,
    4.768359026544E-05,5.033267861348E-05,5.298176696152E-05,
    5.563085530956E-05,5.82799436576E-05),.QUASI_UNIFORM_KNOTS.);
#4361 = CARTESIAN_POINT('',(1.88595980796,3.101277708168));
#4362 = CARTESIAN_POINT('',(1.885876933392,3.101882360792));
#4363 = CARTESIAN_POINT('',(1.885712111248,3.103092313268));
#4364 = CARTESIAN_POINT('',(1.885467659643,3.10490914864));
#4365 = CARTESIAN_POINT('',(1.8852259903,3.106727855631));
#4366 = CARTESIAN_POINT('',(1.884987103838,3.108548399224));
#4367 = CARTESIAN_POINT('',(1.88475100086,3.11037074442));
#4368 = CARTESIAN_POINT('',(1.884517681948,3.112194856235));
#4369 = CARTESIAN_POINT('',(1.884287147663,3.114020699707));
#4370 = CARTESIAN_POINT('',(1.884059398548,3.115848239896));
#4371 = CARTESIAN_POINT('',(1.883834435123,3.117677441885));
#4372 = CARTESIAN_POINT('',(1.883612257887,3.119508270781));
#4373 = CARTESIAN_POINT('',(1.883392867322,3.121340691721));
#4374 = CARTESIAN_POINT('',(1.883176263884,3.123174669866));
#4375 = CARTESIAN_POINT('',(1.882962448011,3.125010170412));
#4376 = CARTESIAN_POINT('',(1.88275142012,3.126847158584));
#4377 = CARTESIAN_POINT('',(1.882543180605,3.128685599641));
#4378 = CARTESIAN_POINT('',(1.882337729841,3.130525458879));
#4379 = CARTESIAN_POINT('',(1.882135068178,3.132366701629));
#4380 = CARTESIAN_POINT('',(1.881935195947,3.134209293264));
#4381 = CARTESIAN_POINT('',(1.881738113456,3.136053199194));
#4382 = CARTESIAN_POINT('',(1.881543820992,3.137898384875));
#4383 = CARTESIAN_POINT('',(1.88135231882,3.139744815802));
#4384 = CARTESIAN_POINT('',(1.881226511058,3.140976576955));
#4385 = CARTESIAN_POINT('',(1.881164072305,3.14159265359));
#4386 = ( GEOMETRIC_REPRESENTATION_CONTEXT(2) 
PARAMETRIC_REPRESENTATION_CONTEXT() REPRESENTATION_CONTEXT('2D SPACE',''
  ) );
#4387 = PCURVE('',#987,#4388);
#4388 = DEFINITIONAL_REPRESENTATION('',(#4389),#4415);
#4389 = B_SPLINE_CURVE_WITH_KNOTS('',3,(#4390,#4391,#4392,#4393,#4394,
    #4395,#4396,#4397,#4398,#4399,#4400,#4401,#4402,#4403,#4404,#4405,
    #4406,#4407,#4408,#4409,#4410,#4411,#4412,#4413,#4414),
  .UNSPECIFIED.,.F.,.F.,(4,1,1,1,1,1,1,1,1,1,1,1,1,1,1,1,1,1,1,1,1,1,4),
  (7.179126006979E-16,2.649088348758E-06,5.298176696798E-06,
    7.947265044838E-06,1.059635339288E-05,1.324544174092E-05,
    1.589453008896E-05,1.8543618437E-05,2.119270678504E-05,
    2.384179513308E-05,2.649088348112E-05,2.913997182916E-05,
    3.17890601772E-05,3.443814852524E-05,3.708723687328E-05,
    3.973632522132E-05,4.238541356936E-05,4.50345019174E-05,
    4.768359026544E-05,5.033267861348E-05,5.298176696152E-05,
    5.563085530956E-05,5.82799436576E-05),.QUASI_UNIFORM_KNOTS.);
#4390 = CARTESIAN_POINT('',(6.977190829479E-05,1.));
#4391 = CARTESIAN_POINT('',(6.871995335182E-05,1.000000001244));
#4392 = CARTESIAN_POINT('',(6.661540652372E-05,0.9999999517));
#4393 = CARTESIAN_POINT('',(6.345674228194E-05,0.999999758091));
#4394 = CARTESIAN_POINT('',(6.029630079109E-05,0.999999483477));
#4395 = CARTESIAN_POINT('',(5.713414906869E-05,0.999999160953));
#4396 = CARTESIAN_POINT('',(5.397035428842E-05,0.999998820164));
#4397 = CARTESIAN_POINT('',(5.080498378902E-05,0.999998486825));
#4398 = CARTESIAN_POINT('',(4.763810505097E-05,0.999998182825));
#4399 = CARTESIAN_POINT('',(4.446978568195E-05,0.999997926183));
#4400 = CARTESIAN_POINT('',(4.130009339987E-05,0.999997731036));
#4401 = CARTESIAN_POINT('',(3.812909601659E-05,0.99999760762));
#4402 = CARTESIAN_POINT('',(3.495686142156E-05,0.999997562253));
#4403 = CARTESIAN_POINT('',(3.178345756553E-05,0.999997597311));
#4404 = CARTESIAN_POINT('',(2.860895244428E-05,0.999997711209));
#4405 = CARTESIAN_POINT('',(2.543341408252E-05,0.999997898376));
#4406 = CARTESIAN_POINT('',(2.225691051777E-05,0.999998149229));
#4407 = CARTESIAN_POINT('',(1.907950978437E-05,0.999998450143));
#4408 = CARTESIAN_POINT('',(1.590127989771E-05,0.999998783428));
#4409 = CARTESIAN_POINT('',(1.272228883814E-05,0.999999127281));
#4410 = CARTESIAN_POINT('',(9.542604536299E-06,0.999999455794));
#4411 = CARTESIAN_POINT('',(6.362294853825E-06,0.999999738765));
#4412 = CARTESIAN_POINT('',(3.181427581951E-06,0.999999942207));
#4413 = CARTESIAN_POINT('',(1.060522776365E-06,0.999999998243));
#4414 = CARTESIAN_POINT('',(-4.404977901537E-16,1.));
#4415 = ( GEOMETRIC_REPRESENTATION_CONTEXT(2) 
PARAMETRIC_REPRESENTATION_CONTEXT() REPRESENTATION_CONTEXT('2D SPACE',''
  ) );
#4416 = ADVANCED_FACE('',(#4417),#3898,.T.);
#4417 = FACE_BOUND('',#4418,.T.);
#4418 = EDGE_LOOP('',(#4419,#4420,#4607,#4651));
#4419 = ORIENTED_EDGE('',*,*,#4204,.F.);
#4420 = ORIENTED_EDGE('',*,*,#4421,.T.);
#4421 = EDGE_CURVE('',#4124,#4422,#4424,.T.);
#4422 = VERTEX_POINT('',#4423);
#4423 = CARTESIAN_POINT('',(0.254573187376,0.1,2.705777557591));
#4424 = SURFACE_CURVE('',#4425,(#4444,#4495),.PCURVE_S1.);
#4425 = B_SPLINE_CURVE_WITH_KNOTS('',3,(#4426,#4427,#4428,#4429,#4430,
    #4431,#4432,#4433,#4434,#4435,#4436,#4437,#4438,#4439,#4440,#4441,
    #4442,#4443),.UNSPECIFIED.,.F.,.F.,(4,2,2,2,2,2,2,2,4),(
    1.741569325382E-16,2.76928426957E-04,5.538568539138E-04,
    8.307852808706E-04,1.107713707827E-03,1.661570561741E-03,
    1.938498988698E-03,2.076963202176E-03,2.215427415655E-03),
  .UNSPECIFIED.);
#4426 = CARTESIAN_POINT('',(1.560045055577,0.156425635976,1.851779477781
    ));
#4427 = CARTESIAN_POINT('',(1.541459589669,0.247069422987,1.849565750348
    ));
#4428 = CARTESIAN_POINT('',(1.51019868727,0.335078509857,1.853061875828)
  );
#4429 = CARTESIAN_POINT('',(1.421656677854,0.493664124136,1.872423116642
    ));
#4430 = CARTESIAN_POINT('',(1.362721867615,0.565384429848,1.888559394566
    ));
#4431 = CARTESIAN_POINT('',(1.224569839747,0.676241213453,1.932987424279
    ));
#4432 = CARTESIAN_POINT('',(1.144906125365,0.716961714638,1.961927553587
    ));
#4433 = CARTESIAN_POINT('',(0.980239731127,0.762351350253,2.030686556689
    ));
#4434 = CARTESIAN_POINT('',(0.896093181992,0.766854745491,2.069772130518
    ));
#4435 = CARTESIAN_POINT('',(0.651971344366,0.726780170466,2.196182520728
    ));
#4436 = CARTESIAN_POINT('',(0.511819673348,0.635433595775,2.291179373429
    ));
#4437 = CARTESIAN_POINT('',(0.367703040816,0.449174834583,2.43479167432)
  );
#4438 = CARTESIAN_POINT('',(0.330651311425,0.379628026413,2.482309731236
    ));
#4439 = CARTESIAN_POINT('',(0.290521942748,0.271865925261,2.559054231437
    ));
#4440 = CARTESIAN_POINT('',(0.279885838255,0.235757331039,2.585237644606
    ));
#4441 = CARTESIAN_POINT('',(0.263609232912,0.16518669419,2.641127190733)
  );
#4442 = CARTESIAN_POINT('',(0.257982699075,0.130242213035,2.670249282741
    ));
#4443 = CARTESIAN_POINT('',(0.254573187376,0.1,2.705777557591));
#4444 = PCURVE('',#3898,#4445);
#4445 = DEFINITIONAL_REPRESENTATION('',(#4446),#4494);
#4446 = B_SPLINE_CURVE_WITH_KNOTS('',3,(#4447,#4448,#4449,#4450,#4451,
    #4452,#4453,#4454,#4455,#4456,#4457,#4458,#4459,#4460,#4461,#4462,
    #4463,#4464,#4465,#4466,#4467,#4468,#4469,#4470,#4471,#4472,#4473,
    #4474,#4475,#4476,#4477,#4478,#4479,#4480,#4481,#4482,#4483,#4484,
    #4485,#4486,#4487,#4488,#4489,#4490,#4491,#4492,#4493),
  .UNSPECIFIED.,.F.,.F.,(4,1,1,1,1,1,1,1,1,1,1,1,1,1,1,1,1,1,1,1,1,1,1,1
    ,1,1,1,1,1,1,1,1,1,1,1,1,1,1,1,1,1,1,1,1,4),(1.741569325382E-16,
    5.035062308323E-05,1.007012461663E-04,1.510518692493E-04,
    2.014024923324E-04,2.517531154154E-04,3.021037384985E-04,
    3.524543615816E-04,4.028049846646E-04,4.531556077477E-04,
    5.035062308307E-04,5.538568539138E-04,6.042074769968E-04,
    6.545581000799E-04,7.049087231629E-04,7.55259346246E-04,
    8.05609969329E-04,8.559605924121E-04,9.063112154951E-04,
    9.566618385782E-04,1.007012461661E-03,1.057363084744E-03,
    1.107713707827E-03,1.15806433091E-03,1.208414953993E-03,
    1.258765577077E-03,1.30911620016E-03,1.359466823243E-03,
    1.409817446326E-03,1.460168069409E-03,1.510518692492E-03,
    1.560869315575E-03,1.611219938658E-03,1.661570561741E-03,
    1.711921184824E-03,1.762271807907E-03,1.81262243099E-03,
    1.862973054073E-03,1.913323677156E-03,1.963674300239E-03,
    2.014024923322E-03,2.064375546405E-03,2.114726169488E-03,
    2.165076792571E-03,2.215427415655E-03),.QUASI_UNIFORM_KNOTS.);
#4447 = CARTESIAN_POINT('',(8.091442485815E-04,-7.366503668964E-07));
#4448 = CARTESIAN_POINT('',(8.045309929749E-04,2.186184445553E-03));
#4449 = CARTESIAN_POINT('',(7.954317618267E-04,7.088393129947E-03));
#4450 = CARTESIAN_POINT('',(7.822874075854E-04,1.606082025466E-02));
#4451 = CARTESIAN_POINT('',(7.697721913813E-04,2.668653811429E-02));
#4452 = CARTESIAN_POINT('',(7.580037823236E-04,3.89991562885E-02));
#4453 = CARTESIAN_POINT('',(7.469989822664E-04,5.301465394447E-02));
#4454 = CARTESIAN_POINT('',(7.367791013641E-04,6.872380025671E-02));
#4455 = CARTESIAN_POINT('',(7.273229062009E-04,8.630733622606E-02));
#4456 = CARTESIAN_POINT('',(7.186657760348E-04,0.105611190295));
#4457 = CARTESIAN_POINT('',(7.108784169658E-04,0.126498563785));
#4458 = CARTESIAN_POINT('',(7.040011936041E-04,0.148818858635));
#4459 = CARTESIAN_POINT('',(6.980728126296E-04,0.172403929867));
#4460 = CARTESIAN_POINT('',(6.930610644368E-04,0.197142985832));
#4461 = CARTESIAN_POINT('',(6.888818099039E-04,0.222876332459));
#4462 = CARTESIAN_POINT('',(6.855152362312E-04,0.249392373189));
#4463 = CARTESIAN_POINT('',(6.829258803857E-04,0.276505174053));
#4464 = CARTESIAN_POINT('',(6.810855486085E-04,0.304034502809));
#4465 = CARTESIAN_POINT('',(6.799693945213E-04,0.33182481123));
#4466 = CARTESIAN_POINT('',(6.795591820934E-04,0.359622950111));
#4467 = CARTESIAN_POINT('',(6.798194329428E-04,0.387372110462));
#4468 = CARTESIAN_POINT('',(6.807253863647E-04,0.415001164369));
#4469 = CARTESIAN_POINT('',(6.822505407877E-04,0.442435429572));
#4470 = CARTESIAN_POINT('',(6.843957623044E-04,0.469664231966));
#4471 = CARTESIAN_POINT('',(6.870835815597E-04,0.49645542222));
#4472 = CARTESIAN_POINT('',(6.902205762918E-04,0.522632077405));
#4473 = CARTESIAN_POINT('',(6.937999279418E-04,0.548242356887));
#4474 = CARTESIAN_POINT('',(6.97795759876E-04,0.573271907067));
#4475 = CARTESIAN_POINT('',(7.021908746644E-04,0.59772060364));
#4476 = CARTESIAN_POINT('',(7.069687178685E-04,0.621581922349));
#4477 = CARTESIAN_POINT('',(7.121153894963E-04,0.644848818849));
#4478 = CARTESIAN_POINT('',(7.176175466175E-04,0.667512121315));
#4479 = CARTESIAN_POINT('',(7.234669706986E-04,0.689563370018));
#4480 = CARTESIAN_POINT('',(7.296373174917E-04,0.710987280708));
#4481 = CARTESIAN_POINT('',(7.361342684856E-04,0.731782921011));
#4482 = CARTESIAN_POINT('',(7.429476123483E-04,0.751905938823));
#4483 = CARTESIAN_POINT('',(7.500534938346E-04,0.771428490006));
#4484 = CARTESIAN_POINT('',(7.574517701396E-04,0.790468939596));
#4485 = CARTESIAN_POINT('',(7.651421159713E-04,0.809136836193));
#4486 = CARTESIAN_POINT('',(7.731299929175E-04,0.827543485051));
#4487 = CARTESIAN_POINT('',(7.814291163536E-04,0.845816389752));
#4488 = CARTESIAN_POINT('',(7.899382833445E-04,0.863943794414));
#4489 = CARTESIAN_POINT('',(7.986184587613E-04,0.882235096358));
#4490 = CARTESIAN_POINT('',(8.074828724955E-04,0.90084926285));
#4491 = CARTESIAN_POINT('',(8.164149488368E-04,0.920306760062));
#4492 = CARTESIAN_POINT('',(8.222221767022E-04,0.934611184454));
#4493 = CARTESIAN_POINT('',(8.250489744687E-04,0.942258966917));
#4494 = ( GEOMETRIC_REPRESENTATION_CONTEXT(2) 
PARAMETRIC_REPRESENTATION_CONTEXT() REPRESENTATION_CONTEXT('2D SPACE',''
  ) );
#4495 = PCURVE('',#4496,#4557);
#4496 = ( BOUNDED_SURFACE() B_SPLINE_SURFACE(3,2,(
    (#4497,#4498,#4499)
    ,(#4500,#4501,#4502)
    ,(#4503,#4504,#4505)
    ,(#4506,#4507,#4508)
    ,(#4509,#4510,#4511)
    ,(#4512,#4513,#4514)
    ,(#4515,#4516,#4517)
    ,(#4518,#4519,#4520)
    ,(#4521,#4522,#4523)
    ,(#4524,#4525,#4526)
    ,(#4527,#4528,#4529)
    ,(#4530,#4531,#4532)
    ,(#4533,#4534,#4535)
    ,(#4536,#4537,#4538)
    ,(#4539,#4540,#4541)
    ,(#4542,#4543,#4544)
    ,(#4545,#4546,#4547)
    ,(#4548,#4549,#4550)
    ,(#4551,#4552,#4553)
    ,(#4554,#4555,#4556
)),.UNSPECIFIED.,.F.,.F.,.F.) B_SPLINE_SURFACE_WITH_KNOTS((4,2,2,2,2,2,2
    ,2,2,4),(3,3),(5.234257038217E-16,3.535424079887E-04,
    7.070848159769E-04,1.060627223965E-03,1.414169631953E-03,
    1.767712039941E-03,2.12125444793E-03,2.474796855918E-03,
    2.651568059912E-03,2.828339263906E-03),(0.,1.),.UNSPECIFIED.) 
GEOMETRIC_REPRESENTATION_ITEM() RATIONAL_B_SPLINE_SURFACE((
    (1.,0.939424215957,1.)
    ,(1.,0.928371458183,1.)
    ,(1.,0.922916784525,1.)
    ,(1.,0.919789106687,1.)
    ,(1.,0.922380665579,1.)
    ,(1.,0.930220247038,1.)
    ,(1.,0.935829778483,1.)
    ,(1.,0.947984046199,1.)
    ,(1.,0.954527987004,1.)
    ,(1.,0.965578078682,1.)
    ,(1.,0.970244380267,1.)
    ,(1.,0.97881517241,1.)
    ,(1.,0.982729310388,1.)
    ,(1.,0.989175110655,1.)
    ,(1.,0.991673113136,1.)
    ,(1.,0.994841041033,1.)
    ,(1.,0.995778385495,1.)
    ,(1.,0.997419334816,1.)
    ,(1.,0.998123810475,1.)
,(1.,0.998669850759,1.))) REPRESENTATION_ITEM('') SURFACE() );
#4497 = CARTESIAN_POINT('',(1.560045055579,0.156425635976,1.851779477782
    ));
#4498 = CARTESIAN_POINT('',(1.45871032883,0.132894252229,1.817742933214)
  );
#4499 = CARTESIAN_POINT('',(1.403017588057,0.117732905211,1.72474082886)
  );
#4500 = CARTESIAN_POINT('',(1.540555084393,0.251480837151,1.849458015034
    ));
#4501 = CARTESIAN_POINT('',(1.430573435381,0.216924396796,1.812782735929
    ));
#4502 = CARTESIAN_POINT('',(1.375580907832,0.197847102098,1.707083048475
    ));
#4503 = CARTESIAN_POINT('',(1.507455688427,0.34202212752,1.853450665582)
  );
#4504 = CARTESIAN_POINT('',(1.397493648433,0.293425568623,1.816473034816
    ));
#4505 = CARTESIAN_POINT('',(1.342806539072,0.274490357645,1.705494201827
    ));
#4506 = CARTESIAN_POINT('',(1.415611550192,0.502254841805,1.873977410574
    ));
#4507 = CARTESIAN_POINT('',(1.315700981477,0.430702484905,1.83613840366)
  );
#4508 = CARTESIAN_POINT('',(1.260904883111,0.408522861954,1.722597165939
    ));
#4509 = CARTESIAN_POINT('',(1.355431308497,0.572773399735,1.890691966497
    ));
#4510 = CARTESIAN_POINT('',(1.267333556484,0.490945420819,1.852162767916
    ));
#4511 = CARTESIAN_POINT('',(1.212554354608,0.466159835045,1.741770241211
    ));
#4512 = CARTESIAN_POINT('',(1.216894957011,0.680684147815,1.93569178252)
  );
#4513 = CARTESIAN_POINT('',(1.152448849289,0.589113766514,1.895151643275
    ));
#4514 = CARTESIAN_POINT('',(1.099968743579,0.559064754984,1.793331547436
    ));
#4515 = CARTESIAN_POINT('',(1.138306946141,0.719535154585,1.964516491244
    ));
#4516 = CARTESIAN_POINT('',(1.086503932362,0.627631387441,1.922604494859
    ));
#4517 = CARTESIAN_POINT('',(1.035833208781,0.594895336083,1.826874716127
    ));
#4518 = CARTESIAN_POINT('',(0.976229351587,0.762651299979,2.032539086067
    ));
#4519 = CARTESIAN_POINT('',(0.946800964498,0.676179294896,1.988445295108
    ));
#4520 = CARTESIAN_POINT('',(0.903523515352,0.639366129603,1.905051293798
    ));
#4521 = CARTESIAN_POINT('',(0.893796032416,0.766606181459,2.070925899999
    ));
#4522 = CARTESIAN_POINT('',(0.874770250079,0.686253439869,2.025713895045
    ));
#4523 = CARTESIAN_POINT('',(0.837380020926,0.648070437524,1.948476320576
    ));
#4524 = CARTESIAN_POINT('',(0.73383085666,0.740088076152,2.153830429377)
  );
#4525 = CARTESIAN_POINT('',(0.72908829756,0.672873834011,2.108137958478)
  );
#4526 = CARTESIAN_POINT('',(0.701697070585,0.635155345839,2.04182288028)
  );
#4527 = CARTESIAN_POINT('',(0.658980097341,0.710821369573,2.197487925822
    ));
#4528 = CARTESIAN_POINT('',(0.658096820289,0.650615354843,2.152473589159
    ));
#4529 = CARTESIAN_POINT('',(0.634913577414,0.613993494935,2.09114212011)
  );
#4530 = CARTESIAN_POINT('',(0.524775559473,0.628535289208,2.289351650768
    ));
#4531 = CARTESIAN_POINT('',(0.528964028863,0.581593529282,2.247285953753
    ));
#4532 = CARTESIAN_POINT('',(0.513260262744,0.548562405395,2.195958887899
    ));
#4533 = CARTESIAN_POINT('',(0.466200860918,0.575824539412,2.336961361659
    ));
#4534 = CARTESIAN_POINT('',(0.471502868302,0.535648735237,2.297122987387
    ));
#4535 = CARTESIAN_POINT('',(0.459592463877,0.505325845584,2.250596649761
    ));
#4536 = CARTESIAN_POINT('',(0.369505683722,0.452127264517,2.432686370291
    ));
#4537 = CARTESIAN_POINT('',(0.375335894212,0.423389767051,2.398607554534
    ));
#4538 = CARTESIAN_POINT('',(0.368955151537,0.398824306336,2.361585643985
    ));
#4539 = CARTESIAN_POINT('',(0.331939300578,0.382453837392,2.480345671339
    ));
#4540 = CARTESIAN_POINT('',(0.336846610187,0.357948614203,2.449917525805
    ));
#4541 = CARTESIAN_POINT('',(0.332231867063,0.335972026111,2.417572182304
    ));
#4542 = CARTESIAN_POINT('',(0.29112104217,0.273776895348,2.55767021228)
  );
#4543 = CARTESIAN_POINT('',(0.294522678546,0.254524776452,2.533968885398
    ));
#4544 = CARTESIAN_POINT('',(0.291876787998,0.23637390781,2.509317301874)
  );
#4545 = CARTESIAN_POINT('',(0.280284896497,0.237275411871,2.584090335777
    ));
#4546 = CARTESIAN_POINT('',(0.283148875263,0.219612242943,2.56278398033)
  );
#4547 = CARTESIAN_POINT('',(0.281035288923,0.202686575998,2.540799819631
    ));
#4548 = CARTESIAN_POINT('',(0.263719055495,0.165868539224,2.640533905716
    ));
#4549 = CARTESIAN_POINT('',(0.265560765675,0.151174991254,2.6245234041)
  );
#4550 = CARTESIAN_POINT('',(0.264311569498,0.136697652664,2.608249825691
    ));
#4551 = CARTESIAN_POINT('',(0.258002116669,0.130414979763,2.670046944793
    ));
#4552 = CARTESIAN_POINT('',(0.259334418498,0.117064896303,2.656941041311
    ));
#4553 = CARTESIAN_POINT('',(0.258425646173,0.103822438328,2.643700345299
    ));
#4554 = CARTESIAN_POINT('',(0.254573187374,0.1,2.705777557613));
#4555 = CARTESIAN_POINT('',(0.255494740035,8.788221935075E-02,
    2.696174664557));
#4556 = CARTESIAN_POINT('',(0.254823570006,7.58288696485E-02,
    2.686470453411));
#4557 = DEFINITIONAL_REPRESENTATION('',(#4558),#4606);
#4558 = B_SPLINE_CURVE_WITH_KNOTS('',3,(#4559,#4560,#4561,#4562,#4563,
    #4564,#4565,#4566,#4567,#4568,#4569,#4570,#4571,#4572,#4573,#4574,
    #4575,#4576,#4577,#4578,#4579,#4580,#4581,#4582,#4583,#4584,#4585,
    #4586,#4587,#4588,#4589,#4590,#4591,#4592,#4593,#4594,#4595,#4596,
    #4597,#4598,#4599,#4600,#4601,#4602,#4603,#4604,#4605),
  .UNSPECIFIED.,.F.,.F.,(4,1,1,1,1,1,1,1,1,1,1,1,1,1,1,1,1,1,1,1,1,1,1,1
    ,1,1,1,1,1,1,1,1,1,1,1,1,1,1,1,1,1,1,1,1,4),(1.741569325382E-16,
    5.035062308323E-05,1.007012461663E-04,1.510518692493E-04,
    2.014024923324E-04,2.517531154154E-04,3.021037384985E-04,
    3.524543615816E-04,4.028049846646E-04,4.531556077477E-04,
    5.035062308307E-04,5.538568539138E-04,6.042074769968E-04,
    6.545581000799E-04,7.049087231629E-04,7.55259346246E-04,
    8.05609969329E-04,8.559605924121E-04,9.063112154951E-04,
    9.566618385782E-04,1.007012461661E-03,1.057363084744E-03,
    1.107713707827E-03,1.15806433091E-03,1.208414953993E-03,
    1.258765577077E-03,1.30911620016E-03,1.359466823243E-03,
    1.409817446326E-03,1.460168069409E-03,1.510518692492E-03,
    1.560869315575E-03,1.611219938658E-03,1.661570561741E-03,
    1.711921184824E-03,1.762271807907E-03,1.81262243099E-03,
    1.862973054073E-03,1.913323677156E-03,1.963674300239E-03,
    2.014024923322E-03,2.064375546405E-03,2.114726169488E-03,
    2.165076792571E-03,2.215427415655E-03),.QUASI_UNIFORM_KNOTS.);
#4559 = CARTESIAN_POINT('',(5.234257038217E-16,0.));
#4560 = CARTESIAN_POINT('',(2.043302044919E-05,6.185823047095E-07));
#4561 = CARTESIAN_POINT('',(6.141721410993E-05,-1.438668496897E-06));
#4562 = CARTESIAN_POINT('',(1.232339768334E-04,-8.552949568364E-06));
#4563 = CARTESIAN_POINT('',(1.853733878159E-04,-1.540523818402E-05));
#4564 = CARTESIAN_POINT('',(2.478310557881E-04,-1.222958288196E-05));
#4565 = CARTESIAN_POINT('',(3.105977323466E-04,-1.807991547455E-05));
#4566 = CARTESIAN_POINT('',(3.737159678227E-04,4.574240620395E-05));
#4567 = CARTESIAN_POINT('',(4.372898177504E-04,1.169915644135E-04));
#4568 = CARTESIAN_POINT('',(5.011655295739E-04,6.74975188298E-05));
#4569 = CARTESIAN_POINT('',(5.653103233053E-04,-3.34191324183E-05));
#4570 = CARTESIAN_POINT('',(6.296916313434E-04,-1.622447434299E-05));
#4571 = CARTESIAN_POINT('',(6.942427593018E-04,-2.77071884564E-05));
#4572 = CARTESIAN_POINT('',(7.591227595258E-04,4.464974298219E-05));
#4573 = CARTESIAN_POINT('',(8.242138659894E-04,1.059739751565E-04));
#4574 = CARTESIAN_POINT('',(8.894632738586E-04,1.195890980166E-04));
#4575 = CARTESIAN_POINT('',(9.548095426287E-04,7.442393040677E-05));
#4576 = CARTESIAN_POINT('',(1.020212348916E-03,-3.04654724146E-06));
#4577 = CARTESIAN_POINT('',(1.08558983514E-03,7.170349882356E-06));
#4578 = CARTESIAN_POINT('',(1.151012307699E-03,5.376905296418E-05));
#4579 = CARTESIAN_POINT('',(1.216483513357E-03,7.139477291632E-05));
#4580 = CARTESIAN_POINT('',(1.281965276712E-03,5.692849493378E-05));
#4581 = CARTESIAN_POINT('',(1.347428306347E-03,6.363489810168E-06));
#4582 = CARTESIAN_POINT('',(1.412849530798E-03,9.533759325081E-06));
#4583 = CARTESIAN_POINT('',(1.478184693648E-03,-4.547876940773E-05));
#4584 = CARTESIAN_POINT('',(1.543447154961E-03,-3.291002617817E-05));
#4585 = CARTESIAN_POINT('',(1.60859699619E-03,-3.861221599712E-05));
#4586 = CARTESIAN_POINT('',(1.673613941587E-03,-3.962960700531E-05));
#4587 = CARTESIAN_POINT('',(1.738483480222E-03,-4.209293737944E-05));
#4588 = CARTESIAN_POINT('',(1.803176207153E-03,-4.464064297513E-05));
#4589 = CARTESIAN_POINT('',(1.867965767261E-03,-4.689221135888E-05));
#4590 = CARTESIAN_POINT('',(1.932749764758E-03,-5.219539826766E-05));
#4591 = CARTESIAN_POINT('',(1.997471440168E-03,-4.778558356381E-05));
#4592 = CARTESIAN_POINT('',(2.06207091468E-03,-8.160399268999E-05));
#4593 = CARTESIAN_POINT('',(2.126440646958E-03,2.510996940106E-05));
#4594 = CARTESIAN_POINT('',(2.190673588119E-03,-2.395715147276E-05));
#4595 = CARTESIAN_POINT('',(2.254808543414E-03,-1.168484869643E-05));
#4596 = CARTESIAN_POINT('',(2.318833725227E-03,-1.170693892792E-05));
#4597 = CARTESIAN_POINT('',(2.382752231111E-03,-2.389088077828E-05));
#4598 = CARTESIAN_POINT('',(2.446554956661E-03,2.486697685464E-05));
#4599 = CARTESIAN_POINT('',(2.510262552433E-03,-2.353586758106E-05));
#4600 = CARTESIAN_POINT('',(2.573910445784E-03,-1.312699171679E-05));
#4601 = CARTESIAN_POINT('',(2.637503275056E-03,3.636284128661E-05));
#4602 = CARTESIAN_POINT('',(2.701032422687E-03,-7.040788296483E-05));
#4603 = CARTESIAN_POINT('',(2.764549854399E-03,1.628652053863E-04));
#4604 = CARTESIAN_POINT('',(2.807033828088E-03,1.217114863405E-04));
#4605 = CARTESIAN_POINT('',(2.828339263906E-03,0.));
#4606 = ( GEOMETRIC_REPRESENTATION_CONTEXT(2) 
PARAMETRIC_REPRESENTATION_CONTEXT() REPRESENTATION_CONTEXT('2D SPACE',''
  ) );
#4607 = ORIENTED_EDGE('',*,*,#4608,.F.);
#4608 = EDGE_CURVE('',#2208,#4422,#4609,.T.);
#4609 = SURFACE_CURVE('',#4610,(#4615,#4644),.PCURVE_S1.);
#4610 = CIRCLE('',#4611,1.);
#4611 = AXIS2_PLACEMENT_3D('',#4612,#4613,#4614);
#4612 = CARTESIAN_POINT('',(1.25,0.1,2.801304834898));
#4613 = DIRECTION('',(0.,-1.,1.110223024625E-16));
#4614 = DIRECTION('',(1.,0.,0.));
#4615 = PCURVE('',#3898,#4616);
#4616 = DEFINITIONAL_REPRESENTATION('',(#4617),#4643);
#4617 = B_SPLINE_CURVE_WITH_KNOTS('',3,(#4618,#4619,#4620,#4621,#4622,
    #4623,#4624,#4625,#4626,#4627,#4628,#4629,#4630,#4631,#4632,#4633,
    #4634,#4635,#4636,#4637,#4638,#4639,#4640,#4641,#4642),
  .UNSPECIFIED.,.F.,.F.,(4,1,1,1,1,1,1,1,1,1,1,1,1,1,1,1,1,1,1,1,1,1,4),
  (3.14159265359,3.145941433844,3.150290214098,3.154638994352,
    3.158987774606,3.163336554861,3.167685335115,3.172034115369,
    3.176382895623,3.180731675877,3.185080456131,3.189429236386,
    3.19377801664,3.198126796894,3.202475577148,3.206824357402,
    3.211173137656,3.215521917911,3.219870698165,3.224219478419,
    3.228568258673,3.232917038927,3.237265819181),
  .QUASI_UNIFORM_KNOTS.);
#4618 = CARTESIAN_POINT('',(8.250489744687E-04,1.));
#4619 = CARTESIAN_POINT('',(8.250489744687E-04,0.999104464718));
#4620 = CARTESIAN_POINT('',(8.250489744687E-04,0.997315379763));
#4621 = CARTESIAN_POINT('',(8.250489744687E-04,0.994637664438));
#4622 = CARTESIAN_POINT('',(8.250489744687E-04,0.991965816378));
#4623 = CARTESIAN_POINT('',(8.250489744687E-04,0.989299791163));
#4624 = CARTESIAN_POINT('',(8.250489744687E-04,0.986639544644));
#4625 = CARTESIAN_POINT('',(8.250489744687E-04,0.983985032981));
#4626 = CARTESIAN_POINT('',(8.250489744687E-04,0.98133621263));
#4627 = CARTESIAN_POINT('',(8.250489744687E-04,0.97869304034));
#4628 = CARTESIAN_POINT('',(8.250489744687E-04,0.976055473152));
#4629 = CARTESIAN_POINT('',(8.250489744687E-04,0.973423468393));
#4630 = CARTESIAN_POINT('',(8.250489744687E-04,0.970796983677));
#4631 = CARTESIAN_POINT('',(8.250489744687E-04,0.968175976898));
#4632 = CARTESIAN_POINT('',(8.250489744687E-04,0.96556040623));
#4633 = CARTESIAN_POINT('',(8.250489744687E-04,0.962950230123));
#4634 = CARTESIAN_POINT('',(8.250489744687E-04,0.960345407298));
#4635 = CARTESIAN_POINT('',(8.250489744687E-04,0.957745896748));
#4636 = CARTESIAN_POINT('',(8.250489744687E-04,0.955151657734));
#4637 = CARTESIAN_POINT('',(8.250489744687E-04,0.95256264978));
#4638 = CARTESIAN_POINT('',(8.250489744687E-04,0.949978832671));
#4639 = CARTESIAN_POINT('',(8.250489744687E-04,0.947400166457));
#4640 = CARTESIAN_POINT('',(8.250489744687E-04,0.944826611422));
#4641 = CARTESIAN_POINT('',(8.250489744687E-04,0.94311428927));
#4642 = CARTESIAN_POINT('',(8.250489744687E-04,0.942258966917));
#4643 = ( GEOMETRIC_REPRESENTATION_CONTEXT(2) 
PARAMETRIC_REPRESENTATION_CONTEXT() REPRESENTATION_CONTEXT('2D SPACE',''
  ) );
#4644 = PCURVE('',#2249,#4645);
#4645 = DEFINITIONAL_REPRESENTATION('',(#4646),#4650);
#4646 = LINE('',#4647,#4648);
#4647 = CARTESIAN_POINT('',(9.424777960769,1.6));
#4648 = VECTOR('',#4649,1.);
#4649 = DIRECTION('',(-1.,0.));
#4650 = ( GEOMETRIC_REPRESENTATION_CONTEXT(2) 
PARAMETRIC_REPRESENTATION_CONTEXT() REPRESENTATION_CONTEXT('2D SPACE',''
  ) );
#4651 = ORIENTED_EDGE('',*,*,#3853,.F.);
#4652 = ADVANCED_FACE('',(#4653),#2249,.T.);
#4653 = FACE_BOUND('',#4654,.T.);
#4654 = EDGE_LOOP('',(#4655,#4656,#4738));
#4655 = ORIENTED_EDGE('',*,*,#4608,.T.);
#4656 = ORIENTED_EDGE('',*,*,#4657,.T.);
#4657 = EDGE_CURVE('',#4422,#46,#4658,.T.);
#4658 = SURFACE_CURVE('',#4659,(#4667,#4696),.PCURVE_S1.);
#4659 = B_SPLINE_CURVE_WITH_KNOTS('',3,(#4660,#4661,#4662,#4663,#4664,
    #4665,#4666),.UNSPECIFIED.,.F.,.F.,(4,3,4),(0.,1.300642904023E-04,
    1.383747387314E-04),.UNSPECIFIED.);
#4660 = CARTESIAN_POINT('',(0.254573187376,0.1,2.705777557591));
#4661 = CARTESIAN_POINT('',(0.251695360169,6.882185034468E-02,
    2.735765498689));
#4662 = CARTESIAN_POINT('',(0.250187217148,3.746180991131E-02,
    2.76572576175));
#4663 = CARTESIAN_POINT('',(0.250016371045,6.02672896072E-03,
    2.795582787935));
#4664 = CARTESIAN_POINT('',(0.250005454845,4.018186760919E-03,
    2.79749050044));
#4665 = CARTESIAN_POINT('',(0.25,2.008913551447E-03,2.799397482209));
#4666 = CARTESIAN_POINT('',(0.25,3.110073126698E-16,2.801304834898));
#4667 = PCURVE('',#2249,#4668);
#4668 = DEFINITIONAL_REPRESENTATION('',(#4669),#4695);
#4669 = B_SPLINE_CURVE_WITH_KNOTS('',3,(#4670,#4671,#4672,#4673,#4674,
    #4675,#4676,#4677,#4678,#4679,#4680,#4681,#4682,#4683,#4684,#4685,
    #4686,#4687,#4688,#4689,#4690,#4691,#4692,#4693,#4694),
  .UNSPECIFIED.,.F.,.F.,(4,1,1,1,1,1,1,1,1,1,1,1,1,1,1,1,1,1,1,1,1,1,4),
  (0.,6.289760851425E-06,1.257952170285E-05,1.886928255428E-05,
    2.51590434057E-05,3.144880425713E-05,3.773856510855E-05,
    4.402832595998E-05,5.03180868114E-05,5.660784766283E-05,
    6.289760851425E-05,6.918736936568E-05,7.547713021711E-05,
    8.176689106853E-05,8.805665191996E-05,9.434641277138E-05,
    1.006361736228E-04,1.069259344742E-04,1.132156953257E-04,
    1.195054561771E-04,1.257952170285E-04,1.320849778799E-04,
    1.383747387314E-04),.QUASI_UNIFORM_KNOTS.);
#4670 = CARTESIAN_POINT('',(6.187512141588,1.6));
#4671 = CARTESIAN_POINT('',(6.18896898665,1.598492260216));
#4672 = CARTESIAN_POINT('',(6.191881936011,1.595475929916));
#4673 = CARTESIAN_POINT('',(6.19624917186,1.590948954772));
#4674 = CARTESIAN_POINT('',(6.200614253706,1.586419572438));
#4675 = CARTESIAN_POINT('',(6.204977215442,1.581887855417));
#4676 = CARTESIAN_POINT('',(6.209338090769,1.577353876211));
#4677 = CARTESIAN_POINT('',(6.213696913169,1.572817707322));
#4678 = CARTESIAN_POINT('',(6.218053715912,1.568279421255));
#4679 = CARTESIAN_POINT('',(6.222408532052,1.563739090511));
#4680 = CARTESIAN_POINT('',(6.226761394429,1.559196787594));
#4681 = CARTESIAN_POINT('',(6.231112335669,1.554652585007));
#4682 = CARTESIAN_POINT('',(6.235461388186,1.550106555251));
#4683 = CARTESIAN_POINT('',(6.239808584179,1.545558770832));
#4684 = CARTESIAN_POINT('',(6.244153955628,1.541009304248));
#4685 = CARTESIAN_POINT('',(6.248497534321,1.536458228012));
#4686 = CARTESIAN_POINT('',(6.252839351751,1.531905614593));
#4687 = CARTESIAN_POINT('',(6.257179439511,1.527351536621));
#4688 = CARTESIAN_POINT('',(6.2615178278,1.522796066121));
#4689 = CARTESIAN_POINT('',(6.265854551021,1.518239277381));
#4690 = CARTESIAN_POINT('',(6.270189626878,1.513681236245));
#4691 = CARTESIAN_POINT('',(6.2745231344,1.509122040061));
#4692 = CARTESIAN_POINT('',(6.278854922737,1.504561668613));
#4693 = CARTESIAN_POINT('',(6.281741951285,1.501520676329));
#4694 = CARTESIAN_POINT('',(6.28318530718,1.5));
#4695 = ( GEOMETRIC_REPRESENTATION_CONTEXT(2) 
PARAMETRIC_REPRESENTATION_CONTEXT() REPRESENTATION_CONTEXT('2D SPACE',''
  ) );
#4696 = PCURVE('',#4697,#4710);
#4697 = ( BOUNDED_SURFACE() B_SPLINE_SURFACE(3,2,(
    (#4698,#4699,#4700)
    ,(#4701,#4702,#4703)
    ,(#4704,#4705,#4706)
    ,(#4707,#4708,#4709
)),.UNSPECIFIED.,.F.,.F.,.F.) B_SPLINE_SURFACE_WITH_KNOTS((4,4),(3,3),(
    -3.124128560017E-15,1.595594504926E-04),(0.,1.),
.PIECEWISE_BEZIER_KNOTS.) GEOMETRIC_REPRESENTATION_ITEM() 
RATIONAL_B_SPLINE_SURFACE((
    (1.,0.998669850759,1.)
    ,(1.,0.99955711872,1.)
    ,(1.,0.999999770687,1.)
,(1.,1.,1.))) REPRESENTATION_ITEM('') SURFACE() );
#4698 = CARTESIAN_POINT('',(0.254573187374,1.E-01,2.705777557614));
#4699 = CARTESIAN_POINT('',(0.255494740035,8.788221935069E-02,
    2.696174664558));
#4700 = CARTESIAN_POINT('',(0.254823570006,7.58288696484E-02,
    2.686470453412));
#4701 = CARTESIAN_POINT('',(0.251513801966,6.685486229109E-02,
    2.73765739709));
#4702 = CARTESIAN_POINT('',(0.251827455932,5.885043399115E-02,
    2.731157653922));
#4703 = CARTESIAN_POINT('',(0.251602213173,5.079422896726E-02,
    2.724720424224));
#4704 = CARTESIAN_POINT('',(0.25,3.350096048545E-02,2.769498556092));
#4705 = CARTESIAN_POINT('',(0.249999998996,2.949218973363E-02,
    2.766250719508));
#4706 = CARTESIAN_POINT('',(0.25,2.548385999298E-02,2.763002957471));
#4707 = CARTESIAN_POINT('',(0.25,-1.048650382294E-13,2.801304834898));
#4708 = CARTESIAN_POINT('',(0.25,-5.230412051268E-14,2.801304834898));
#4709 = CARTESIAN_POINT('',(0.25,2.567972040453E-16,2.801304834898));
#4710 = DEFINITIONAL_REPRESENTATION('',(#4711),#4737);
#4711 = B_SPLINE_CURVE_WITH_KNOTS('',3,(#4712,#4713,#4714,#4715,#4716,
    #4717,#4718,#4719,#4720,#4721,#4722,#4723,#4724,#4725,#4726,#4727,
    #4728,#4729,#4730,#4731,#4732,#4733,#4734,#4735,#4736),
  .UNSPECIFIED.,.F.,.F.,(4,1,1,1,1,1,1,1,1,1,1,1,1,1,1,1,1,1,1,1,1,1,4),
  (0.,6.289760851425E-06,1.257952170285E-05,1.886928255428E-05,
    2.51590434057E-05,3.144880425713E-05,3.773856510855E-05,
    4.402832595998E-05,5.03180868114E-05,5.660784766283E-05,
    6.289760851425E-05,6.918736936568E-05,7.547713021711E-05,
    8.176689106853E-05,8.805665191996E-05,9.434641277138E-05,
    1.006361736228E-04,1.069259344742E-04,1.132156953257E-04,
    1.195054561771E-04,1.257952170285E-04,1.320849778799E-04,
    1.383747387314E-04),.QUASI_UNIFORM_KNOTS.);
#4712 = CARTESIAN_POINT('',(-3.124128560017E-15,0.));
#4713 = CARTESIAN_POINT('',(2.419400950487E-06,-5.399752214311E-10));
#4714 = CARTESIAN_POINT('',(7.25822021313E-06,-9.952820036823E-07));
#4715 = CARTESIAN_POINT('',(1.451642590138E-05,-5.500235998508E-06));
#4716 = CARTESIAN_POINT('',(2.177453313701E-05,-1.304814452736E-05));
#4717 = CARTESIAN_POINT('',(2.903246658539E-05,-2.367521514878E-05));
#4718 = CARTESIAN_POINT('',(3.629015075053E-05,-3.738471547472E-05));
#4719 = CARTESIAN_POINT('',(4.354751033724E-05,-5.429209457267E-05));
#4720 = CARTESIAN_POINT('',(5.080446895744E-05,-7.408363382173E-05));
#4721 = CARTESIAN_POINT('',(5.806095402331E-05,-9.80368434929E-05));
#4722 = CARTESIAN_POINT('',(6.531687854824E-05,-1.214803842076E-04));
#4723 = CARTESIAN_POINT('',(7.25722091293E-05,-1.619341960097E-04));
#4724 = CARTESIAN_POINT('',(7.982671229488E-05,-1.540893633494E-04));
#4725 = CARTESIAN_POINT('',(8.708047092585E-05,-1.561913799255E-04));
#4726 = CARTESIAN_POINT('',(9.433337700479E-05,-1.556281462814E-04));
#4727 = CARTESIAN_POINT('',(1.015853661437E-04,-1.557790642815E-04));
#4728 = CARTESIAN_POINT('',(1.088363622946E-04,-1.557386259252E-04));
#4729 = CARTESIAN_POINT('',(1.160862927129E-04,-1.557494613504E-04));
#4730 = CARTESIAN_POINT('',(1.233350834509E-04,-1.557465580056E-04));
#4731 = CARTESIAN_POINT('',(1.305826624788E-04,-1.557473359597E-04));
#4732 = CARTESIAN_POINT('',(1.378289517631E-04,-1.557471274883E-04));
#4733 = CARTESIAN_POINT('',(1.450738958873E-04,-1.557471834196E-04));
#4734 = CARTESIAN_POINT('',(1.523173555475E-04,-1.557471681656E-04));
#4735 = CARTESIAN_POINT('',(1.571455328303E-04,-1.557471715554E-04));
#4736 = CARTESIAN_POINT('',(1.595594504926E-04,-1.557471715554E-04));
#4737 = ( GEOMETRIC_REPRESENTATION_CONTEXT(2) 
PARAMETRIC_REPRESENTATION_CONTEXT() REPRESENTATION_CONTEXT('2D SPACE',''
  ) );
#4738 = ORIENTED_EDGE('',*,*,#2235,.F.);
#4739 = ADVANCED_FACE('',(#4740),#2118,.T.);
#4740 = FACE_BOUND('',#4741,.T.);
#4741 = EDGE_LOOP('',(#4742,#4743,#4869,#4870));
#4742 = ORIENTED_EDGE('',*,*,#2103,.T.);
#4743 = ORIENTED_EDGE('',*,*,#4744,.T.);
#4744 = EDGE_CURVE('',#2033,#2952,#4745,.T.);
#4745 = SURFACE_CURVE('',#4746,(#4767,#4818),.PCURVE_S1.);
#4746 = B_SPLINE_CURVE_WITH_KNOTS('',3,(#4747,#4748,#4749,#4750,#4751,
    #4752,#4753,#4754,#4755,#4756,#4757,#4758,#4759,#4760,#4761,#4762,
    #4763,#4764,#4765,#4766),.UNSPECIFIED.,.F.,.F.,(4,2,2,2,2,2,2,2,2,4)
  ,(2.143002498985E-14,1.371634328535E-04,2.743268656855E-04,
    5.486537313496E-04,8.229805970137E-04,1.097307462678E-03,
    1.371634328342E-03,1.645961194006E-03,1.92028805967E-03,
    2.194614925334E-03),.UNSPECIFIED.);
#4747 = CARTESIAN_POINT('',(0.254573187376,-1.E-01,2.705777557591));
#4748 = CARTESIAN_POINT('',(0.257983324884,-0.130247763932,
    2.670242761556));
#4749 = CARTESIAN_POINT('',(0.263610228432,-0.165190234919,
    2.641124589312));
#4750 = CARTESIAN_POINT('',(0.279882934964,-0.23574551868,2.585246796901
    ));
#4751 = CARTESIAN_POINT('',(0.290514807554,-0.271840868442,
    2.559072538457));
#4752 = CARTESIAN_POINT('',(0.330618255741,-0.379551041731,
    2.482363633112));
#4753 = CARTESIAN_POINT('',(0.367705357229,-0.449181873959,
    2.434787351099));
#4754 = CARTESIAN_POINT('',(0.463805278451,-0.573374937054,2.33902775893
    ));
#4755 = CARTESIAN_POINT('',(0.522395198935,-0.626724533353,
    2.291136309215));
#4756 = CARTESIAN_POINT('',(0.657263771876,-0.710109786836,
    2.198512110722));
#4757 = CARTESIAN_POINT('',(0.734236190897,-0.740286052107,
    2.153584000636));
#4758 = CARTESIAN_POINT('',(0.895222355818,-0.766710350732,
    2.070223459016));
#4759 = CARTESIAN_POINT('',(0.981254496779,-0.762099609345,
    2.030256654831));
#4760 = CARTESIAN_POINT('',(1.144269273491,-0.717109220191,
    1.962199666017));
#4761 = CARTESIAN_POINT('',(1.224261811833,-0.676442966357,
    1.933092648396));
#4762 = CARTESIAN_POINT('',(1.362619009634,-0.565512247787,
    1.888586324696));
#4763 = CARTESIAN_POINT('',(1.421411264774,-0.494124166084,
    1.872474647423));
#4764 = CARTESIAN_POINT('',(1.510528905664,-0.334466555501,
    1.852991802929));
#4765 = CARTESIAN_POINT('',(1.541469843426,-0.247019414053,1.84956697168
    ));
#4766 = CARTESIAN_POINT('',(1.560045055577,-0.156425635987,
    1.851779477782));
#4767 = PCURVE('',#2118,#4768);
#4768 = DEFINITIONAL_REPRESENTATION('',(#4769),#4817);
#4769 = B_SPLINE_CURVE_WITH_KNOTS('',3,(#4770,#4771,#4772,#4773,#4774,
    #4775,#4776,#4777,#4778,#4779,#4780,#4781,#4782,#4783,#4784,#4785,
    #4786,#4787,#4788,#4789,#4790,#4791,#4792,#4793,#4794,#4795,#4796,
    #4797,#4798,#4799,#4800,#4801,#4802,#4803,#4804,#4805,#4806,#4807,
    #4808,#4809,#4810,#4811,#4812,#4813,#4814,#4815,#4816),
  .UNSPECIFIED.,.F.,.F.,(4,1,1,1,1,1,1,1,1,1,1,1,1,1,1,1,1,1,1,1,1,1,1,1
    ,1,1,1,1,1,1,1,1,1,1,1,1,1,1,1,1,1,1,1,1,4),(2.143002498985E-14,
    4.987761196035E-05,9.975522389928E-05,1.496328358382E-04,
    1.995104477771E-04,2.493880597161E-04,2.99265671655E-04,
    3.491432835939E-04,3.990208955328E-04,4.488985074717E-04,
    4.987761194107E-04,5.486537313496E-04,5.985313432885E-04,
    6.484089552274E-04,6.982865671664E-04,7.481641791053E-04,
    7.980417910442E-04,8.479194029831E-04,8.977970149221E-04,
    9.47674626861E-04,9.975522387999E-04,1.047429850739E-03,
    1.097307462678E-03,1.147185074617E-03,1.197062686556E-03,
    1.246940298495E-03,1.296817910433E-03,1.346695522372E-03,
    1.396573134311E-03,1.44645074625E-03,1.496328358189E-03,
    1.546205970128E-03,1.596083582067E-03,1.645961194006E-03,
    1.695838805945E-03,1.745716417884E-03,1.795594029823E-03,
    1.845471641762E-03,1.895349253701E-03,1.945226865639E-03,
    1.995104477578E-03,2.044982089517E-03,2.094859701456E-03,
    2.144737313395E-03,2.194614925334E-03),.QUASI_UNIFORM_KNOTS.);
#4770 = CARTESIAN_POINT('',(8.250489744684E-04,5.774103308322E-02));
#4771 = CARTESIAN_POINT('',(8.222216682571E-04,6.539020495707E-02));
#4772 = CARTESIAN_POINT('',(8.164139587433E-04,7.969582773596E-02));
#4773 = CARTESIAN_POINT('',(8.074825042446E-04,9.915160245227E-02));
#4774 = CARTESIAN_POINT('',(7.986197554894E-04,0.11776214234));
#4775 = CARTESIAN_POINT('',(7.899421262079E-04,0.136048147931));
#4776 = CARTESIAN_POINT('',(7.814360976523E-04,0.154168619066));
#4777 = CARTESIAN_POINT('',(7.731410681524E-04,0.172431701159));
#4778 = CARTESIAN_POINT('',(7.65152258004E-04,0.190839288152));
#4779 = CARTESIAN_POINT('',(7.574587125665E-04,0.20951420057));
#4780 = CARTESIAN_POINT('',(7.500559065008E-04,0.228565135488));
#4781 = CARTESIAN_POINT('',(7.429468013419E-04,0.248098114594));
#4782 = CARTESIAN_POINT('',(7.361281735655E-04,0.268228934724));
#4783 = CARTESIAN_POINT('',(7.296420787024E-04,0.28902404067));
#4784 = CARTESIAN_POINT('',(7.235059755888E-04,0.310436472873));
#4785 = CARTESIAN_POINT('',(7.176993227503E-04,0.33246922606));
#4786 = CARTESIAN_POINT('',(7.122385989283E-04,0.355113102888));
#4787 = CARTESIAN_POINT('',(7.071210646392E-04,0.378369428609));
#4788 = CARTESIAN_POINT('',(7.023471677484E-04,0.402239461723));
#4789 = CARTESIAN_POINT('',(6.979196173709E-04,0.426778749545));
#4790 = CARTESIAN_POINT('',(6.938745749518E-04,0.451919929274));
#4791 = CARTESIAN_POINT('',(6.902454944898E-04,0.477603847901));
#4792 = CARTESIAN_POINT('',(6.870726382916E-04,0.503779170894));
#4793 = CARTESIAN_POINT('',(6.843920427761E-04,0.530333959863));
#4794 = CARTESIAN_POINT('',(6.822730632883E-04,0.557373912811));
#4795 = CARTESIAN_POINT('',(6.807530847491E-04,0.584909046109));
#4796 = CARTESIAN_POINT('',(6.798457279967E-04,0.612718472832));
#4797 = CARTESIAN_POINT('',(6.795778216485E-04,0.640625897677));
#4798 = CARTESIAN_POINT('',(6.79978221966E-04,0.668445663499));
#4799 = CARTESIAN_POINT('',(6.810861743879E-04,0.69593341094));
#4800 = CARTESIAN_POINT('',(6.829173474092E-04,0.723320590082));
#4801 = CARTESIAN_POINT('',(6.854977721729E-04,0.750376926586));
#4802 = CARTESIAN_POINT('',(6.888570013826E-04,0.776903986308));
#4803 = CARTESIAN_POINT('',(6.930308748434E-04,0.80268144697));
#4804 = CARTESIAN_POINT('',(6.980438544998E-04,0.827469323136));
#4805 = CARTESIAN_POINT('',(7.039687421456E-04,0.851073569646));
#4806 = CARTESIAN_POINT('',(7.108336995328E-04,0.873396159601));
#4807 = CARTESIAN_POINT('',(7.186124566446E-04,0.894287230589));
#4808 = CARTESIAN_POINT('',(7.272752503128E-04,0.913613483309));
#4809 = CARTESIAN_POINT('',(7.367597289482E-04,0.931249420553));
#4810 = CARTESIAN_POINT('',(7.470545158078E-04,0.947068108623));
#4811 = CARTESIAN_POINT('',(7.58083650422E-04,0.961109176176));
#4812 = CARTESIAN_POINT('',(7.698468546135E-04,0.973405932871));
#4813 = CARTESIAN_POINT('',(7.82336202729E-04,0.983993115975));
#4814 = CARTESIAN_POINT('',(7.954486457882E-04,0.992926989962));
#4815 = CARTESIAN_POINT('',(8.045336683036E-04,0.997814568171));
#4816 = CARTESIAN_POINT('',(8.091442632729E-04,1.));
#4817 = ( GEOMETRIC_REPRESENTATION_CONTEXT(2) 
PARAMETRIC_REPRESENTATION_CONTEXT() REPRESENTATION_CONTEXT('2D SPACE',''
  ) );
#4818 = PCURVE('',#326,#4819);
#4819 = DEFINITIONAL_REPRESENTATION('',(#4820),#4868);
#4820 = B_SPLINE_CURVE_WITH_KNOTS('',3,(#4821,#4822,#4823,#4824,#4825,
    #4826,#4827,#4828,#4829,#4830,#4831,#4832,#4833,#4834,#4835,#4836,
    #4837,#4838,#4839,#4840,#4841,#4842,#4843,#4844,#4845,#4846,#4847,
    #4848,#4849,#4850,#4851,#4852,#4853,#4854,#4855,#4856,#4857,#4858,
    #4859,#4860,#4861,#4862,#4863,#4864,#4865,#4866,#4867),
  .UNSPECIFIED.,.F.,.F.,(4,1,1,1,1,1,1,1,1,1,1,1,1,1,1,1,1,1,1,1,1,1,1,1
    ,1,1,1,1,1,1,1,1,1,1,1,1,1,1,1,1,1,1,1,1,4),(2.143002498985E-14,
    4.987761196035E-05,9.975522389928E-05,1.496328358382E-04,
    1.995104477771E-04,2.493880597161E-04,2.99265671655E-04,
    3.491432835939E-04,3.990208955328E-04,4.488985074717E-04,
    4.987761194107E-04,5.486537313496E-04,5.985313432885E-04,
    6.484089552274E-04,6.982865671664E-04,7.481641791053E-04,
    7.980417910442E-04,8.479194029831E-04,8.977970149221E-04,
    9.47674626861E-04,9.975522387999E-04,1.047429850739E-03,
    1.097307462678E-03,1.147185074617E-03,1.197062686556E-03,
    1.246940298495E-03,1.296817910433E-03,1.346695522372E-03,
    1.396573134311E-03,1.44645074625E-03,1.496328358189E-03,
    1.546205970128E-03,1.596083582067E-03,1.645961194006E-03,
    1.695838805945E-03,1.745716417884E-03,1.795594029823E-03,
    1.845471641762E-03,1.895349253701E-03,1.945226865639E-03,
    1.995104477578E-03,2.044982089517E-03,2.094859701456E-03,
    2.144737313395E-03,2.194614925334E-03),.QUASI_UNIFORM_KNOTS.);
#4821 = CARTESIAN_POINT('',(-4.131569218691E-15,0.));
#4822 = CARTESIAN_POINT('',(2.109455326082E-05,1.097465589039E-04));
#4823 = CARTESIAN_POINT('',(6.315778552498E-05,1.476494104562E-04));
#4824 = CARTESIAN_POINT('',(1.260458435564E-04,-6.134693338053E-05));
#4825 = CARTESIAN_POINT('',(1.889454827203E-04,3.588899904766E-05));
#4826 = CARTESIAN_POINT('',(2.519086877866E-04,-1.462941423085E-05));
#4827 = CARTESIAN_POINT('',(3.149264108642E-04,-1.796364323376E-05));
#4828 = CARTESIAN_POINT('',(3.780031894551E-04,2.463466314766E-05));
#4829 = CARTESIAN_POINT('',(4.411748183117E-04,-1.972552027863E-05));
#4830 = CARTESIAN_POINT('',(5.044610229065E-04,-7.581906051355E-06));
#4831 = CARTESIAN_POINT('',(5.678529463779E-04,-1.179617953418E-05));
#4832 = CARTESIAN_POINT('',(6.313503076561E-04,-7.082699830158E-06));
#4833 = CARTESIAN_POINT('',(6.949518876847E-04,-2.172234516342E-05));
#4834 = CARTESIAN_POINT('',(7.586556034873E-04,8.719687613439E-05));
#4835 = CARTESIAN_POINT('',(8.226120311068E-04,7.522352230903E-05));
#4836 = CARTESIAN_POINT('',(8.867806910219E-04,5.001480314789E-05));
#4837 = CARTESIAN_POINT('',(9.511798947687E-04,1.859656637212E-05));
#4838 = CARTESIAN_POINT('',(1.015797997331E-03,1.627532886513E-06));
#4839 = CARTESIAN_POINT('',(1.08070876687E-03,-3.176182236355E-06));
#4840 = CARTESIAN_POINT('',(1.145463546767E-03,-5.077212795932E-05));
#4841 = CARTESIAN_POINT('',(1.210170961696E-03,-3.298989323112E-05));
#4842 = CARTESIAN_POINT('',(1.274908241171E-03,-4.422215116999E-05));
#4843 = CARTESIAN_POINT('',(1.339741530582E-03,-5.777292126867E-06));
#4844 = CARTESIAN_POINT('',(1.404832453089E-03,5.481995659227E-06));
#4845 = CARTESIAN_POINT('',(1.469974489942E-03,-2.756334901066E-05));
#4846 = CARTESIAN_POINT('',(1.53506430543E-03,6.196249999043E-05));
#4847 = CARTESIAN_POINT('',(1.600110721668E-03,1.229285172911E-04));
#4848 = CARTESIAN_POINT('',(1.665072171563E-03,1.341470769725E-04));
#4849 = CARTESIAN_POINT('',(1.72995380474E-03,4.602970266247E-05));
#4850 = CARTESIAN_POINT('',(1.794586159645E-03,-2.800735416201E-05));
#4851 = CARTESIAN_POINT('',(1.859147458307E-03,2.90349279793E-05));
#4852 = CARTESIAN_POINT('',(1.923671109344E-03,7.104961637593E-05));
#4853 = CARTESIAN_POINT('',(1.988123490556E-03,8.302677541919E-05));
#4854 = CARTESIAN_POINT('',(2.052465899959E-03,5.578154275255E-05));
#4855 = CARTESIAN_POINT('',(2.116709172674E-03,-2.433524156565E-05));
#4856 = CARTESIAN_POINT('',(2.180577468418E-03,-2.028990050817E-05));
#4857 = CARTESIAN_POINT('',(2.244197288821E-03,-2.053518018095E-05));
#4858 = CARTESIAN_POINT('',(2.307552653279E-03,-2.239806166352E-05));
#4859 = CARTESIAN_POINT('',(2.370642960816E-03,7.938020332267E-05));
#4860 = CARTESIAN_POINT('',(2.433454974165E-03,5.002412628028E-05));
#4861 = CARTESIAN_POINT('',(2.495931607136E-03,-4.056546787344E-05));
#4862 = CARTESIAN_POINT('',(2.557813951125E-03,-1.693698948338E-05));
#4863 = CARTESIAN_POINT('',(2.619321385267E-03,-2.471789821427E-05));
#4864 = CARTESIAN_POINT('',(2.680580090878E-03,-2.249365133945E-05));
#4865 = CARTESIAN_POINT('',(2.741730997934E-03,-3.063196758888E-05));
#4866 = CARTESIAN_POINT('',(2.782504355973E-03,-1.609115937186E-05));
#4867 = CARTESIAN_POINT('',(2.802913187677E-03,0.));
#4868 = ( GEOMETRIC_REPRESENTATION_CONTEXT(2) 
PARAMETRIC_REPRESENTATION_CONTEXT() REPRESENTATION_CONTEXT('2D SPACE',''
  ) );
#4869 = ORIENTED_EDGE('',*,*,#2951,.F.);
#4870 = ORIENTED_EDGE('',*,*,#3237,.F.);
#4871 = ADVANCED_FACE('',(#4872),#4033,.T.);
#4872 = FACE_BOUND('',#4873,.T.);
#4873 = EDGE_LOOP('',(#4874,#4920,#5044,#5045));
#4874 = ORIENTED_EDGE('',*,*,#4875,.F.);
#4875 = EDGE_CURVE('',#4876,#2551,#4878,.T.);
#4876 = VERTEX_POINT('',#4877);
#4877 = CARTESIAN_POINT('',(4.745426812624,0.1,2.705777557591));
#4878 = SURFACE_CURVE('',#4879,(#4884,#4913),.PCURVE_S1.);
#4879 = CIRCLE('',#4880,1.);
#4880 = AXIS2_PLACEMENT_3D('',#4881,#4882,#4883);
#4881 = CARTESIAN_POINT('',(3.75,0.1,2.801304834898));
#4882 = DIRECTION('',(0.,-1.,1.110223024625E-16));
#4883 = DIRECTION('',(1.,0.,0.));
#4884 = PCURVE('',#4033,#4885);
#4885 = DEFINITIONAL_REPRESENTATION('',(#4886),#4912);
#4886 = B_SPLINE_CURVE_WITH_KNOTS('',3,(#4887,#4888,#4889,#4890,#4891,
    #4892,#4893,#4894,#4895,#4896,#4897,#4898,#4899,#4900,#4901,#4902,
    #4903,#4904,#4905,#4906,#4907,#4908,#4909,#4910,#4911),
  .UNSPECIFIED.,.F.,.F.,(4,1,1,1,1,1,1,1,1,1,1,1,1,1,1,1,1,1,1,1,1,1,4),
  (6.187512141588,6.191860921842,6.196209702096,6.200558482351,
    6.204907262605,6.209256042859,6.213604823113,6.217953603367,
    6.222302383621,6.226651163875,6.23099994413,6.235348724384,
    6.239697504638,6.244046284892,6.248395065146,6.2527438454,
    6.257092625655,6.261441405909,6.265790186163,6.270138966417,
    6.274487746671,6.278836526925,6.28318530718),.QUASI_UNIFORM_KNOTS.);
#4887 = CARTESIAN_POINT('',(8.250489744687E-04,5.774103308318E-02));
#4888 = CARTESIAN_POINT('',(8.250489744687E-04,5.688571073004E-02));
#4889 = CARTESIAN_POINT('',(8.250489744687E-04,5.517338857795E-02));
#4890 = CARTESIAN_POINT('',(8.250489744687E-04,5.259983354254E-02));
#4891 = CARTESIAN_POINT('',(8.250489744687E-04,5.002116732936E-02));
#4892 = CARTESIAN_POINT('',(8.250489744687E-04,4.743735022033E-02));
#4893 = CARTESIAN_POINT('',(8.250489744687E-04,4.484834226618E-02));
#4894 = CARTESIAN_POINT('',(8.250489744687E-04,4.225410325184E-02));
#4895 = CARTESIAN_POINT('',(8.250489744687E-04,3.965459270224E-02));
#4896 = CARTESIAN_POINT('',(8.250489744687E-04,3.704976987726E-02));
#4897 = CARTESIAN_POINT('',(8.250489744687E-04,3.443959376958E-02));
#4898 = CARTESIAN_POINT('',(8.250489744687E-04,3.182402310165E-02));
#4899 = CARTESIAN_POINT('',(8.250489744687E-04,2.920301632292E-02));
#4900 = CARTESIAN_POINT('',(8.250489744687E-04,2.65765316069E-02));
#4901 = CARTESIAN_POINT('',(8.250489744687E-04,2.394452684828E-02));
#4902 = CARTESIAN_POINT('',(8.250489744687E-04,2.130695965997E-02));
#4903 = CARTESIAN_POINT('',(8.250489744687E-04,1.866378737011E-02));
#4904 = CARTESIAN_POINT('',(8.250489744687E-04,1.601496701902E-02));
#4905 = CARTESIAN_POINT('',(8.250489744687E-04,1.336045535633E-02));
#4906 = CARTESIAN_POINT('',(8.250489744687E-04,1.070020883716E-02));
#4907 = CARTESIAN_POINT('',(8.250489744687E-04,8.034183621818E-03));
#4908 = CARTESIAN_POINT('',(8.250489744687E-04,5.362335562108E-03));
#4909 = CARTESIAN_POINT('',(8.250489744687E-04,2.684620237366E-03));
#4910 = CARTESIAN_POINT('',(8.250489744687E-04,8.955352824262E-04));
#4911 = CARTESIAN_POINT('',(8.250489744687E-04,0.));
#4912 = ( GEOMETRIC_REPRESENTATION_CONTEXT(2) 
PARAMETRIC_REPRESENTATION_CONTEXT() REPRESENTATION_CONTEXT('2D SPACE',''
  ) );
#4913 = PCURVE('',#2566,#4914);
#4914 = DEFINITIONAL_REPRESENTATION('',(#4915),#4919);
#4915 = LINE('',#4916,#4917);
#4916 = CARTESIAN_POINT('',(9.424777960769,1.6));
#4917 = VECTOR('',#4918,1.);
#4918 = DIRECTION('',(-1.,0.));
#4919 = ( GEOMETRIC_REPRESENTATION_CONTEXT(2) 
PARAMETRIC_REPRESENTATION_CONTEXT() REPRESENTATION_CONTEXT('2D SPACE',''
  ) );
#4920 = ORIENTED_EDGE('',*,*,#4921,.T.);
#4921 = EDGE_CURVE('',#4876,#4278,#4922,.T.);
#4922 = SURFACE_CURVE('',#4923,(#4942,#4993),.PCURVE_S1.);
#4923 = B_SPLINE_CURVE_WITH_KNOTS('',3,(#4924,#4925,#4926,#4927,#4928,
    #4929,#4930,#4931,#4932,#4933,#4934,#4935,#4936,#4937,#4938,#4939,
    #4940,#4941),.UNSPECIFIED.,.F.,.F.,(4,2,2,2,2,2,2,2,4),(
    2.146310964238E-14,1.371938577712E-04,2.74387715521E-04,
    5.487754310206E-04,1.09755086202E-03,1.371938577519E-03,
    1.646326293019E-03,1.920714008518E-03,2.195101724018E-03),
  .UNSPECIFIED.);
#4924 = CARTESIAN_POINT('',(4.745426812624,0.1,2.705777557591));
#4925 = CARTESIAN_POINT('',(4.742017300927,0.130242213021,2.670249282715
    ));
#4926 = CARTESIAN_POINT('',(4.736390767088,0.165186694192,2.641127190732
    ));
#4927 = CARTESIAN_POINT('',(4.720114161745,0.235757331041,2.585237644605
    ));
#4928 = CARTESIAN_POINT('',(4.709478057252,0.271865925263,2.559054231436
    ));
#4929 = CARTESIAN_POINT('',(4.669348688574,0.379628026415,2.482309731235
    ));
#4930 = CARTESIAN_POINT('',(4.632296959184,0.449174834584,2.434791674319
    ));
#4931 = CARTESIAN_POINT('',(4.488180326651,0.635433595776,2.291179373428
    ));
#4932 = CARTESIAN_POINT('',(4.348028655632,0.726780170466,2.196182520728
    ));
#4933 = CARTESIAN_POINT('',(4.103906818007,0.766854745491,2.069772130518
    ));
#4934 = CARTESIAN_POINT('',(4.019760268872,0.762351350253,2.030686556689
    ));
#4935 = CARTESIAN_POINT('',(3.855093874634,0.716961714638,1.961927553587
    ));
#4936 = CARTESIAN_POINT('',(3.775430160252,0.676241213453,1.932987424279
    ));
#4937 = CARTESIAN_POINT('',(3.637278132385,0.565384429848,1.888559394566
    ));
#4938 = CARTESIAN_POINT('',(3.578343322146,0.493664124136,1.872423116642
    ));
#4939 = CARTESIAN_POINT('',(3.48980131273,0.335078509857,1.853061875828)
  );
#4940 = CARTESIAN_POINT('',(3.458540410331,0.247069422987,1.849565750348
    ));
#4941 = CARTESIAN_POINT('',(3.439954944423,0.156425635977,1.851779477781
    ));
#4942 = PCURVE('',#4033,#4943);
#4943 = DEFINITIONAL_REPRESENTATION('',(#4944),#4992);
#4944 = B_SPLINE_CURVE_WITH_KNOTS('',3,(#4945,#4946,#4947,#4948,#4949,
    #4950,#4951,#4952,#4953,#4954,#4955,#4956,#4957,#4958,#4959,#4960,
    #4961,#4962,#4963,#4964,#4965,#4966,#4967,#4968,#4969,#4970,#4971,
    #4972,#4973,#4974,#4975,#4976,#4977,#4978,#4979,#4980,#4981,#4982,
    #4983,#4984,#4985,#4986,#4987,#4988,#4989,#4990,#4991),
  .UNSPECIFIED.,.F.,.F.,(4,1,1,1,1,1,1,1,1,1,1,1,1,1,1,1,1,1,1,1,1,1,1,1
    ,1,1,1,1,1,1,1,1,1,1,1,1,1,1,1,1,1,1,1,1,4),(2.146310964238E-14,
    4.988867556684E-05,9.977735111221E-05,1.496660266576E-04,
    1.99554702203E-04,2.494433777483E-04,2.993320532937E-04,
    3.492207288391E-04,3.991094043845E-04,4.489980799298E-04,
    4.988867554752E-04,5.487754310206E-04,5.986641065659E-04,
    6.485527821113E-04,6.984414576567E-04,7.483301332021E-04,
    7.982188087474E-04,8.481074842928E-04,8.979961598382E-04,
    9.478848353836E-04,9.977735109289E-04,1.047662186474E-03,
    1.09755086202E-03,1.147439537565E-03,1.19732821311E-03,
    1.247216888656E-03,1.297105564201E-03,1.346994239747E-03,
    1.396882915292E-03,1.446771590837E-03,1.496660266383E-03,
    1.546548941928E-03,1.596437617473E-03,1.646326293019E-03,
    1.696214968564E-03,1.74610364411E-03,1.795992319655E-03,
    1.8458809952E-03,1.895769670746E-03,1.945658346291E-03,
    1.995547021836E-03,2.045435697382E-03,2.095324372927E-03,
    2.145213048473E-03,2.195101724018E-03),.QUASI_UNIFORM_KNOTS.);
#4945 = CARTESIAN_POINT('',(8.250489744687E-04,5.774103308318E-02));
#4946 = CARTESIAN_POINT('',(8.222221767036E-04,6.538881555142E-02));
#4947 = CARTESIAN_POINT('',(8.16414948839E-04,7.969323994595E-02));
#4948 = CARTESIAN_POINT('',(8.074828724957E-04,9.915073715251E-02));
#4949 = CARTESIAN_POINT('',(7.986184587608E-04,0.117764903643));
#4950 = CARTESIAN_POINT('',(7.899382833442E-04,0.136056205587));
#4951 = CARTESIAN_POINT('',(7.814291163532E-04,0.154183610249));
#4952 = CARTESIAN_POINT('',(7.731299929171E-04,0.17245651495));
#4953 = CARTESIAN_POINT('',(7.65142115971E-04,0.190863163808));
#4954 = CARTESIAN_POINT('',(7.574517701393E-04,0.209531060405));
#4955 = CARTESIAN_POINT('',(7.500534938343E-04,0.228571509995));
#4956 = CARTESIAN_POINT('',(7.429476123481E-04,0.248094061178));
#4957 = CARTESIAN_POINT('',(7.361342684853E-04,0.26821707899));
#4958 = CARTESIAN_POINT('',(7.296373174914E-04,0.289012719293));
#4959 = CARTESIAN_POINT('',(7.234669706983E-04,0.310436629983));
#4960 = CARTESIAN_POINT('',(7.176175466173E-04,0.332487878685));
#4961 = CARTESIAN_POINT('',(7.121153894961E-04,0.355151181151));
#4962 = CARTESIAN_POINT('',(7.069687178683E-04,0.378418077652));
#4963 = CARTESIAN_POINT('',(7.021908746643E-04,0.402279396361));
#4964 = CARTESIAN_POINT('',(6.977957598759E-04,0.426728092934));
#4965 = CARTESIAN_POINT('',(6.937999279417E-04,0.451757643114));
#4966 = CARTESIAN_POINT('',(6.902205762917E-04,0.477367922596));
#4967 = CARTESIAN_POINT('',(6.870835815597E-04,0.503544577781));
#4968 = CARTESIAN_POINT('',(6.843957623044E-04,0.530335768034));
#4969 = CARTESIAN_POINT('',(6.822505407876E-04,0.557564570429));
#4970 = CARTESIAN_POINT('',(6.807253863646E-04,0.584998835631));
#4971 = CARTESIAN_POINT('',(6.798194329428E-04,0.612627889539));
#4972 = CARTESIAN_POINT('',(6.795591820934E-04,0.640377049889));
#4973 = CARTESIAN_POINT('',(6.799693945213E-04,0.668175188771));
#4974 = CARTESIAN_POINT('',(6.810855486085E-04,0.695965497192));
#4975 = CARTESIAN_POINT('',(6.829258803857E-04,0.723494825947));
#4976 = CARTESIAN_POINT('',(6.855152362312E-04,0.750607626811));
#4977 = CARTESIAN_POINT('',(6.888818099039E-04,0.777123667541));
#4978 = CARTESIAN_POINT('',(6.930610644368E-04,0.802857014168));
#4979 = CARTESIAN_POINT('',(6.980728126296E-04,0.827596070134));
#4980 = CARTESIAN_POINT('',(7.040011936041E-04,0.851181141364));
#4981 = CARTESIAN_POINT('',(7.108784169658E-04,0.873501436218));
#4982 = CARTESIAN_POINT('',(7.18665776035E-04,0.894388809692));
#4983 = CARTESIAN_POINT('',(7.273229061999E-04,0.913692663823));
#4984 = CARTESIAN_POINT('',(7.367791013678E-04,0.93127619956));
#4985 = CARTESIAN_POINT('',(7.469989822527E-04,0.946985346741));
#4986 = CARTESIAN_POINT('',(7.580037823746E-04,0.961000841154));
#4987 = CARTESIAN_POINT('',(7.697721911908E-04,0.973313471431));
#4988 = CARTESIAN_POINT('',(7.82287408296E-04,0.983939144121));
#4989 = CARTESIAN_POINT('',(7.954317591744E-04,0.992911739824));
#4990 = CARTESIAN_POINT('',(8.045309986893E-04,0.997813529079));
#4991 = CARTESIAN_POINT('',(8.09144263276E-04,1.));
#4992 = ( GEOMETRIC_REPRESENTATION_CONTEXT(2) 
PARAMETRIC_REPRESENTATION_CONTEXT() REPRESENTATION_CONTEXT('2D SPACE',''
  ) );
#4993 = PCURVE('',#1100,#4994);
#4994 = DEFINITIONAL_REPRESENTATION('',(#4995),#5043);
#4995 = B_SPLINE_CURVE_WITH_KNOTS('',3,(#4996,#4997,#4998,#4999,#5000,
    #5001,#5002,#5003,#5004,#5005,#5006,#5007,#5008,#5009,#5010,#5011,
    #5012,#5013,#5014,#5015,#5016,#5017,#5018,#5019,#5020,#5021,#5022,
    #5023,#5024,#5025,#5026,#5027,#5028,#5029,#5030,#5031,#5032,#5033,
    #5034,#5035,#5036,#5037,#5038,#5039,#5040,#5041,#5042),
  .UNSPECIFIED.,.F.,.F.,(4,1,1,1,1,1,1,1,1,1,1,1,1,1,1,1,1,1,1,1,1,1,1,1
    ,1,1,1,1,1,1,1,1,1,1,1,1,1,1,1,1,1,1,1,1,4),(2.146310964238E-14,
    4.988867556684E-05,9.977735111221E-05,1.496660266576E-04,
    1.99554702203E-04,2.494433777483E-04,2.993320532937E-04,
    3.492207288391E-04,3.991094043845E-04,4.489980799298E-04,
    4.988867554752E-04,5.487754310206E-04,5.986641065659E-04,
    6.485527821113E-04,6.984414576567E-04,7.483301332021E-04,
    7.982188087474E-04,8.481074842928E-04,8.979961598382E-04,
    9.478848353836E-04,9.977735109289E-04,1.047662186474E-03,
    1.09755086202E-03,1.147439537565E-03,1.19732821311E-03,
    1.247216888656E-03,1.297105564201E-03,1.346994239747E-03,
    1.396882915292E-03,1.446771590837E-03,1.496660266383E-03,
    1.546548941928E-03,1.596437617473E-03,1.646326293019E-03,
    1.696214968564E-03,1.74610364411E-03,1.795992319655E-03,
    1.8458809952E-03,1.895769670746E-03,1.945658346291E-03,
    1.995547021836E-03,2.045435697382E-03,2.095324372927E-03,
    2.145213048473E-03,2.195101724018E-03),.QUASI_UNIFORM_KNOTS.);
#4996 = CARTESIAN_POINT('',(2.828339263901E-03,1.));
#4997 = CARTESIAN_POINT('',(2.807033828082E-03,0.999878288191));
#4998 = CARTESIAN_POINT('',(2.764549854394E-03,0.999837134346));
#4999 = CARTESIAN_POINT('',(2.701032422685E-03,1.000070408003));
#5000 = CARTESIAN_POINT('',(2.637503275053E-03,0.999963637126));
#5001 = CARTESIAN_POINT('',(2.573910445781E-03,1.000013126999));
#5002 = CARTESIAN_POINT('',(2.51026255243E-03,1.000023535865));
#5003 = CARTESIAN_POINT('',(2.446554956658E-03,0.999975133024));
#5004 = CARTESIAN_POINT('',(2.382752231108E-03,1.000023890881));
#5005 = CARTESIAN_POINT('',(2.318833725224E-03,1.000011706939));
#5006 = CARTESIAN_POINT('',(2.254808543412E-03,1.000011684849));
#5007 = CARTESIAN_POINT('',(2.190673588117E-03,1.000023957152));
#5008 = CARTESIAN_POINT('',(2.126440646955E-03,0.99997489003));
#5009 = CARTESIAN_POINT('',(2.06207091468E-03,1.000081603993));
#5010 = CARTESIAN_POINT('',(1.997471440158E-03,1.000047785584));
#5011 = CARTESIAN_POINT('',(1.932749764756E-03,1.000052195398));
#5012 = CARTESIAN_POINT('',(1.867965767267E-03,1.000046892211));
#5013 = CARTESIAN_POINT('',(1.80317620712E-03,1.000044640643));
#5014 = CARTESIAN_POINT('',(1.738483480338E-03,1.000042092937));
#5015 = CARTESIAN_POINT('',(1.673613941553E-03,1.000039629607));
#5016 = CARTESIAN_POINT('',(1.608596996197E-03,1.000038612216));
#5017 = CARTESIAN_POINT('',(1.543447154957E-03,1.000032910026));
#5018 = CARTESIAN_POINT('',(1.478184693647E-03,1.000045478769));
#5019 = CARTESIAN_POINT('',(1.412849530796E-03,0.999990466241));
#5020 = CARTESIAN_POINT('',(1.347428306346E-03,0.99999363651));
#5021 = CARTESIAN_POINT('',(1.281965276711E-03,0.999943071505));
#5022 = CARTESIAN_POINT('',(1.216483513356E-03,0.999928605227));
#5023 = CARTESIAN_POINT('',(1.151012307698E-03,0.999946230947));
#5024 = CARTESIAN_POINT('',(1.085589835139E-03,0.99999282965));
#5025 = CARTESIAN_POINT('',(1.020212348915E-03,1.000003046547));
#5026 = CARTESIAN_POINT('',(9.548095426279E-04,0.99992557607));
#5027 = CARTESIAN_POINT('',(8.89463273858E-04,0.999880410902));
#5028 = CARTESIAN_POINT('',(8.242138659889E-04,0.999894026025));
#5029 = CARTESIAN_POINT('',(7.591227595254E-04,0.999955350257));
#5030 = CARTESIAN_POINT('',(6.942427593014E-04,1.000027707188));
#5031 = CARTESIAN_POINT('',(6.29691631343E-04,1.000016224474));
#5032 = CARTESIAN_POINT('',(5.65310323305E-04,1.000033419132));
#5033 = CARTESIAN_POINT('',(5.011655295737E-04,0.999932502481));
#5034 = CARTESIAN_POINT('',(4.372898177503E-04,0.999883008436));
#5035 = CARTESIAN_POINT('',(3.737159678228E-04,0.999954257594));
#5036 = CARTESIAN_POINT('',(3.105977323468E-04,1.000018079916));
#5037 = CARTESIAN_POINT('',(2.478310557882E-04,1.000012229583));
#5038 = CARTESIAN_POINT('',(1.853733878161E-04,1.000015405238));
#5039 = CARTESIAN_POINT('',(1.232339768336E-04,1.00000855295));
#5040 = CARTESIAN_POINT('',(6.14172141106E-05,1.00000143867));
#5041 = CARTESIAN_POINT('',(2.04330204496E-05,0.999999381418));
#5042 = CARTESIAN_POINT('',(5.108489586209E-16,1.));
#5043 = ( GEOMETRIC_REPRESENTATION_CONTEXT(2) 
PARAMETRIC_REPRESENTATION_CONTEXT() REPRESENTATION_CONTEXT('2D SPACE',''
  ) );
#5044 = ORIENTED_EDGE('',*,*,#4277,.F.);
#5045 = ORIENTED_EDGE('',*,*,#3988,.F.);
#5046 = ADVANCED_FACE('',(#5047),#2566,.T.);
#5047 = FACE_BOUND('',#5048,.T.);
#5048 = EDGE_LOOP('',(#5049,#5050,#5119));
#5049 = ORIENTED_EDGE('',*,*,#2550,.F.);
#5050 = ORIENTED_EDGE('',*,*,#5051,.T.);
#5051 = EDGE_CURVE('',#1213,#4876,#5052,.T.);
#5052 = SURFACE_CURVE('',#5053,(#5061,#5090),.PCURVE_S1.);
#5053 = B_SPLINE_CURVE_WITH_KNOTS('',3,(#5054,#5055,#5056,#5057,#5058,
    #5059,#5060),.UNSPECIFIED.,.F.,.F.,(4,3,4),(-8.31044832908E-06,0.,
    1.300642904022E-04),.UNSPECIFIED.);
#5054 = CARTESIAN_POINT('',(4.75,2.839022583576E-16,2.801304834898));
#5055 = CARTESIAN_POINT('',(4.75,2.008913551475E-03,2.799397482209));
#5056 = CARTESIAN_POINT('',(4.749994545155,4.018186761037E-03,
    2.79749050044));
#5057 = CARTESIAN_POINT('',(4.749983628955,6.026728960809E-03,
    2.795582787935));
#5058 = CARTESIAN_POINT('',(4.749812782852,3.746180991091E-02,
    2.76572576175));
#5059 = CARTESIAN_POINT('',(4.748304639831,6.882185034462E-02,
    2.73576549869));
#5060 = CARTESIAN_POINT('',(4.745426812624,0.1,2.705777557591));
#5061 = PCURVE('',#2566,#5062);
#5062 = DEFINITIONAL_REPRESENTATION('',(#5063),#5089);
#5063 = B_SPLINE_CURVE_WITH_KNOTS('',3,(#5064,#5065,#5066,#5067,#5068,
    #5069,#5070,#5071,#5072,#5073,#5074,#5075,#5076,#5077,#5078,#5079,
    #5080,#5081,#5082,#5083,#5084,#5085,#5086,#5087,#5088),
  .UNSPECIFIED.,.F.,.F.,(4,1,1,1,1,1,1,1,1,1,1,1,1,1,1,1,1,1,1,1,1,1,4),
  (-8.31044832908E-06,-2.020687477659E-06,4.269073373761E-06,
    1.055883422518E-05,1.68485950766E-05,2.313835592802E-05,
    2.942811677944E-05,3.571787763086E-05,4.200763848228E-05,
    4.82973993337E-05,5.458716018512E-05,6.087692103655E-05,
    6.716668188797E-05,7.345644273939E-05,7.974620359081E-05,
    8.603596444223E-05,9.232572529365E-05,9.861548614507E-05,
    1.049052469965E-04,1.111950078479E-04,1.174847686993E-04,
    1.237745295507E-04,1.300642904022E-04),.UNSPECIFIED.);
#5064 = CARTESIAN_POINT('',(3.14159265359,1.5));
#5065 = CARTESIAN_POINT('',(3.143036009484,1.501520676329));
#5066 = CARTESIAN_POINT('',(3.145923038032,1.504561668613));
#5067 = CARTESIAN_POINT('',(3.150254826369,1.509122040061));
#5068 = CARTESIAN_POINT('',(3.154588333891,1.513681236245));
#5069 = CARTESIAN_POINT('',(3.158923409748,1.518239277381));
#5070 = CARTESIAN_POINT('',(3.16326013297,1.522796066121));
#5071 = CARTESIAN_POINT('',(3.167598521259,1.527351536621));
#5072 = CARTESIAN_POINT('',(3.171938609019,1.531905614593));
#5073 = CARTESIAN_POINT('',(3.176280426448,1.536458228012));
#5074 = CARTESIAN_POINT('',(3.180624005142,1.541009304248));
#5075 = CARTESIAN_POINT('',(3.184969376591,1.545558770831));
#5076 = CARTESIAN_POINT('',(3.189316572583,1.550106555251));
#5077 = CARTESIAN_POINT('',(3.1936656251,1.554652585007));
#5078 = CARTESIAN_POINT('',(3.198016566341,1.559196787594));
#5079 = CARTESIAN_POINT('',(3.202369428718,1.563739090511));
#5080 = CARTESIAN_POINT('',(3.206724244857,1.568279421255));
#5081 = CARTESIAN_POINT('',(3.2110810476,1.572817707322));
#5082 = CARTESIAN_POINT('',(3.21543987,1.577353876211));
#5083 = CARTESIAN_POINT('',(3.219800745328,1.581887855417));
#5084 = CARTESIAN_POINT('',(3.224163707064,1.586419572438));
#5085 = CARTESIAN_POINT('',(3.228528788909,1.590948954772));
#5086 = CARTESIAN_POINT('',(3.232896024759,1.595475929916));
#5087 = CARTESIAN_POINT('',(3.235808974119,1.598492260216));
#5088 = CARTESIAN_POINT('',(3.237265819181,1.6));
#5089 = ( GEOMETRIC_REPRESENTATION_CONTEXT(2) 
PARAMETRIC_REPRESENTATION_CONTEXT() REPRESENTATION_CONTEXT('2D SPACE',''
  ) );
#5090 = PCURVE('',#1254,#5091);
#5091 = DEFINITIONAL_REPRESENTATION('',(#5092),#5118);
#5092 = B_SPLINE_CURVE_WITH_KNOTS('',3,(#5093,#5094,#5095,#5096,#5097,
    #5098,#5099,#5100,#5101,#5102,#5103,#5104,#5105,#5106,#5107,#5108,
    #5109,#5110,#5111,#5112,#5113,#5114,#5115,#5116,#5117),
  .UNSPECIFIED.,.F.,.F.,(4,1,1,1,1,1,1,1,1,1,1,1,1,1,1,1,1,1,1,1,1,1,4),
  (-8.31044832908E-06,-2.020687477659E-06,4.269073373761E-06,
    1.055883422518E-05,1.68485950766E-05,2.313835592802E-05,
    2.942811677944E-05,3.571787763086E-05,4.200763848228E-05,
    4.82973993337E-05,5.458716018512E-05,6.087692103655E-05,
    6.716668188797E-05,7.345644273939E-05,7.974620359081E-05,
    8.603596444223E-05,9.232572529365E-05,9.861548614507E-05,
    1.049052469965E-04,1.111950078479E-04,1.174847686993E-04,
    1.237745295507E-04,1.300642904022E-04),.UNSPECIFIED.);
#5093 = CARTESIAN_POINT('',(1.595594504924E-04,1.000155747172));
#5094 = CARTESIAN_POINT('',(1.571455328302E-04,1.000155747172));
#5095 = CARTESIAN_POINT('',(1.523173555475E-04,1.000155747168));
#5096 = CARTESIAN_POINT('',(1.450738958874E-04,1.000155747183));
#5097 = CARTESIAN_POINT('',(1.378289517634E-04,1.000155747127));
#5098 = CARTESIAN_POINT('',(1.30582662479E-04,1.000155747336));
#5099 = CARTESIAN_POINT('',(1.233350834511E-04,1.000155746558));
#5100 = CARTESIAN_POINT('',(1.16086292713E-04,1.000155749461));
#5101 = CARTESIAN_POINT('',(1.088363622945E-04,1.000155738626));
#5102 = CARTESIAN_POINT('',(1.015853661436E-04,1.000155779064));
#5103 = CARTESIAN_POINT('',(9.433337700452E-05,1.000155628146));
#5104 = CARTESIAN_POINT('',(8.708047092547E-05,1.000156191382));
#5105 = CARTESIAN_POINT('',(7.982671229439E-05,1.000154089357));
#5106 = CARTESIAN_POINT('',(7.257220912882E-05,1.000161934221));
#5107 = CARTESIAN_POINT('',(6.531687854771E-05,1.000121480396));
#5108 = CARTESIAN_POINT('',(5.806095402281E-05,1.000098036854));
#5109 = CARTESIAN_POINT('',(5.080446895702E-05,1.000074083641));
#5110 = CARTESIAN_POINT('',(4.354751033699E-05,1.0000542921));
#5111 = CARTESIAN_POINT('',(3.629015075053E-05,1.000037384719));
#5112 = CARTESIAN_POINT('',(2.903246658574E-05,1.000023675217));
#5113 = CARTESIAN_POINT('',(2.177453313783E-05,1.000013048146));
#5114 = CARTESIAN_POINT('',(1.451642590279E-05,1.000005500237));
#5115 = CARTESIAN_POINT('',(7.258220215246E-06,1.000000995284));
#5116 = CARTESIAN_POINT('',(2.419400953238E-06,1.000000000541));
#5117 = CARTESIAN_POINT('',(0.,1.));
#5118 = ( GEOMETRIC_REPRESENTATION_CONTEXT(2) 
PARAMETRIC_REPRESENTATION_CONTEXT() REPRESENTATION_CONTEXT('2D SPACE',''
  ) );
#5119 = ORIENTED_EDGE('',*,*,#4875,.T.);
#5120 = ADVANCED_FACE('',(#5121),#1817,.T.);
#5121 = FACE_BOUND('',#5122,.T.);
#5122 = EDGE_LOOP('',(#5123,#5124,#5248,#5249));
#5123 = ORIENTED_EDGE('',*,*,#3160,.F.);
#5124 = ORIENTED_EDGE('',*,*,#5125,.T.);
#5125 = EDGE_CURVE('',#3093,#1794,#5126,.T.);
#5126 = SURFACE_CURVE('',#5127,(#5146,#5197),.PCURVE_S1.);
#5127 = B_SPLINE_CURVE_WITH_KNOTS('',3,(#5128,#5129,#5130,#5131,#5132,
    #5133,#5134,#5135,#5136,#5137,#5138,#5139,#5140,#5141,#5142,#5143,
    #5144,#5145),.UNSPECIFIED.,.F.,.F.,(4,2,2,2,2,2,2,2,4),(
    5.762674787574E-17,2.748497099365E-04,5.496994198729E-04,
    8.245491298094E-04,1.099398839746E-03,1.649098259619E-03,
    1.923947969555E-03,2.061372824523E-03,2.198797679492E-03),
  .UNSPECIFIED.);
#5128 = CARTESIAN_POINT('',(3.439954944423,-0.156425635976,
    1.851779477781));
#5129 = CARTESIAN_POINT('',(3.458523377396,-0.246986351101,
    1.849567779152));
#5130 = CARTESIAN_POINT('',(3.489447707428,-0.334401063498,
    1.852989146529));
#5131 = CARTESIAN_POINT('',(3.578514559453,-0.494014845042,
    1.872455977419));
#5132 = CARTESIAN_POINT('',(3.637268021854,-0.56538822382,1.888554527074
    ));
#5133 = CARTESIAN_POINT('',(3.775548218038,-0.67632402987,1.933027007574
    ));
#5134 = CARTESIAN_POINT('',(3.855498060412,-0.717005269744,
    1.962111294352));
#5135 = CARTESIAN_POINT('',(4.018442744333,-0.762055657691,
    2.030121520834));
#5136 = CARTESIAN_POINT('',(4.104306758544,-0.766773100227,
    2.069983663823));
#5137 = CARTESIAN_POINT('',(4.346896472832,-0.726997978175,
    2.195587391811));
#5138 = CARTESIAN_POINT('',(4.488221082976,-0.635400807985,
    2.291210081924));
#5139 = CARTESIAN_POINT('',(4.632325989047,-0.449127367601,
    2.434825557743));
#5140 = CARTESIAN_POINT('',(4.669402457171,-0.379505040394,
    2.482395638582));
#5141 = CARTESIAN_POINT('',(4.709494173567,-0.271811928602,
    2.559093526926));
#5142 = CARTESIAN_POINT('',(4.720123099108,-0.235722544726,
    2.585264158072));
#5143 = CARTESIAN_POINT('',(4.736391584201,-0.165179185549,
    2.641134174054));
#5144 = CARTESIAN_POINT('',(4.742017223265,-0.130242901879,
    2.670248473494));
#5145 = CARTESIAN_POINT('',(4.745426812624,-1.E-01,2.705777557591));
#5146 = PCURVE('',#1817,#5147);
#5147 = DEFINITIONAL_REPRESENTATION('',(#5148),#5196);
#5148 = B_SPLINE_CURVE_WITH_KNOTS('',3,(#5149,#5150,#5151,#5152,#5153,
    #5154,#5155,#5156,#5157,#5158,#5159,#5160,#5161,#5162,#5163,#5164,
    #5165,#5166,#5167,#5168,#5169,#5170,#5171,#5172,#5173,#5174,#5175,
    #5176,#5177,#5178,#5179,#5180,#5181,#5182,#5183,#5184,#5185,#5186,
    #5187,#5188,#5189,#5190,#5191,#5192,#5193,#5194,#5195),
  .UNSPECIFIED.,.F.,.F.,(4,1,1,1,1,1,1,1,1,1,1,1,1,1,1,1,1,1,1,1,1,1,1,1
    ,1,1,1,1,1,1,1,1,1,1,1,1,1,1,1,1,1,1,1,1,4),(5.762674787574E-17,
    4.997267453396E-05,9.994534906785E-05,1.499180236018E-04,
    1.998906981356E-04,2.498633726695E-04,2.998360472034E-04,
    3.498087217373E-04,3.997813962712E-04,4.497540708051E-04,
    4.99726745339E-04,5.496994198729E-04,5.996720944068E-04,
    6.496447689407E-04,6.996174434746E-04,7.495901180085E-04,
    7.995627925424E-04,8.495354670763E-04,8.995081416102E-04,
    9.494808161441E-04,9.99453490678E-04,1.049426165212E-03,
    1.099398839746E-03,1.14937151428E-03,1.199344188814E-03,
    1.249316863347E-03,1.299289537881E-03,1.349262212415E-03,
    1.399234886949E-03,1.449207561483E-03,1.499180236017E-03,
    1.549152910551E-03,1.599125585085E-03,1.649098259619E-03,
    1.699070934153E-03,1.749043608686E-03,1.79901628322E-03,
    1.848988957754E-03,1.898961632288E-03,1.948934306822E-03,
    1.998906981356E-03,2.04887965589E-03,2.098852330424E-03,
    2.148825004958E-03,2.198797679492E-03),.QUASI_UNIFORM_KNOTS.);
#5149 = CARTESIAN_POINT('',(8.091442485815E-04,-7.366503666426E-07));
#5150 = CARTESIAN_POINT('',(8.045353467651E-04,2.184348031259E-03));
#5151 = CARTESIAN_POINT('',(7.954536278157E-04,7.070342416075E-03));
#5152 = CARTESIAN_POINT('',(7.82345749094E-04,1.599981001967E-02));
#5153 = CARTESIAN_POINT('',(7.698604129075E-04,2.658155422291E-02));
#5154 = CARTESIAN_POINT('',(7.581005719554E-04,3.887157695845E-02));
#5155 = CARTESIAN_POINT('',(7.470741768571E-04,5.290471996216E-02));
#5156 = CARTESIAN_POINT('',(7.367814297241E-04,6.8714360398E-02));
#5157 = CARTESIAN_POINT('',(7.27298410663E-04,8.6339663897E-02));
#5158 = CARTESIAN_POINT('',(7.186364439044E-04,0.105654139025));
#5159 = CARTESIAN_POINT('',(7.108577149201E-04,0.126532662725));
#5160 = CARTESIAN_POINT('',(7.039921159153E-04,0.148842274948));
#5161 = CARTESIAN_POINT('',(6.980658752107E-04,0.172433586046));
#5162 = CARTESIAN_POINT('',(6.930509833424E-04,0.197208528251));
#5163 = CARTESIAN_POINT('',(6.888748016604E-04,0.222972932707));
#5164 = CARTESIAN_POINT('',(6.85512866336E-04,0.24948715058));
#5165 = CARTESIAN_POINT('',(6.829293772205E-04,0.276531097176));
#5166 = CARTESIAN_POINT('',(6.810947625381E-04,0.303906423041));
#5167 = CARTESIAN_POINT('',(6.79983107988E-04,0.331383535904));
#5168 = CARTESIAN_POINT('',(6.795762992124E-04,0.359181114995));
#5169 = CARTESIAN_POINT('',(6.798377165783E-04,0.387072369667));
#5170 = CARTESIAN_POINT('',(6.807411086203E-04,0.414888495277));
#5171 = CARTESIAN_POINT('',(6.822592794287E-04,0.442458067573));
#5172 = CARTESIAN_POINT('',(6.843896660575E-04,0.469612744818));
#5173 = CARTESIAN_POINT('',(6.870628327238E-04,0.496233695418));
#5174 = CARTESIAN_POINT('',(6.90192946893E-04,0.52234365177));
#5175 = CARTESIAN_POINT('',(6.937697810052E-04,0.547924238049));
#5176 = CARTESIAN_POINT('',(6.977670547591E-04,0.57296574152));
#5177 = CARTESIAN_POINT('',(7.02166410914E-04,0.597453674683));
#5178 = CARTESIAN_POINT('',(7.06950381951E-04,0.621372525973));
#5179 = CARTESIAN_POINT('',(7.121041221219E-04,0.644705246804));
#5180 = CARTESIAN_POINT('',(7.176134071815E-04,0.667433709642));
#5181 = CARTESIAN_POINT('',(7.234690865894E-04,0.689540471095));
#5182 = CARTESIAN_POINT('',(7.296442080917E-04,0.711004161141));
#5183 = CARTESIAN_POINT('',(7.361426895936E-04,0.731810590556));
#5184 = CARTESIAN_POINT('',(7.429572627826E-04,0.751932756424));
#5185 = CARTESIAN_POINT('',(7.500666166939E-04,0.771462971817));
#5186 = CARTESIAN_POINT('',(7.574684084549E-04,0.790509997177));
#5187 = CARTESIAN_POINT('',(7.651611516986E-04,0.80918163438));
#5188 = CARTESIAN_POINT('',(7.731489700171E-04,0.827586004498));
#5189 = CARTESIAN_POINT('',(7.814428577286E-04,0.845845970758));
#5190 = CARTESIAN_POINT('',(7.899476644865E-04,0.863963535237));
#5191 = CARTESIAN_POINT('',(7.986239966623E-04,0.882246748133));
#5192 = CARTESIAN_POINT('',(8.074853572563E-04,0.900854574903));
#5193 = CARTESIAN_POINT('',(8.164153583151E-04,0.920307573553));
#5194 = CARTESIAN_POINT('',(8.222221221347E-04,0.934611021065));
#5195 = CARTESIAN_POINT('',(8.250489744687E-04,0.942258966917));
#5196 = ( GEOMETRIC_REPRESENTATION_CONTEXT(2) 
PARAMETRIC_REPRESENTATION_CONTEXT() REPRESENTATION_CONTEXT('2D SPACE',''
  ) );
#5197 = PCURVE('',#1531,#5198);
#5198 = DEFINITIONAL_REPRESENTATION('',(#5199),#5247);
#5199 = B_SPLINE_CURVE_WITH_KNOTS('',3,(#5200,#5201,#5202,#5203,#5204,
    #5205,#5206,#5207,#5208,#5209,#5210,#5211,#5212,#5213,#5214,#5215,
    #5216,#5217,#5218,#5219,#5220,#5221,#5222,#5223,#5224,#5225,#5226,
    #5227,#5228,#5229,#5230,#5231,#5232,#5233,#5234,#5235,#5236,#5237,
    #5238,#5239,#5240,#5241,#5242,#5243,#5244,#5245,#5246),
  .UNSPECIFIED.,.F.,.F.,(4,1,1,1,1,1,1,1,1,1,1,1,1,1,1,1,1,1,1,1,1,1,1,1
    ,1,1,1,1,1,1,1,1,1,1,1,1,1,1,1,1,1,1,1,1,4),(5.762674787574E-17,
    4.997267453396E-05,9.994534906785E-05,1.499180236018E-04,
    1.998906981356E-04,2.498633726695E-04,2.998360472034E-04,
    3.498087217373E-04,3.997813962712E-04,4.497540708051E-04,
    4.99726745339E-04,5.496994198729E-04,5.996720944068E-04,
    6.496447689407E-04,6.996174434746E-04,7.495901180085E-04,
    7.995627925424E-04,8.495354670763E-04,8.995081416102E-04,
    9.494808161441E-04,9.99453490678E-04,1.049426165212E-03,
    1.099398839746E-03,1.14937151428E-03,1.199344188814E-03,
    1.249316863347E-03,1.299289537881E-03,1.349262212415E-03,
    1.399234886949E-03,1.449207561483E-03,1.499180236017E-03,
    1.549152910551E-03,1.599125585085E-03,1.649098259619E-03,
    1.699070934153E-03,1.749043608686E-03,1.79901628322E-03,
    1.848988957754E-03,1.898961632288E-03,1.948934306822E-03,
    1.998906981356E-03,2.04887965589E-03,2.098852330424E-03,
    2.148825004958E-03,2.198797679492E-03),.QUASI_UNIFORM_KNOTS.);
#5200 = CARTESIAN_POINT('',(2.80291318766E-03,1.));
#5201 = CARTESIAN_POINT('',(2.782511804256E-03,1.000016091241));
#5202 = CARTESIAN_POINT('',(2.741753455881E-03,1.000030632724));
#5203 = CARTESIAN_POINT('',(2.680625304364E-03,1.000022493596));
#5204 = CARTESIAN_POINT('',(2.619389501434E-03,1.000024723312));
#5205 = CARTESIAN_POINT('',(2.557905008356E-03,1.000016922138));
#5206 = CARTESIAN_POINT('',(2.496045611463E-03,1.000040626132));
#5207 = CARTESIAN_POINT('',(2.433591621255E-03,0.999949753995));
#5208 = CARTESIAN_POINT('',(2.370802933498E-03,0.999920543127));
#5209 = CARTESIAN_POINT('',(2.307736738475E-03,1.000025045664));
#5210 = CARTESIAN_POINT('',(2.24440584214E-03,1.000019832716));
#5211 = CARTESIAN_POINT('',(2.180810480492E-03,1.000020449551));
#5212 = CARTESIAN_POINT('',(2.116966582798E-03,1.000024393246));
#5213 = CARTESIAN_POINT('',(2.052745614846E-03,0.999943826789));
#5214 = CARTESIAN_POINT('',(1.988426413006E-03,0.999916900386));
#5215 = CARTESIAN_POINT('',(1.92399794844E-03,0.999929464857));
#5216 = CARTESIAN_POINT('',(1.859498690446E-03,0.999971672847));
#5217 = CARTESIAN_POINT('',(1.794962837329E-03,1.0000292224));
#5218 = CARTESIAN_POINT('',(1.730354155936E-03,0.9999517649));
#5219 = CARTESIAN_POINT('',(1.665519711607E-03,0.999911135678));
#5220 = CARTESIAN_POINT('',(1.600597598742E-03,0.999951539535));
#5221 = CARTESIAN_POINT('',(1.535540401318E-03,1.000023587419));
#5222 = CARTESIAN_POINT('',(1.470377670117E-03,1.000012440454));
#5223 = CARTESIAN_POINT('',(1.404960929567E-03,0.999988500089));
#5224 = CARTESIAN_POINT('',(1.339721068931E-03,1.000045991299));
#5225 = CARTESIAN_POINT('',(1.275108388877E-03,1.00003275005));
#5226 = CARTESIAN_POINT('',(1.210717604222E-03,1.000038627279));
#5227 = CARTESIAN_POINT('',(1.146362693866E-03,1.000039595098));
#5228 = CARTESIAN_POINT('',(1.081829673838E-03,1.00004207276));
#5229 = CARTESIAN_POINT('',(1.016823357575E-03,1.00004461636));
#5230 = CARTESIAN_POINT('',(9.519630176326E-04,1.00004688556));
#5231 = CARTESIAN_POINT('',(8.872547040469E-04,1.000052151337));
#5232 = CARTESIAN_POINT('',(8.22783598113E-04,1.000047911925));
#5233 = CARTESIAN_POINT('',(7.585929279549E-04,1.000081126089));
#5234 = CARTESIAN_POINT('',(6.948231528326E-04,0.9999766922));
#5235 = CARTESIAN_POINT('',(6.312526344713E-04,1.000019146353));
#5236 = CARTESIAN_POINT('',(5.677599921559E-04,1.000008571712));
#5237 = CARTESIAN_POINT('',(5.043796996982E-04,1.000008416122));
#5238 = CARTESIAN_POINT('',(4.411032707827E-04,1.000019613123));
#5239 = CARTESIAN_POINT('',(3.779421717545E-04,0.999974980709));
#5240 = CARTESIAN_POINT('',(3.148757787434E-04,1.000018052015));
#5241 = CARTESIAN_POINT('',(2.518681859174E-04,1.000014660554));
#5242 = CARTESIAN_POINT('',(1.889151326248E-04,0.999964027182));
#5243 = CARTESIAN_POINT('',(1.260256396522E-04,1.000060690661));
#5244 = CARTESIAN_POINT('',(6.314764034944E-05,0.999855059498));
#5245 = CARTESIAN_POINT('',(2.10911553536E-05,0.999892190818));
#5246 = CARTESIAN_POINT('',(-5.828941929825E-17,1.));
#5247 = ( GEOMETRIC_REPRESENTATION_CONTEXT(2) 
PARAMETRIC_REPRESENTATION_CONTEXT() REPRESENTATION_CONTEXT('2D SPACE',''
  ) );
#5248 = ORIENTED_EDGE('',*,*,#1793,.T.);
#5249 = ORIENTED_EDGE('',*,*,#3343,.F.);
#5250 = ADVANCED_FACE('',(#5251),#667,.F.);
#5251 = FACE_BOUND('',#5252,.T.);
#5252 = EDGE_LOOP('',(#5253,#5301));
#5253 = ORIENTED_EDGE('',*,*,#5254,.T.);
#5254 = EDGE_CURVE('',#44,#607,#5255,.T.);
#5255 = SURFACE_CURVE('',#5256,(#5261,#5272),.PCURVE_S1.);
#5256 = CIRCLE('',#5257,0.25);
#5257 = AXIS2_PLACEMENT_3D('',#5258,#5259,#5260);
#5258 = CARTESIAN_POINT('',(1.,1.025580099405E-16,0.923760430703));
#5259 = DIRECTION('',(-0.,-1.110223024625E-16,-1.));
#5260 = DIRECTION('',(0.,-1.,1.110223024625E-16));
#5261 = PCURVE('',#667,#5262);
#5262 = DEFINITIONAL_REPRESENTATION('',(#5263),#5271);
#5263 = ( BOUNDED_CURVE() B_SPLINE_CURVE(2,(#5264,#5265,#5266,#5267,
#5268,#5269,#5270),.UNSPECIFIED.,.T.,.F.) B_SPLINE_CURVE_WITH_KNOTS((1,2
    ,2,2,2,1),(-2.094395102393,0.,2.094395102393,4.188790204786,
6.28318530718,8.377580409573),.UNSPECIFIED.) CURVE() 
GEOMETRIC_REPRESENTATION_ITEM() RATIONAL_B_SPLINE_CURVE((1.,0.5,1.,0.5,
1.,0.5,1.)) REPRESENTATION_ITEM('') );
#5264 = CARTESIAN_POINT('',(0.25,0.));
#5265 = CARTESIAN_POINT('',(0.25,-0.433012701892));
#5266 = CARTESIAN_POINT('',(-0.125,-0.216506350946));
#5267 = CARTESIAN_POINT('',(-0.5,-6.123233995737E-17));
#5268 = CARTESIAN_POINT('',(-0.125,0.216506350946));
#5269 = CARTESIAN_POINT('',(0.25,0.433012701892));
#5270 = CARTESIAN_POINT('',(0.25,0.));
#5271 = ( GEOMETRIC_REPRESENTATION_CONTEXT(2) 
PARAMETRIC_REPRESENTATION_CONTEXT() REPRESENTATION_CONTEXT('2D SPACE',''
  ) );
#5272 = PCURVE('',#111,#5273);
#5273 = DEFINITIONAL_REPRESENTATION('',(#5274),#5300);
#5274 = B_SPLINE_CURVE_WITH_KNOTS('',3,(#5275,#5276,#5277,#5278,#5279,
    #5280,#5281,#5282,#5283,#5284,#5285,#5286,#5287,#5288,#5289,#5290,
    #5291,#5292,#5293,#5294,#5295,#5296,#5297,#5298,#5299),
  .UNSPECIFIED.,.F.,.F.,(4,1,1,1,1,1,1,1,1,1,1,1,1,1,1,1,1,1,1,1,1,1,4),
  (1.570796326795,1.713595992867,1.856395658939,1.999195325012,
    2.141994991084,2.284794657156,2.427594323228,2.570393989301,
    2.713193655373,2.855993321445,2.998792987518,3.14159265359,
    3.284392319662,3.427191985734,3.569991651807,3.712791317879,
    3.855590983951,3.998390650023,4.141190316096,4.283989982168,
    4.42678964824,4.569589314312,4.712388980385),.QUASI_UNIFORM_KNOTS.);
#5275 = CARTESIAN_POINT('',(0.,0.));
#5276 = CARTESIAN_POINT('',(7.580162434845E-03,2.009822820965E-06));
#5277 = CARTESIAN_POINT('',(2.273220044673E-02,1.935190982255E-05));
#5278 = CARTESIAN_POINT('',(4.54439541347E-02,5.249692199403E-05));
#5279 = CARTESIAN_POINT('',(6.813626220779E-02,5.530457728952E-05));
#5280 = CARTESIAN_POINT('',(9.084693073094E-02,6.52392363713E-06));
#5281 = CARTESIAN_POINT('',(0.113617562042,-5.923965991066E-06));
#5282 = CARTESIAN_POINT('',(0.136425977199,-3.875542086334E-06));
#5283 = CARTESIAN_POINT('',(0.159175642536,1.417101117079E-07));
#5284 = CARTESIAN_POINT('',(0.181873124793,4.41398062858E-05));
#5285 = CARTESIAN_POINT('',(0.204537149816,2.511547626132E-05));
#5286 = CARTESIAN_POINT('',(0.227229480372,-1.216724289161E-05));
#5287 = CARTESIAN_POINT('',(0.249999988909,7.094279123075E-08));
#5288 = CARTESIAN_POINT('',(0.272762988836,-1.22850888134E-05));
#5289 = CARTESIAN_POINT('',(0.295477969552,2.405019604238E-05));
#5290 = CARTESIAN_POINT('',(0.318149680303,3.719493557865E-05));
#5291 = CARTESIAN_POINT('',(0.340823927237,-1.312817043245E-07));
#5292 = CARTESIAN_POINT('',(0.363571847842,-5.140883500405E-06));
#5293 = CARTESIAN_POINT('',(0.386379764195,-7.116499167702E-06));
#5294 = CARTESIAN_POINT('',(0.409155672658,5.312234676176E-06));
#5295 = CARTESIAN_POINT('',(0.431872194825,1.306357089331E-05));
#5296 = CARTESIAN_POINT('',(0.454560051966,4.182636773693E-06));
#5297 = CARTESIAN_POINT('',(0.477268336838,1.16947369122E-07));
#5298 = CARTESIAN_POINT('',(0.4924193643,-7.783473084872E-07));
#5299 = CARTESIAN_POINT('',(0.5,0.));
#5300 = ( GEOMETRIC_REPRESENTATION_CONTEXT(2) 
PARAMETRIC_REPRESENTATION_CONTEXT() REPRESENTATION_CONTEXT('2D SPACE',''
  ) );
#5301 = ORIENTED_EDGE('',*,*,#630,.T.);
#5302 = ADVANCED_FACE('',(#5303),#111,.F.);
#5303 = FACE_BOUND('',#5304,.F.);
#5304 = EDGE_LOOP('',(#5305,#5373,#5441,#5563,#5632,#5633,#5634));
#5305 = ORIENTED_EDGE('',*,*,#5306,.F.);
#5306 = EDGE_CURVE('',#5307,#520,#5309,.T.);
#5307 = VERTEX_POINT('',#5308);
#5308 = CARTESIAN_POINT('',(1.418758843021,7.001649453755E-02,
    1.736973581302));
#5309 = SURFACE_CURVE('',#5310,(#5315,#5344),.PCURVE_S1.);
#5310 = B_SPLINE_CURVE_WITH_KNOTS('',3,(#5311,#5312,#5313,#5314),
  .UNSPECIFIED.,.F.,.F.,(4,4),(0.,7.231660234249E-05),
  .PIECEWISE_BEZIER_KNOTS.);
#5311 = CARTESIAN_POINT('',(1.418758843021,7.001649453755E-02,
    1.736973581302));
#5312 = CARTESIAN_POINT('',(1.425944298526,4.776376130526E-02,
    1.743591296871));
#5313 = CARTESIAN_POINT('',(1.431320435335,2.411682736238E-02,
    1.748765809586));
#5314 = CARTESIAN_POINT('',(1.431320435335,-6.658553489283E-14,
    1.748765809586));
#5315 = PCURVE('',#111,#5316);
#5316 = DEFINITIONAL_REPRESENTATION('',(#5317),#5343);
#5317 = B_SPLINE_CURVE_WITH_KNOTS('',3,(#5318,#5319,#5320,#5321,#5322,
    #5323,#5324,#5325,#5326,#5327,#5328,#5329,#5330,#5331,#5332,#5333,
    #5334,#5335,#5336,#5337,#5338,#5339,#5340,#5341,#5342),
  .UNSPECIFIED.,.F.,.F.,(4,1,1,1,1,1,1,1,1,1,1,1,1,1,1,1,1,1,1,1,1,1,4),
  (0.,3.287118288295E-06,6.57423657659E-06,9.861354864885E-06,
    1.314847315318E-05,1.643559144148E-05,1.972270972977E-05,
    2.300982801807E-05,2.629694630636E-05,2.958406459466E-05,
    3.287118288295E-05,3.615830117125E-05,3.944541945954E-05,
    4.273253774784E-05,4.601965603613E-05,4.930677432443E-05,
    5.259389261272E-05,5.588101090102E-05,5.916812918931E-05,
    6.245524747761E-05,6.57423657659E-05,6.90294840542E-05,
    7.231660234249E-05),.QUASI_UNIFORM_KNOTS.);
#5318 = CARTESIAN_POINT('',(0.483642349212,0.773521568313));
#5319 = CARTESIAN_POINT('',(0.483885802527,0.773986616362));
#5320 = CARTESIAN_POINT('',(0.48437326632,0.774908020036));
#5321 = CARTESIAN_POINT('',(0.485106032246,0.776260714331));
#5322 = CARTESIAN_POINT('',(0.485840263451,0.777580671689));
#5323 = CARTESIAN_POINT('',(0.486575867947,0.778864537615));
#5324 = CARTESIAN_POINT('',(0.487312762106,0.78010894081));
#5325 = CARTESIAN_POINT('',(0.488050871762,0.781310492223));
#5326 = CARTESIAN_POINT('',(0.488790131778,0.782465787758));
#5327 = CARTESIAN_POINT('',(0.489530486035,0.783571410187));
#5328 = CARTESIAN_POINT('',(0.490271887315,0.784623931466));
#5329 = CARTESIAN_POINT('',(0.491014297225,0.78561991512));
#5330 = CARTESIAN_POINT('',(0.491757686121,0.786555918794));
#5331 = CARTESIAN_POINT('',(0.492502033052,0.787428496926));
#5332 = CARTESIAN_POINT('',(0.493247325721,0.788234203571));
#5333 = CARTESIAN_POINT('',(0.493993560458,0.788969595357));
#5334 = CARTESIAN_POINT('',(0.494740742221,0.789631234581));
#5335 = CARTESIAN_POINT('',(0.495488884619,0.790215692462));
#5336 = CARTESIAN_POINT('',(0.496238009953,0.790719552511));
#5337 = CARTESIAN_POINT('',(0.496988149317,0.791139414177));
#5338 = CARTESIAN_POINT('',(0.497739342612,0.791471896244));
#5339 = CARTESIAN_POINT('',(0.498491639015,0.791713641931));
#5340 = CARTESIAN_POINT('',(0.499245095931,0.791861318505));
#5341 = CARTESIAN_POINT('',(0.499748221137,0.791894865033));
#5342 = CARTESIAN_POINT('',(0.5,0.791894862076));
#5343 = ( GEOMETRIC_REPRESENTATION_CONTEXT(2) 
PARAMETRIC_REPRESENTATION_CONTEXT() REPRESENTATION_CONTEXT('2D SPACE',''
  ) );
#5344 = PCURVE('',#558,#5345);
#5345 = DEFINITIONAL_REPRESENTATION('',(#5346),#5372);
#5346 = B_SPLINE_CURVE_WITH_KNOTS('',3,(#5347,#5348,#5349,#5350,#5351,
    #5352,#5353,#5354,#5355,#5356,#5357,#5358,#5359,#5360,#5361,#5362,
    #5363,#5364,#5365,#5366,#5367,#5368,#5369,#5370,#5371),
  .UNSPECIFIED.,.F.,.F.,(4,1,1,1,1,1,1,1,1,1,1,1,1,1,1,1,1,1,1,1,1,1,4),
  (0.,3.287118288295E-06,6.57423657659E-06,9.861354864885E-06,
    1.314847315318E-05,1.643559144148E-05,1.972270972977E-05,
    2.300982801807E-05,2.629694630636E-05,2.958406459466E-05,
    3.287118288295E-05,3.615830117125E-05,3.944541945954E-05,
    4.273253774784E-05,4.601965603613E-05,4.930677432443E-05,
    5.259389261272E-05,5.588101090102E-05,5.916812918931E-05,
    6.245524747761E-05,6.57423657659E-05,6.90294840542E-05,
    7.231660234249E-05),.QUASI_UNIFORM_KNOTS.);
#5347 = CARTESIAN_POINT('',(-4.404571325722E-19,0.));
#5348 = CARTESIAN_POINT('',(1.449000100509E-06,-3.24756770082E-08));
#5349 = CARTESIAN_POINT('',(4.354543676137E-06,1.137211383894E-06));
#5350 = CARTESIAN_POINT('',(8.734818215353E-06,5.606336464273E-06));
#5351 = CARTESIAN_POINT('',(1.313637446616E-05,1.174443007686E-05));
#5352 = CARTESIAN_POINT('',(1.75585577708E-05,1.870293446864E-05));
#5353 = CARTESIAN_POINT('',(2.20007265149E-05,2.575695289109E-05));
#5354 = CARTESIAN_POINT('',(2.64622528714E-05,3.231898330367E-05));
#5355 = CARTESIAN_POINT('',(3.094252077023E-05,3.792875836596E-05));
#5356 = CARTESIAN_POINT('',(3.544092465996E-05,4.224881910458E-05));
#5357 = CARTESIAN_POINT('',(3.995686811404E-05,4.505776334216E-05));
#5358 = CARTESIAN_POINT('',(4.448976254477E-05,4.624321438774E-05));
#5359 = CARTESIAN_POINT('',(4.903902596433E-05,4.579385795426E-05));
#5360 = CARTESIAN_POINT('',(5.360408182013E-05,4.379063216701E-05));
#5361 = CARTESIAN_POINT('',(5.81843579088E-05,4.039697595351E-05));
#5362 = CARTESIAN_POINT('',(6.277928538062E-05,3.584811045348E-05));
#5363 = CARTESIAN_POINT('',(6.738829784449E-05,3.043934134597E-05));
#5364 = CARTESIAN_POINT('',(7.20108305852E-05,2.451337876735E-05));
#5365 = CARTESIAN_POINT('',(7.664631990426E-05,1.844677562555E-05));
#5366 = CARTESIAN_POINT('',(8.129420259722E-05,1.263533378947E-05));
#5367 = CARTESIAN_POINT('',(8.595391557574E-05,7.479420349544E-06));
#5368 = CARTESIAN_POINT('',(9.062489565857E-05,3.366224101089E-06));
#5369 = CARTESIAN_POINT('',(9.53065794947E-05,6.607579125114E-07));
#5370 = CARTESIAN_POINT('',(9.843446236784E-05,-4.78285323967E-09));
#5371 = CARTESIAN_POINT('',(1.E-04,0.));
#5372 = ( GEOMETRIC_REPRESENTATION_CONTEXT(2) 
PARAMETRIC_REPRESENTATION_CONTEXT() REPRESENTATION_CONTEXT('2D SPACE',''
  ) );
#5373 = ORIENTED_EDGE('',*,*,#5374,.F.);
#5374 = EDGE_CURVE('',#5375,#5307,#5377,.T.);
#5375 = VERTEX_POINT('',#5376);
#5376 = CARTESIAN_POINT('',(1.403017588056,0.117732905212,1.72474082886)
  );
#5377 = SURFACE_CURVE('',#5378,(#5383,#5412),.PCURVE_S1.);
#5378 = B_SPLINE_CURVE_WITH_KNOTS('',3,(#5379,#5380,#5381,#5382),
  .UNSPECIFIED.,.F.,.F.,(4,4),(0.,5.171347201509E-05),
  .PIECEWISE_BEZIER_KNOTS.);
#5379 = CARTESIAN_POINT('',(1.403017588056,0.117732905212,1.72474082886)
  );
#5380 = CARTESIAN_POINT('',(1.408484994752,0.101768304456,1.728259573402
    ));
#5381 = CARTESIAN_POINT('',(1.413662170942,8.580044645135E-02,
    1.73227960941));
#5382 = CARTESIAN_POINT('',(1.418758843021,7.001649453755E-02,
    1.736973581302));
#5383 = PCURVE('',#111,#5384);
#5384 = DEFINITIONAL_REPRESENTATION('',(#5385),#5411);
#5385 = B_SPLINE_CURVE_WITH_KNOTS('',3,(#5386,#5387,#5388,#5389,#5390,
    #5391,#5392,#5393,#5394,#5395,#5396,#5397,#5398,#5399,#5400,#5401,
    #5402,#5403,#5404,#5405,#5406,#5407,#5408,#5409,#5410),
  .UNSPECIFIED.,.F.,.F.,(4,1,1,1,1,1,1,1,1,1,1,1,1,1,1,1,1,1,1,1,1,1,4),
  (0.,2.350612364322E-06,4.701224728644E-06,7.051837092966E-06,
    9.402449457289E-06,1.175306182161E-05,1.410367418593E-05,
    1.645428655026E-05,1.880489891458E-05,2.11555112789E-05,
    2.350612364322E-05,2.585673600754E-05,2.820734837187E-05,
    3.055796073619E-05,3.290857310051E-05,3.525918546483E-05,
    3.760979782915E-05,3.996041019348E-05,4.23110225578E-05,
    4.466163492212E-05,4.701224728644E-05,4.936285965077E-05,
    5.171347201509E-05),.QUASI_UNIFORM_KNOTS.);
#5386 = CARTESIAN_POINT('',(0.47194118066,0.75367177703));
#5387 = CARTESIAN_POINT('',(0.472122484757,0.753948133209));
#5388 = CARTESIAN_POINT('',(0.472484778174,0.754502646157));
#5389 = CARTESIAN_POINT('',(0.473027254804,0.755339984863));
#5390 = CARTESIAN_POINT('',(0.473568748912,0.756183060057));
#5391 = CARTESIAN_POINT('',(0.474109240975,0.757032040035));
#5392 = CARTESIAN_POINT('',(0.474648711159,0.757887093818));
#5393 = CARTESIAN_POINT('',(0.475187139274,0.758748391249));
#5394 = CARTESIAN_POINT('',(0.475724504799,0.759616102974));
#5395 = CARTESIAN_POINT('',(0.476260786883,0.760490400452));
#5396 = CARTESIAN_POINT('',(0.476795964355,0.761371455951));
#5397 = CARTESIAN_POINT('',(0.477330015733,0.762259442558));
#5398 = CARTESIAN_POINT('',(0.477862919229,0.763154534173));
#5399 = CARTESIAN_POINT('',(0.47839465276,0.764056905517));
#5400 = CARTESIAN_POINT('',(0.478925193956,0.764966732126));
#5401 = CARTESIAN_POINT('',(0.479454520166,0.765884190354));
#5402 = CARTESIAN_POINT('',(0.479982608471,0.766809457376));
#5403 = CARTESIAN_POINT('',(0.480509435692,0.767742711179));
#5404 = CARTESIAN_POINT('',(0.481034978394,0.768684130564));
#5405 = CARTESIAN_POINT('',(0.481559212902,0.769633895146));
#5406 = CARTESIAN_POINT('',(0.482082115309,0.770592185338));
#5407 = CARTESIAN_POINT('',(0.482603661477,0.771559182376));
#5408 = CARTESIAN_POINT('',(0.483123827075,0.772535068215));
#5409 = CARTESIAN_POINT('',(0.483469667356,0.773191706663));
#5410 = CARTESIAN_POINT('',(0.483642349212,0.773521568313));
#5411 = ( GEOMETRIC_REPRESENTATION_CONTEXT(2) 
PARAMETRIC_REPRESENTATION_CONTEXT() REPRESENTATION_CONTEXT('2D SPACE',''
  ) );
#5412 = PCURVE('',#4162,#5413);
#5413 = DEFINITIONAL_REPRESENTATION('',(#5414),#5440);
#5414 = B_SPLINE_CURVE_WITH_KNOTS('',3,(#5415,#5416,#5417,#5418,#5419,
    #5420,#5421,#5422,#5423,#5424,#5425,#5426,#5427,#5428,#5429,#5430,
    #5431,#5432,#5433,#5434,#5435,#5436,#5437,#5438,#5439),
  .UNSPECIFIED.,.F.,.F.,(4,1,1,1,1,1,1,1,1,1,1,1,1,1,1,1,1,1,1,1,1,1,4),
  (0.,2.350612364322E-06,4.701224728644E-06,7.051837092966E-06,
    9.402449457289E-06,1.175306182161E-05,1.410367418593E-05,
    1.645428655026E-05,1.880489891458E-05,2.11555112789E-05,
    2.350612364322E-05,2.585673600754E-05,2.820734837187E-05,
    3.055796073619E-05,3.290857310051E-05,3.525918546483E-05,
    3.760979782915E-05,3.996041019348E-05,4.23110225578E-05,
    4.466163492212E-05,4.701224728644E-05,4.936285965077E-05,
    5.171347201509E-05),.QUASI_UNIFORM_KNOTS.);
#5415 = CARTESIAN_POINT('',(6.977190829424E-05,1.));
#5416 = CARTESIAN_POINT('',(6.8703049586E-05,0.999999991848));
#5417 = CARTESIAN_POINT('',(6.656604665042E-05,0.999999840201));
#5418 = CARTESIAN_POINT('',(6.336283095703E-05,0.999999299131));
#5419 = CARTESIAN_POINT('',(6.016204941469E-05,0.999998539831));
#5420 = CARTESIAN_POINT('',(5.696384685625E-05,0.999997647354));
#5421 = CARTESIAN_POINT('',(5.376836768731E-05,0.999996699481));
#5422 = CARTESIAN_POINT('',(5.057575580751E-05,0.999995765388));
#5423 = CARTESIAN_POINT('',(4.738615460318E-05,0.999994905481));
#5424 = CARTESIAN_POINT('',(4.41997069225E-05,0.999994170921));
#5425 = CARTESIAN_POINT('',(4.101655505695E-05,0.999993603224));
#5426 = CARTESIAN_POINT('',(3.783684072271E-05,0.999993233838));
#5427 = CARTESIAN_POINT('',(3.466070504359E-05,0.999993083723));
#5428 = CARTESIAN_POINT('',(3.14882885351E-05,0.999993162917));
#5429 = CARTESIAN_POINT('',(2.831973108961E-05,0.999993470111));
#5430 = CARTESIAN_POINT('',(2.51551719627E-05,0.999993992205));
#5431 = CARTESIAN_POINT('',(2.199474976049E-05,0.999994703867));
#5432 = CARTESIAN_POINT('',(1.883860242793E-05,0.999995567079));
#5433 = CARTESIAN_POINT('',(1.568686723851E-05,0.99999653069));
#5434 = CARTESIAN_POINT('',(1.253968078278E-05,0.999997529912));
#5435 = CARTESIAN_POINT('',(9.397178965858E-06,0.99999848599));
#5436 = CARTESIAN_POINT('',(6.259496974843E-06,0.999999305179));
#5437 = CARTESIAN_POINT('',(3.126769362321E-06,0.999999880274));
#5438 = CARTESIAN_POINT('',(1.04167625392E-06,1.000000015133));
#5439 = CARTESIAN_POINT('',(-6.776263578034E-19,1.));
#5440 = ( GEOMETRIC_REPRESENTATION_CONTEXT(2) 
PARAMETRIC_REPRESENTATION_CONTEXT() REPRESENTATION_CONTEXT('2D SPACE',''
  ) );
#5441 = ORIENTED_EDGE('',*,*,#5442,.F.);
#5442 = EDGE_CURVE('',#5443,#5375,#5445,.T.);
#5443 = VERTEX_POINT('',#5444);
#5444 = CARTESIAN_POINT('',(0.254823570006,7.58288696484E-02,
    2.686470453412));
#5445 = SURFACE_CURVE('',#5446,(#5461,#5512),.PCURVE_S1.);
#5446 = B_SPLINE_CURVE_WITH_KNOTS('',3,(#5447,#5448,#5449,#5450,#5451,
    #5452,#5453,#5454,#5455,#5456,#5457,#5458,#5459,#5460),
  .UNSPECIFIED.,.F.,.F.,(4,2,2,2,2,2,4),(1.337793014306E-18,
    2.534498391965E-04,5.06899678393E-04,1.013799356786E-03,
    1.520699035179E-03,1.774148874376E-03,2.027598713572E-03),
  .UNSPECIFIED.);
#5447 = CARTESIAN_POINT('',(0.254823570006,7.58288696484E-02,
    2.686470453412));
#5448 = CARTESIAN_POINT('',(0.260892824727,0.122995828985,2.614404911108
    ));
#5449 = CARTESIAN_POINT('',(0.273889038946,0.184696003089,2.557791275587
    ));
#5450 = CARTESIAN_POINT('',(0.317609850442,0.30464305013,2.445836801603)
  );
#5451 = CARTESIAN_POINT('',(0.348191288129,0.364588116864,2.393001565321
    ));
#5452 = CARTESIAN_POINT('',(0.465927939442,0.525121147954,2.235240180832
    ));
#5453 = CARTESIAN_POINT('',(0.582710007516,0.606348076853,2.128176644316
    ));
#5454 = CARTESIAN_POINT('',(0.854931287597,0.661726848939,1.933247084893
    ));
#5455 = CARTESIAN_POINT('',(1.007190452586,0.625365070888,1.838292200949
    ));
#5456 = CARTESIAN_POINT('',(1.197795170427,0.482223118606,1.747591797205
    ));
#5457 = CARTESIAN_POINT('',(1.253368309623,0.41927736439,1.724837490794)
  );
#5458 = CARTESIAN_POINT('',(1.342167345812,0.276975858976,1.705020297629
    ));
#5459 = CARTESIAN_POINT('',(1.375841062368,0.197087232904,1.707250406661
    ));
#5460 = CARTESIAN_POINT('',(1.403017588056,0.117732905212,1.72474082886)
  );
#5461 = PCURVE('',#111,#5462);
#5462 = DEFINITIONAL_REPRESENTATION('',(#5463),#5511);
#5463 = B_SPLINE_CURVE_WITH_KNOTS('',3,(#5464,#5465,#5466,#5467,#5468,
    #5469,#5470,#5471,#5472,#5473,#5474,#5475,#5476,#5477,#5478,#5479,
    #5480,#5481,#5482,#5483,#5484,#5485,#5486,#5487,#5488,#5489,#5490,
    #5491,#5492,#5493,#5494,#5495,#5496,#5497,#5498,#5499,#5500,#5501,
    #5502,#5503,#5504,#5505,#5506,#5507,#5508,#5509,#5510),
  .UNSPECIFIED.,.F.,.F.,(4,1,1,1,1,1,1,1,1,1,1,1,1,1,1,1,1,1,1,1,1,1,1,1
    ,1,1,1,1,1,1,1,1,1,1,1,1,1,1,1,1,1,1,1,1,4),(1.337793014306E-18,
    4.608178894482E-05,9.216357788964E-05,1.382453668345E-04,
    1.843271557793E-04,2.304089447241E-04,2.764907336689E-04,
    3.225725226137E-04,3.686543115586E-04,4.147361005034E-04,
    4.608178894482E-04,5.06899678393E-04,5.529814673378E-04,
    5.990632562827E-04,6.451450452275E-04,6.912268341723E-04,
    7.373086231171E-04,7.833904120619E-04,8.294722010068E-04,
    8.755539899516E-04,9.216357788964E-04,9.677175678412E-04,
    1.013799356786E-03,1.059881145731E-03,1.105962934676E-03,
    1.15204472362E-03,1.198126512565E-03,1.24420830151E-03,
    1.290290090455E-03,1.3363718794E-03,1.382453668345E-03,
    1.428535457289E-03,1.474617246234E-03,1.520699035179E-03,
    1.566780824124E-03,1.612862613069E-03,1.658944402014E-03,
    1.705026190958E-03,1.751107979903E-03,1.797189768848E-03,
    1.843271557793E-03,1.889353346738E-03,1.935435135682E-03,
    1.981516924627E-03,2.027598713572E-03),.QUASI_UNIFORM_KNOTS.);
#5464 = CARTESIAN_POINT('',(1.555390439315E-02,0.942892155241));
#5465 = CARTESIAN_POINT('',(1.739074572792E-02,0.936482008113));
#5466 = CARTESIAN_POINT('',(2.131369350454E-02,0.924282571496));
#5467 = CARTESIAN_POINT('',(2.784517852083E-02,0.907612914714));
#5468 = CARTESIAN_POINT('',(3.492362362684E-02,0.892348428602));
#5469 = CARTESIAN_POINT('',(4.244672508225E-02,0.878234170137));
#5470 = CARTESIAN_POINT('',(5.031924447362E-02,0.86501579518));
#5471 = CARTESIAN_POINT('',(5.843457995807E-02,0.852338396471));
#5472 = CARTESIAN_POINT('',(6.680773538313E-02,0.840358102771));
#5473 = CARTESIAN_POINT('',(7.5412075429E-02,0.829015102115));
#5474 = CARTESIAN_POINT('',(8.422365902185E-02,0.818255026564));
#5475 = CARTESIAN_POINT('',(9.322193343428E-02,0.808013467193));
#5476 = CARTESIAN_POINT('',(0.102383751764,0.798238937696));
#5477 = CARTESIAN_POINT('',(0.111709581496,0.78881802111));
#5478 = CARTESIAN_POINT('',(0.121214714448,0.779738585803));
#5479 = CARTESIAN_POINT('',(0.130891439203,0.771056183636));
#5480 = CARTESIAN_POINT('',(0.140731558815,0.762783460955));
#5481 = CARTESIAN_POINT('',(0.15072573299,0.754918438441));
#5482 = CARTESIAN_POINT('',(0.160867902211,0.747461887632));
#5483 = CARTESIAN_POINT('',(0.171154940746,0.740415241912));
#5484 = CARTESIAN_POINT('',(0.181586915355,0.733780932349));
#5485 = CARTESIAN_POINT('',(0.192168857301,0.727570972739));
#5486 = CARTESIAN_POINT('',(0.202905150513,0.721780847103));
#5487 = CARTESIAN_POINT('',(0.213821000743,0.716494583244));
#5488 = CARTESIAN_POINT('',(0.224881549656,0.711500150585));
#5489 = CARTESIAN_POINT('',(0.236055416476,0.706644567026));
#5490 = CARTESIAN_POINT('',(0.247366570832,0.702083091945));
#5491 = CARTESIAN_POINT('',(0.258811218437,0.69789727774));
#5492 = CARTESIAN_POINT('',(0.270372510456,0.694138597748));
#5493 = CARTESIAN_POINT('',(0.282035356933,0.690841836959));
#5494 = CARTESIAN_POINT('',(0.293789522506,0.688051230189));
#5495 = CARTESIAN_POINT('',(0.305628906643,0.685814968535));
#5496 = CARTESIAN_POINT('',(0.317552781059,0.684194854366));
#5497 = CARTESIAN_POINT('',(0.329559995301,0.683242838839));
#5498 = CARTESIAN_POINT('',(0.341666749515,0.683090487184));
#5499 = CARTESIAN_POINT('',(0.353834806531,0.683614845656));
#5500 = CARTESIAN_POINT('',(0.366020279048,0.684777608531));
#5501 = CARTESIAN_POINT('',(0.37821613422,0.686798577233));
#5502 = CARTESIAN_POINT('',(0.390379532915,0.689814733045));
#5503 = CARTESIAN_POINT('',(0.402471841978,0.693978409034));
#5504 = CARTESIAN_POINT('',(0.414451021097,0.699456070206));
#5505 = CARTESIAN_POINT('',(0.426335041854,0.706358005316));
#5506 = CARTESIAN_POINT('',(0.438089548876,0.714936072976));
#5507 = CARTESIAN_POINT('',(0.449664332235,0.725430437516));
#5508 = CARTESIAN_POINT('',(0.460995088031,0.738098554173));
#5509 = CARTESIAN_POINT('',(0.468335994574,0.74817814195));
#5510 = CARTESIAN_POINT('',(0.47194118066,0.75367177703));
#5511 = ( GEOMETRIC_REPRESENTATION_CONTEXT(2) 
PARAMETRIC_REPRESENTATION_CONTEXT() REPRESENTATION_CONTEXT('2D SPACE',''
  ) );
#5512 = PCURVE('',#4496,#5513);
#5513 = DEFINITIONAL_REPRESENTATION('',(#5514),#5562);
#5514 = B_SPLINE_CURVE_WITH_KNOTS('',3,(#5515,#5516,#5517,#5518,#5519,
    #5520,#5521,#5522,#5523,#5524,#5525,#5526,#5527,#5528,#5529,#5530,
    #5531,#5532,#5533,#5534,#5535,#5536,#5537,#5538,#5539,#5540,#5541,
    #5542,#5543,#5544,#5545,#5546,#5547,#5548,#5549,#5550,#5551,#5552,
    #5553,#5554,#5555,#5556,#5557,#5558,#5559,#5560,#5561),
  .UNSPECIFIED.,.F.,.F.,(4,1,1,1,1,1,1,1,1,1,1,1,1,1,1,1,1,1,1,1,1,1,1,1
    ,1,1,1,1,1,1,1,1,1,1,1,1,1,1,1,1,1,1,1,1,4),(1.337793014306E-18,
    4.608178894482E-05,9.216357788964E-05,1.382453668345E-04,
    1.843271557793E-04,2.304089447241E-04,2.764907336689E-04,
    3.225725226137E-04,3.686543115586E-04,4.147361005034E-04,
    4.608178894482E-04,5.06899678393E-04,5.529814673378E-04,
    5.990632562827E-04,6.451450452275E-04,6.912268341723E-04,
    7.373086231171E-04,7.833904120619E-04,8.294722010068E-04,
    8.755539899516E-04,9.216357788964E-04,9.677175678412E-04,
    1.013799356786E-03,1.059881145731E-03,1.105962934676E-03,
    1.15204472362E-03,1.198126512565E-03,1.24420830151E-03,
    1.290290090455E-03,1.3363718794E-03,1.382453668345E-03,
    1.428535457289E-03,1.474617246234E-03,1.520699035179E-03,
    1.566780824124E-03,1.612862613069E-03,1.658944402014E-03,
    1.705026190958E-03,1.751107979903E-03,1.797189768848E-03,
    1.843271557793E-03,1.889353346738E-03,1.935435135682E-03,
    1.981516924627E-03,2.027598713572E-03),.QUASI_UNIFORM_KNOTS.);
#5515 = CARTESIAN_POINT('',(2.828339263906E-03,1.));
#5516 = CARTESIAN_POINT('',(2.810279650336E-03,1.000119556962));
#5517 = CARTESIAN_POINT('',(2.773822829537E-03,1.000220483667));
#5518 = CARTESIAN_POINT('',(2.718271674813E-03,1.00014355571));
#5519 = CARTESIAN_POINT('',(2.662016363195E-03,1.000141959811));
#5520 = CARTESIAN_POINT('',(2.605166479204E-03,1.000108423529));
#5521 = CARTESIAN_POINT('',(2.547802337948E-03,1.00015358374));
#5522 = CARTESIAN_POINT('',(2.489995813934E-03,0.999933975936));
#5523 = CARTESIAN_POINT('',(2.431951903062E-03,1.000192916001));
#5524 = CARTESIAN_POINT('',(2.373220386024E-03,0.999787267091));
#5525 = CARTESIAN_POINT('',(2.313963335026E-03,0.999586003099));
#5526 = CARTESIAN_POINT('',(2.254189491569E-03,0.999598303276));
#5527 = CARTESIAN_POINT('',(2.193984212789E-03,0.999776748067));
#5528 = CARTESIAN_POINT('',(2.133250452609E-03,1.000201562207));
#5529 = CARTESIAN_POINT('',(2.071905146925E-03,0.999796151219));
#5530 = CARTESIAN_POINT('',(2.00995576457E-03,0.998102667059));
#5531 = CARTESIAN_POINT('',(1.94755738099E-03,0.996240931677));
#5532 = CARTESIAN_POINT('',(1.884843459373E-03,0.994680643593));
#5533 = CARTESIAN_POINT('',(1.821917602834E-03,0.993917828423));
#5534 = CARTESIAN_POINT('',(1.759008315619E-03,0.994498276088));
#5535 = CARTESIAN_POINT('',(1.695793726571E-03,0.996225884098));
#5536 = CARTESIAN_POINT('',(1.632051849026E-03,0.998138475933));
#5537 = CARTESIAN_POINT('',(1.567771924395E-03,0.999832948619));
#5538 = CARTESIAN_POINT('',(1.502842658827E-03,1.000089197184));
#5539 = CARTESIAN_POINT('',(1.437250344343E-03,1.000019393932));
#5540 = CARTESIAN_POINT('',(1.37096559732E-03,1.000032321321));
#5541 = CARTESIAN_POINT('',(1.303310794857E-03,1.0000409342));
#5542 = CARTESIAN_POINT('',(1.234840129554E-03,0.999984668784));
#5543 = CARTESIAN_POINT('',(1.1659639071E-03,1.000192966185));
#5544 = CARTESIAN_POINT('',(1.097021290603E-03,0.998784368163));
#5545 = CARTESIAN_POINT('',(1.02867792437E-03,0.9986139924));
#5546 = CARTESIAN_POINT('',(9.60173747452E-04,0.998867367382));
#5547 = CARTESIAN_POINT('',(8.914225158428E-04,0.999393446617));
#5548 = CARTESIAN_POINT('',(8.222633646741E-04,0.999925621989));
#5549 = CARTESIAN_POINT('',(7.52493535759E-04,1.00003479537));
#5550 = CARTESIAN_POINT('',(6.819446085615E-04,1.000017600017));
#5551 = CARTESIAN_POINT('',(6.110362710164E-04,1.0000223782));
#5552 = CARTESIAN_POINT('',(5.401166738651E-04,1.000018481946));
#5553 = CARTESIAN_POINT('',(4.695411750466E-04,1.00002827901));
#5554 = CARTESIAN_POINT('',(3.996395636118E-04,0.999993011488));
#5555 = CARTESIAN_POINT('',(3.30763864847E-04,1.000042520325));
#5556 = CARTESIAN_POINT('',(2.627379087804E-04,0.999919310698));
#5557 = CARTESIAN_POINT('',(1.955815749731E-04,0.999771431404));
#5558 = CARTESIAN_POINT('',(1.293336896881E-04,0.999757978575));
#5559 = CARTESIAN_POINT('',(6.404983866222E-05,0.999903303239));
#5560 = CARTESIAN_POINT('',(2.122526537482E-05,0.9999841717));
#5561 = CARTESIAN_POINT('',(5.234257038217E-16,1.));
#5562 = ( GEOMETRIC_REPRESENTATION_CONTEXT(2) 
PARAMETRIC_REPRESENTATION_CONTEXT() REPRESENTATION_CONTEXT('2D SPACE',''
  ) );
#5563 = ORIENTED_EDGE('',*,*,#5564,.F.);
#5564 = EDGE_CURVE('',#46,#5443,#5565,.T.);
#5565 = SURFACE_CURVE('',#5566,(#5574,#5603),.PCURVE_S1.);
#5566 = B_SPLINE_CURVE_WITH_KNOTS('',3,(#5567,#5568,#5569,#5570,#5571,
    #5572,#5573),.UNSPECIFIED.,.F.,.F.,(4,3,4),(-7.980100826937E-06,0.,
    1.297206800031E-04),.UNSPECIFIED.);
#5567 = CARTESIAN_POINT('',(0.25,3.110073126698E-16,2.801304834898));
#5568 = CARTESIAN_POINT('',(0.25,1.473417842656E-03,2.799090152379));
#5569 = CARTESIAN_POINT('',(0.250005363768,2.947260728911E-03,
    2.796875746072));
#5570 = CARTESIAN_POINT('',(0.250016096677,4.420244535617E-03,
    2.794660800856));
#5571 = CARTESIAN_POINT('',(0.250190565679,2.836436067942E-02,
    2.75865571698));
#5572 = CARTESIAN_POINT('',(0.251784088577,5.220766678814E-02,
    2.722560861145));
#5573 = CARTESIAN_POINT('',(0.254823570006,7.58288696484E-02,
    2.686470453412));
#5574 = PCURVE('',#111,#5575);
#5575 = DEFINITIONAL_REPRESENTATION('',(#5576),#5602);
#5576 = B_SPLINE_CURVE_WITH_KNOTS('',3,(#5577,#5578,#5579,#5580,#5581,
    #5582,#5583,#5584,#5585,#5586,#5587,#5588,#5589,#5590,#5591,#5592,
    #5593,#5594,#5595,#5596,#5597,#5598,#5599,#5600,#5601),
  .UNSPECIFIED.,.F.,.F.,(4,1,1,1,1,1,1,1,1,1,1,1,1,1,1,1,1,1,1,1,1,1,4),
  (-7.980100826937E-06,-1.720974425572E-06,4.538151975793E-06,
    1.079727837716E-05,1.705640477852E-05,2.331553117989E-05,
    2.957465758125E-05,3.583378398262E-05,4.209291038398E-05,
    4.835203678535E-05,5.461116318671E-05,6.087028958808E-05,
    6.712941598944E-05,7.338854239081E-05,7.964766879217E-05,
    8.590679519354E-05,9.21659215949E-05,9.842504799627E-05,
    1.046841743976E-04,1.10943300799E-04,1.172024272004E-04,
    1.234615536017E-04,1.297206800031E-04),.UNSPECIFIED.);
#5577 = CARTESIAN_POINT('',(0.,1.));
#5578 = CARTESIAN_POINT('',(2.273143795237E-04,0.999121097183));
#5579 = CARTESIAN_POINT('',(6.82688840681E-04,0.997364624083));
#5580 = CARTESIAN_POINT('',(1.36799481896E-03,0.994733778163));
#5581 = CARTESIAN_POINT('',(2.055546915343E-03,0.99210658072));
#5582 = CARTESIAN_POINT('',(2.745365681676E-03,0.98948310131));
#5583 = CARTESIAN_POINT('',(3.437449723912E-03,0.986863317584));
#5584 = CARTESIAN_POINT('',(4.131803709003E-03,0.984247232125));
#5585 = CARTESIAN_POINT('',(4.828430862758E-03,0.981634841153));
#5586 = CARTESIAN_POINT('',(5.527334982344E-03,0.979026142911));
#5587 = CARTESIAN_POINT('',(6.228519899341E-03,0.976421135425));
#5588 = CARTESIAN_POINT('',(6.931989625945E-03,0.973819817109));
#5589 = CARTESIAN_POINT('',(7.637748318119E-03,0.97122218661));
#5590 = CARTESIAN_POINT('',(8.345800287816E-03,0.96862824285));
#5591 = CARTESIAN_POINT('',(9.05615000206E-03,0.966037985025));
#5592 = CARTESIAN_POINT('',(9.768802085562E-03,0.963451412608));
#5593 = CARTESIAN_POINT('',(1.04837613224E-02,0.960868525353));
#5594 = CARTESIAN_POINT('',(1.120103265799E-02,0.958289323302));
#5595 = CARTESIAN_POINT('',(1.192062120086E-02,0.955713806785));
#5596 = CARTESIAN_POINT('',(1.264253222501E-02,0.953141976427));
#5597 = CARTESIAN_POINT('',(1.336677117025E-02,0.950573833149));
#5598 = CARTESIAN_POINT('',(1.409334365004E-02,0.948009378184));
#5599 = CARTESIAN_POINT('',(1.482225543137E-02,0.945448613038));
#5600 = CARTESIAN_POINT('',(1.530976015661E-02,0.943743897444));
#5601 = CARTESIAN_POINT('',(1.555390439315E-02,0.942892155241));
#5602 = ( GEOMETRIC_REPRESENTATION_CONTEXT(2) 
PARAMETRIC_REPRESENTATION_CONTEXT() REPRESENTATION_CONTEXT('2D SPACE',''
  ) );
#5603 = PCURVE('',#4697,#5604);
#5604 = DEFINITIONAL_REPRESENTATION('',(#5605),#5631);
#5605 = B_SPLINE_CURVE_WITH_KNOTS('',3,(#5606,#5607,#5608,#5609,#5610,
    #5611,#5612,#5613,#5614,#5615,#5616,#5617,#5618,#5619,#5620,#5621,
    #5622,#5623,#5624,#5625,#5626,#5627,#5628,#5629,#5630),
  .UNSPECIFIED.,.F.,.F.,(4,1,1,1,1,1,1,1,1,1,1,1,1,1,1,1,1,1,1,1,1,1,4),
  (-7.980100826937E-06,-1.720974425572E-06,4.538151975793E-06,
    1.079727837716E-05,1.705640477852E-05,2.331553117989E-05,
    2.957465758125E-05,3.583378398262E-05,4.209291038398E-05,
    4.835203678535E-05,5.461116318671E-05,6.087028958808E-05,
    6.712941598944E-05,7.338854239081E-05,7.964766879217E-05,
    8.590679519354E-05,9.21659215949E-05,9.842504799627E-05,
    1.046841743976E-04,1.10943300799E-04,1.172024272004E-04,
    1.234615536017E-04,1.297206800031E-04),.UNSPECIFIED.);
#5606 = CARTESIAN_POINT('',(1.595594504926E-04,0.999405975234));
#5607 = CARTESIAN_POINT('',(1.571473439873E-04,0.999403127928));
#5608 = CARTESIAN_POINT('',(1.52322644118E-04,0.999402824335));
#5609 = CARTESIAN_POINT('',(1.450839523567E-04,0.999421274344));
#5610 = CARTESIAN_POINT('',(1.378433121081E-04,0.999489854753));
#5611 = CARTESIAN_POINT('',(1.306008548652E-04,0.999540066247));
#5612 = CARTESIAN_POINT('',(1.233566302323E-04,0.999591041526));
#5613 = CARTESIAN_POINT('',(1.161107098643E-04,0.999637914678));
#5614 = CARTESIAN_POINT('',(1.088631596054E-04,0.99968210504));
#5615 = CARTESIAN_POINT('',(1.016140469426E-04,0.999723293882));
#5616 = CARTESIAN_POINT('',(9.436343899726E-05,0.999761604169));
#5617 = CARTESIAN_POINT('',(8.711140305147E-05,0.999797028298));
#5618 = CARTESIAN_POINT('',(7.985800639503E-05,0.999829586746));
#5619 = CARTESIAN_POINT('',(7.260331635455E-05,0.999859288189));
#5620 = CARTESIAN_POINT('',(6.534740027349E-05,0.999886141586));
#5621 = CARTESIAN_POINT('',(5.809032550529E-05,0.999910153736));
#5622 = CARTESIAN_POINT('',(5.083215940285E-05,0.999931330408));
#5623 = CARTESIAN_POINT('',(4.357296930879E-05,0.99994967632));
#5624 = CARTESIAN_POINT('',(3.631282254557E-05,0.999965195336));
#5625 = CARTESIAN_POINT('',(2.905178640518E-05,0.999977890531));
#5626 = CARTESIAN_POINT('',(2.178992813977E-05,0.999987764254));
#5627 = CARTESIAN_POINT('',(1.452731494868E-05,0.999994818148));
#5628 = CARTESIAN_POINT('',(7.264013978193E-06,0.99999905325));
#5629 = CARTESIAN_POINT('',(2.421399508432E-06,0.999999997555));
#5630 = CARTESIAN_POINT('',(-3.124128560017E-15,1.));
#5631 = ( GEOMETRIC_REPRESENTATION_CONTEXT(2) 
PARAMETRIC_REPRESENTATION_CONTEXT() REPRESENTATION_CONTEXT('2D SPACE',''
  ) );
#5632 = ORIENTED_EDGE('',*,*,#43,.F.);
#5633 = ORIENTED_EDGE('',*,*,#5254,.T.);
#5634 = ORIENTED_EDGE('',*,*,#606,.T.);
#5635 = ADVANCED_FACE('',(#5636),#209,.F.);
#5636 = FACE_BOUND('',#5637,.F.);
#5637 = EDGE_LOOP('',(#5638,#5658,#5659));
#5638 = ORIENTED_EDGE('',*,*,#5639,.T.);
#5639 = EDGE_CURVE('',#2033,#168,#5640,.T.);
#5640 = SURFACE_CURVE('',#5641,(#5646,#5652),.PCURVE_S1.);
#5641 = CIRCLE('',#5642,0.3);
#5642 = AXIS2_PLACEMENT_3D('',#5643,#5644,#5645);
#5643 = CARTESIAN_POINT('',(-4.405485641373E-02,-9.999999999999E-02,
    2.677119374428));
#5644 = DIRECTION('',(-7.473610405458E-02,0.622834592956,0.778775695928)
  );
#5645 = DIRECTION('',(-4.864478306438E-17,-0.780959769613,0.624581330369
    ));
#5646 = PCURVE('',#209,#5647);
#5647 = DEFINITIONAL_REPRESENTATION('',(#5648),#5651);
#5648 = B_SPLINE_CURVE_WITH_KNOTS('',1,(#5649,#5650),.UNSPECIFIED.,.F.,
  .F.,(2,2),(1.511096316516,1.614263917137),.PIECEWISE_BEZIER_KNOTS.);
#5649 = CARTESIAN_POINT('',(-7.972607350165E-18,0.999999999532));
#5650 = CARTESIAN_POINT('',(-2.04562892805E-18,3.026794990135E-14));
#5651 = ( GEOMETRIC_REPRESENTATION_CONTEXT(2) 
PARAMETRIC_REPRESENTATION_CONTEXT() REPRESENTATION_CONTEXT('2D SPACE',''
  ) );
#5652 = PCURVE('',#326,#5653);
#5653 = DEFINITIONAL_REPRESENTATION('',(#5654),#5657);
#5654 = B_SPLINE_CURVE_WITH_KNOTS('',1,(#5655,#5656),.UNSPECIFIED.,.F.,
  .F.,(2,2),(1.511096316516,1.614263917137),.PIECEWISE_BEZIER_KNOTS.);
#5655 = CARTESIAN_POINT('',(-3.975121231417E-15,-6.911423130875E-10));
#5656 = CARTESIAN_POINT('',(-8.498288057529E-15,0.999999998826));
#5657 = ( GEOMETRIC_REPRESENTATION_CONTEXT(2) 
PARAMETRIC_REPRESENTATION_CONTEXT() REPRESENTATION_CONTEXT('2D SPACE',''
  ) );
#5658 = ORIENTED_EDGE('',*,*,#167,.T.);
#5659 = ORIENTED_EDGE('',*,*,#2032,.T.);
#5660 = ADVANCED_FACE('',(#5661),#326,.F.);
#5661 = FACE_BOUND('',#5662,.F.);
#5662 = EDGE_LOOP('',(#5663,#5664,#5730,#5731));
#5663 = ORIENTED_EDGE('',*,*,#4744,.T.);
#5664 = ORIENTED_EDGE('',*,*,#5665,.T.);
#5665 = EDGE_CURVE('',#2952,#252,#5666,.T.);
#5666 = SURFACE_CURVE('',#5667,(#5672,#5701),.PCURVE_S1.);
#5667 = CIRCLE('',#5668,0.3);
#5668 = AXIS2_PLACEMENT_3D('',#5669,#5670,#5671);
#5669 = CARTESIAN_POINT('',(1.652961067771,-0.168516843686,
    1.566787517589));
#5670 = DIRECTION('',(-0.216759917998,-0.975786010904,
    -2.927112694687E-02));
#5671 = DIRECTION('',(0.976204305897,-0.216852837539,2.657621722559E-17)
  );
#5672 = PCURVE('',#326,#5673);
#5673 = DEFINITIONAL_REPRESENTATION('',(#5674),#5700);
#5674 = B_SPLINE_CURVE_WITH_KNOTS('',3,(#5675,#5676,#5677,#5678,#5679,
    #5680,#5681,#5682,#5683,#5684,#5685,#5686,#5687,#5688,#5689,#5690,
    #5691,#5692,#5693,#5694,#5695,#5696,#5697,#5698,#5699),
  .UNSPECIFIED.,.F.,.F.,(4,1,1,1,1,1,1,1,1,1,1,1,1,1,1,1,1,1,1,1,1,1,4),
  (1.887136137175,1.918940661675,1.950745186175,1.982549710674,
    2.014354235174,2.046158759674,2.077963284174,2.109767808674,
    2.141572333173,2.173376857673,2.205181382173,2.236985906673,
    2.268790431173,2.300594955672,2.332399480172,2.364204004672,
    2.396008529172,2.427813053672,2.459617578171,2.491422102671,
    2.523226627171,2.555031151671,2.586835676171),
  .QUASI_UNIFORM_KNOTS.);
#5675 = CARTESIAN_POINT('',(2.802913187677E-03,0.));
#5676 = CARTESIAN_POINT('',(2.802913187677E-03,1.5465023915E-02));
#5677 = CARTESIAN_POINT('',(2.802913187677E-03,4.630829948411E-02));
#5678 = CARTESIAN_POINT('',(2.802913187677E-03,9.233775901182E-02));
#5679 = CARTESIAN_POINT('',(2.802913187677E-03,0.138156804521));
#5680 = CARTESIAN_POINT('',(2.802913187677E-03,0.183789856842));
#5681 = CARTESIAN_POINT('',(2.802913187677E-03,0.229260999449));
#5682 = CARTESIAN_POINT('',(2.802913187677E-03,0.274593969149));
#5683 = CARTESIAN_POINT('',(2.802913187677E-03,0.319812222789));
#5684 = CARTESIAN_POINT('',(2.802913187677E-03,0.364938981964));
#5685 = CARTESIAN_POINT('',(2.802913187677E-03,0.409997282258));
#5686 = CARTESIAN_POINT('',(2.802913187677E-03,0.455010020197));
#5687 = CARTESIAN_POINT('',(2.802913187677E-03,0.499999999994));
#5688 = CARTESIAN_POINT('',(2.802913187677E-03,0.544989979791));
#5689 = CARTESIAN_POINT('',(2.802913187677E-03,0.59000271773));
#5690 = CARTESIAN_POINT('',(2.802913187677E-03,0.635061018024));
#5691 = CARTESIAN_POINT('',(2.802913187677E-03,0.680187777199));
#5692 = CARTESIAN_POINT('',(2.802913187677E-03,0.725406030839));
#5693 = CARTESIAN_POINT('',(2.802913187677E-03,0.770739000539));
#5694 = CARTESIAN_POINT('',(2.802913187677E-03,0.816210143147));
#5695 = CARTESIAN_POINT('',(2.802913187677E-03,0.861843195467));
#5696 = CARTESIAN_POINT('',(2.802913187677E-03,0.907662240977));
#5697 = CARTESIAN_POINT('',(2.802913187677E-03,0.953691700502));
#5698 = CARTESIAN_POINT('',(2.802913187677E-03,0.984534976078));
#5699 = CARTESIAN_POINT('',(2.802913187677E-03,1.));
#5700 = ( GEOMETRIC_REPRESENTATION_CONTEXT(2) 
PARAMETRIC_REPRESENTATION_CONTEXT() REPRESENTATION_CONTEXT('2D SPACE',''
  ) );
#5701 = PCURVE('',#477,#5702);
#5702 = DEFINITIONAL_REPRESENTATION('',(#5703),#5729);
#5703 = B_SPLINE_CURVE_WITH_KNOTS('',3,(#5704,#5705,#5706,#5707,#5708,
    #5709,#5710,#5711,#5712,#5713,#5714,#5715,#5716,#5717,#5718,#5719,
    #5720,#5721,#5722,#5723,#5724,#5725,#5726,#5727,#5728),
  .UNSPECIFIED.,.F.,.F.,(4,1,1,1,1,1,1,1,1,1,1,1,1,1,1,1,1,1,1,1,1,1,4),
  (1.887136137175,1.918940661675,1.950745186175,1.982549710674,
    2.014354235174,2.046158759674,2.077963284174,2.109767808674,
    2.141572333173,2.173376857673,2.205181382173,2.236985906673,
    2.268790431173,2.300594955672,2.332399480172,2.364204004672,
    2.396008529172,2.427813053672,2.459617578171,2.491422102671,
    2.523226627171,2.555031151671,2.586835676171),
  .QUASI_UNIFORM_KNOTS.);
#5704 = CARTESIAN_POINT('',(-3.459756895037E-16,0.));
#5705 = CARTESIAN_POINT('',(-3.459756895037E-16,1.546502391969E-02));
#5706 = CARTESIAN_POINT('',(-3.459756895037E-16,4.630829949321E-02));
#5707 = CARTESIAN_POINT('',(-3.459756895037E-16,9.23377590193E-02));
#5708 = CARTESIAN_POINT('',(-3.459756895037E-16,0.138156804529));
#5709 = CARTESIAN_POINT('',(-3.459756895037E-16,0.18378985685));
#5710 = CARTESIAN_POINT('',(-3.459756895037E-16,0.229260999457));
#5711 = CARTESIAN_POINT('',(-3.459756895037E-16,0.274593969157));
#5712 = CARTESIAN_POINT('',(-3.459756895037E-16,0.319812222798));
#5713 = CARTESIAN_POINT('',(-3.459756895037E-16,0.364938981972));
#5714 = CARTESIAN_POINT('',(-3.459756895037E-16,0.409997282266));
#5715 = CARTESIAN_POINT('',(-3.459756895037E-16,0.455010020206));
#5716 = CARTESIAN_POINT('',(-3.459756895037E-16,0.500000000003));
#5717 = CARTESIAN_POINT('',(-3.459756895037E-16,0.5449899798));
#5718 = CARTESIAN_POINT('',(-3.459756895037E-16,0.590002717739));
#5719 = CARTESIAN_POINT('',(-3.459756895037E-16,0.635061018033));
#5720 = CARTESIAN_POINT('',(-3.459756895037E-16,0.680187777208));
#5721 = CARTESIAN_POINT('',(-3.459756895037E-16,0.725406030849));
#5722 = CARTESIAN_POINT('',(-3.459756895037E-16,0.770739000549));
#5723 = CARTESIAN_POINT('',(-3.459756895037E-16,0.816210143156));
#5724 = CARTESIAN_POINT('',(-3.459756895037E-16,0.861843195477));
#5725 = CARTESIAN_POINT('',(-3.459756895037E-16,0.907662240986));
#5726 = CARTESIAN_POINT('',(-3.459756895037E-16,0.953691700514));
#5727 = CARTESIAN_POINT('',(-3.459756895037E-16,0.984534976084));
#5728 = CARTESIAN_POINT('',(-3.459756895037E-16,1.));
#5729 = ( GEOMETRIC_REPRESENTATION_CONTEXT(2) 
PARAMETRIC_REPRESENTATION_CONTEXT() REPRESENTATION_CONTEXT('2D SPACE',''
  ) );
#5730 = ORIENTED_EDGE('',*,*,#251,.T.);
#5731 = ORIENTED_EDGE('',*,*,#5639,.F.);
#5732 = ADVANCED_FACE('',(#5733),#477,.F.);
#5733 = FACE_BOUND('',#5734,.F.);
#5734 = EDGE_LOOP('',(#5735,#5736,#5802,#5803));
#5735 = ORIENTED_EDGE('',*,*,#3025,.T.);
#5736 = ORIENTED_EDGE('',*,*,#5737,.T.);
#5737 = EDGE_CURVE('',#2424,#439,#5738,.T.);
#5738 = SURFACE_CURVE('',#5739,(#5744,#5773),.PCURVE_S1.);
#5739 = CIRCLE('',#5740,0.3);
#5740 = AXIS2_PLACEMENT_3D('',#5741,#5742,#5743);
#5741 = CARTESIAN_POINT('',(1.665852127046,-1.E-01,1.569504484481));
#5742 = DIRECTION('',(-0.153033894189,-0.987001258301,
    -4.908302497975E-02));
#5743 = DIRECTION('',(0.988192324575,-0.15321856823,1.74765543712E-17));
#5744 = PCURVE('',#477,#5745);
#5745 = DEFINITIONAL_REPRESENTATION('',(#5746),#5772);
#5746 = B_SPLINE_CURVE_WITH_KNOTS('',3,(#5747,#5748,#5749,#5750,#5751,
    #5752,#5753,#5754,#5755,#5756,#5757,#5758,#5759,#5760,#5761,#5762,
    #5763,#5764,#5765,#5766,#5767,#5768,#5769,#5770,#5771),
  .UNSPECIFIED.,.F.,.F.,(4,1,1,1,1,1,1,1,1,1,1,1,1,1,1,1,1,1,1,1,1,1,4),
  (1.877379248952,1.907886064244,1.938392879537,1.96889969483,
    1.999406510123,2.029913325416,2.060420140709,2.090926956002,
    2.121433771295,2.151940586587,2.18244740188,2.212954217173,
    2.243461032466,2.273967847759,2.304474663052,2.334981478345,
    2.365488293638,2.39599510893,2.426501924223,2.457008739516,
    2.487515554809,2.518022370102,2.548529185395),
  .QUASI_UNIFORM_KNOTS.);
#5747 = CARTESIAN_POINT('',(6.977190829371E-05,0.));
#5748 = CARTESIAN_POINT('',(6.977190829371E-05,1.543963220558E-02));
#5749 = CARTESIAN_POINT('',(6.977190829371E-05,4.623924629709E-02));
#5750 = CARTESIAN_POINT('',(6.977190829371E-05,9.222245092866E-02));
#5751 = CARTESIAN_POINT('',(6.977190829371E-05,0.138012322606));
#5752 = CARTESIAN_POINT('',(6.977190829371E-05,0.183631223037));
#5753 = CARTESIAN_POINT('',(6.977190829371E-05,0.229101229091));
#5754 = CARTESIAN_POINT('',(6.977190829371E-05,0.27444412479));
#5755 = CARTESIAN_POINT('',(6.977190829371E-05,0.319681457451));
#5756 = CARTESIAN_POINT('',(6.977190829371E-05,0.36483457537));
#5757 = CARTESIAN_POINT('',(6.977190829371E-05,0.4099246694));
#5758 = CARTESIAN_POINT('',(6.977190829371E-05,0.45497281264));
#5759 = CARTESIAN_POINT('',(6.977190829371E-05,0.5));
#5760 = CARTESIAN_POINT('',(6.977190829371E-05,0.54502718736));
#5761 = CARTESIAN_POINT('',(6.977190829371E-05,0.5900753306));
#5762 = CARTESIAN_POINT('',(6.977190829371E-05,0.63516542463));
#5763 = CARTESIAN_POINT('',(6.977190829371E-05,0.680318542549));
#5764 = CARTESIAN_POINT('',(6.977190829371E-05,0.72555587521));
#5765 = CARTESIAN_POINT('',(6.977190829371E-05,0.770898770909));
#5766 = CARTESIAN_POINT('',(6.977190829371E-05,0.816368776963));
#5767 = CARTESIAN_POINT('',(6.977190829371E-05,0.861987677394));
#5768 = CARTESIAN_POINT('',(6.977190829371E-05,0.907777549071));
#5769 = CARTESIAN_POINT('',(6.977190829371E-05,0.953760753703));
#5770 = CARTESIAN_POINT('',(6.977190829371E-05,0.984560367794));
#5771 = CARTESIAN_POINT('',(6.977190829371E-05,1.));
#5772 = ( GEOMETRIC_REPRESENTATION_CONTEXT(2) 
PARAMETRIC_REPRESENTATION_CONTEXT() REPRESENTATION_CONTEXT('2D SPACE',''
  ) );
#5773 = PCURVE('',#558,#5774);
#5774 = DEFINITIONAL_REPRESENTATION('',(#5775),#5801);
#5775 = B_SPLINE_CURVE_WITH_KNOTS('',3,(#5776,#5777,#5778,#5779,#5780,
    #5781,#5782,#5783,#5784,#5785,#5786,#5787,#5788,#5789,#5790,#5791,
    #5792,#5793,#5794,#5795,#5796,#5797,#5798,#5799,#5800),
  .UNSPECIFIED.,.F.,.F.,(4,1,1,1,1,1,1,1,1,1,1,1,1,1,1,1,1,1,1,1,1,1,4),
  (1.877379248952,1.907886064244,1.938392879537,1.96889969483,
    1.999406510123,2.029913325416,2.060420140709,2.090926956002,
    2.121433771295,2.151940586587,2.18244740188,2.212954217173,
    2.243461032466,2.273967847759,2.304474663052,2.334981478345,
    2.365488293638,2.39599510893,2.426501924223,2.457008739516,
    2.487515554809,2.518022370102,2.548529185395),
  .QUASI_UNIFORM_KNOTS.);
#5776 = CARTESIAN_POINT('',(2.E-04,1.));
#5777 = CARTESIAN_POINT('',(2.E-04,0.984560367795));
#5778 = CARTESIAN_POINT('',(2.E-04,0.953760753704));
#5779 = CARTESIAN_POINT('',(2.E-04,0.907777549072));
#5780 = CARTESIAN_POINT('',(2.E-04,0.861987677395));
#5781 = CARTESIAN_POINT('',(2.E-04,0.816368776964));
#5782 = CARTESIAN_POINT('',(2.E-04,0.77089877091));
#5783 = CARTESIAN_POINT('',(2.E-04,0.725555875212));
#5784 = CARTESIAN_POINT('',(2.E-04,0.680318542551));
#5785 = CARTESIAN_POINT('',(2.E-04,0.635165424631));
#5786 = CARTESIAN_POINT('',(2.E-04,0.590075330601));
#5787 = CARTESIAN_POINT('',(2.E-04,0.545027187361));
#5788 = CARTESIAN_POINT('',(2.E-04,0.500000000002));
#5789 = CARTESIAN_POINT('',(2.E-04,0.454972812642));
#5790 = CARTESIAN_POINT('',(2.E-04,0.409924669402));
#5791 = CARTESIAN_POINT('',(2.E-04,0.364834575373));
#5792 = CARTESIAN_POINT('',(2.E-04,0.319681457453));
#5793 = CARTESIAN_POINT('',(2.E-04,0.274444124792));
#5794 = CARTESIAN_POINT('',(2.E-04,0.229101229093));
#5795 = CARTESIAN_POINT('',(2.E-04,0.18363122304));
#5796 = CARTESIAN_POINT('',(2.E-04,0.138012322609));
#5797 = CARTESIAN_POINT('',(2.E-04,9.222245093109E-02));
#5798 = CARTESIAN_POINT('',(2.E-04,4.623924630023E-02));
#5799 = CARTESIAN_POINT('',(2.E-04,1.543963220723E-02));
#5800 = CARTESIAN_POINT('',(2.E-04,0.));
#5801 = ( GEOMETRIC_REPRESENTATION_CONTEXT(2) 
PARAMETRIC_REPRESENTATION_CONTEXT() REPRESENTATION_CONTEXT('2D SPACE',''
  ) );
#5802 = ORIENTED_EDGE('',*,*,#438,.T.);
#5803 = ORIENTED_EDGE('',*,*,#5665,.F.);
#5804 = ADVANCED_FACE('',(#5805),#558,.F.);
#5805 = FACE_BOUND('',#5806,.F.);
#5806 = EDGE_LOOP('',(#5807,#5808,#5874,#5875,#5876));
#5807 = ORIENTED_EDGE('',*,*,#2423,.T.);
#5808 = ORIENTED_EDGE('',*,*,#5809,.T.);
#5809 = EDGE_CURVE('',#2395,#5307,#5810,.T.);
#5810 = SURFACE_CURVE('',#5811,(#5816,#5845),.PCURVE_S1.);
#5811 = CIRCLE('',#5812,0.3);
#5812 = AXIS2_PLACEMENT_3D('',#5813,#5814,#5815);
#5813 = CARTESIAN_POINT('',(1.665852127046,0.1,1.569504484481));
#5814 = DIRECTION('',(0.153033894189,-0.987001258301,4.908302497975E-02)
  );
#5815 = DIRECTION('',(0.988192324575,0.15321856823,-1.563781320278E-17)
  );
#5816 = PCURVE('',#558,#5817);
#5817 = DEFINITIONAL_REPRESENTATION('',(#5818),#5844);
#5818 = B_SPLINE_CURVE_WITH_KNOTS('',3,(#5819,#5820,#5821,#5822,#5823,
    #5824,#5825,#5826,#5827,#5828,#5829,#5830,#5831,#5832,#5833,#5834,
    #5835,#5836,#5837,#5838,#5839,#5840,#5841,#5842,#5843),
  .UNSPECIFIED.,.F.,.F.,(4,1,1,1,1,1,1,1,1,1,1,1,1,1,1,1,1,1,1,1,1,1,4),
  (1.877379248952,1.907886064244,1.938392879537,1.96889969483,
    1.999406510123,2.029913325416,2.060420140709,2.090926956002,
    2.121433771295,2.151940586587,2.18244740188,2.212954217173,
    2.243461032466,2.273967847759,2.304474663052,2.334981478345,
    2.365488293638,2.39599510893,2.426501924223,2.457008739516,
    2.487515554809,2.518022370102,2.548529185395),
  .QUASI_UNIFORM_KNOTS.);
#5819 = CARTESIAN_POINT('',(-4.404571325722E-19,1.));
#5820 = CARTESIAN_POINT('',(-4.404571325722E-19,0.984560367794));
#5821 = CARTESIAN_POINT('',(-4.404571325722E-19,0.953760753703));
#5822 = CARTESIAN_POINT('',(-4.404571325722E-19,0.907777549071));
#5823 = CARTESIAN_POINT('',(-4.404571325722E-19,0.861987677394));
#5824 = CARTESIAN_POINT('',(-4.404571325722E-19,0.816368776963));
#5825 = CARTESIAN_POINT('',(-4.404571325722E-19,0.770898770909));
#5826 = CARTESIAN_POINT('',(-4.404571325722E-19,0.72555587521));
#5827 = CARTESIAN_POINT('',(-4.404571325722E-19,0.680318542549));
#5828 = CARTESIAN_POINT('',(-4.404571325722E-19,0.63516542463));
#5829 = CARTESIAN_POINT('',(-4.404571325722E-19,0.5900753306));
#5830 = CARTESIAN_POINT('',(-4.404571325722E-19,0.54502718736));
#5831 = CARTESIAN_POINT('',(-4.404571325722E-19,0.5));
#5832 = CARTESIAN_POINT('',(-4.404571325722E-19,0.45497281264));
#5833 = CARTESIAN_POINT('',(-4.404571325722E-19,0.4099246694));
#5834 = CARTESIAN_POINT('',(-4.404571325722E-19,0.36483457537));
#5835 = CARTESIAN_POINT('',(-4.404571325722E-19,0.319681457451));
#5836 = CARTESIAN_POINT('',(-4.404571325722E-19,0.27444412479));
#5837 = CARTESIAN_POINT('',(-4.404571325722E-19,0.229101229091));
#5838 = CARTESIAN_POINT('',(-4.404571325722E-19,0.183631223037));
#5839 = CARTESIAN_POINT('',(-4.404571325722E-19,0.138012322606));
#5840 = CARTESIAN_POINT('',(-4.404571325722E-19,9.222245092866E-02));
#5841 = CARTESIAN_POINT('',(-4.404571325722E-19,4.623924629709E-02));
#5842 = CARTESIAN_POINT('',(-4.404571325722E-19,1.543963220558E-02));
#5843 = CARTESIAN_POINT('',(-4.404571325722E-19,0.));
#5844 = ( GEOMETRIC_REPRESENTATION_CONTEXT(2) 
PARAMETRIC_REPRESENTATION_CONTEXT() REPRESENTATION_CONTEXT('2D SPACE',''
  ) );
#5845 = PCURVE('',#4162,#5846);
#5846 = DEFINITIONAL_REPRESENTATION('',(#5847),#5873);
#5847 = B_SPLINE_CURVE_WITH_KNOTS('',3,(#5848,#5849,#5850,#5851,#5852,
    #5853,#5854,#5855,#5856,#5857,#5858,#5859,#5860,#5861,#5862,#5863,
    #5864,#5865,#5866,#5867,#5868,#5869,#5870,#5871,#5872),
  .UNSPECIFIED.,.F.,.F.,(4,1,1,1,1,1,1,1,1,1,1,1,1,1,1,1,1,1,1,1,1,1,4),
  (1.877379248952,1.907886064244,1.938392879537,1.96889969483,
    1.999406510123,2.029913325416,2.060420140709,2.090926956002,
    2.121433771295,2.151940586587,2.18244740188,2.212954217173,
    2.243461032466,2.273967847759,2.304474663052,2.334981478345,
    2.365488293638,2.39599510893,2.426501924223,2.457008739516,
    2.487515554809,2.518022370102,2.548529185395),
  .QUASI_UNIFORM_KNOTS.);
#5848 = CARTESIAN_POINT('',(-6.776263578034E-19,0.));
#5849 = CARTESIAN_POINT('',(-6.776263578034E-19,1.543963220559E-02));
#5850 = CARTESIAN_POINT('',(-6.776263578034E-19,4.62392462971E-02));
#5851 = CARTESIAN_POINT('',(-6.776263578034E-19,9.222245092866E-02));
#5852 = CARTESIAN_POINT('',(-6.776263578034E-19,0.138012322606));
#5853 = CARTESIAN_POINT('',(-6.776263578034E-19,0.183631223037));
#5854 = CARTESIAN_POINT('',(-6.776263578034E-19,0.229101229091));
#5855 = CARTESIAN_POINT('',(-6.776263578034E-19,0.27444412479));
#5856 = CARTESIAN_POINT('',(-6.776263578034E-19,0.319681457451));
#5857 = CARTESIAN_POINT('',(-6.776263578034E-19,0.36483457537));
#5858 = CARTESIAN_POINT('',(-6.776263578034E-19,0.4099246694));
#5859 = CARTESIAN_POINT('',(-6.776263578034E-19,0.45497281264));
#5860 = CARTESIAN_POINT('',(-6.776263578034E-19,0.5));
#5861 = CARTESIAN_POINT('',(-6.776263578034E-19,0.54502718736));
#5862 = CARTESIAN_POINT('',(-6.776263578034E-19,0.5900753306));
#5863 = CARTESIAN_POINT('',(-6.776263578034E-19,0.63516542463));
#5864 = CARTESIAN_POINT('',(-6.776263578034E-19,0.680318542549));
#5865 = CARTESIAN_POINT('',(-6.776263578034E-19,0.72555587521));
#5866 = CARTESIAN_POINT('',(-6.776263578034E-19,0.770898770909));
#5867 = CARTESIAN_POINT('',(-6.776263578034E-19,0.816368776963));
#5868 = CARTESIAN_POINT('',(-6.776263578034E-19,0.861987677394));
#5869 = CARTESIAN_POINT('',(-6.776263578034E-19,0.907777549071));
#5870 = CARTESIAN_POINT('',(-6.776263578034E-19,0.953760753703));
#5871 = CARTESIAN_POINT('',(-6.776263578034E-19,0.984560367794));
#5872 = CARTESIAN_POINT('',(-6.776263578034E-19,1.));
#5873 = ( GEOMETRIC_REPRESENTATION_CONTEXT(2) 
PARAMETRIC_REPRESENTATION_CONTEXT() REPRESENTATION_CONTEXT('2D SPACE',''
  ) );
#5874 = ORIENTED_EDGE('',*,*,#5306,.T.);
#5875 = ORIENTED_EDGE('',*,*,#519,.T.);
#5876 = ORIENTED_EDGE('',*,*,#5737,.F.);
#5877 = ADVANCED_FACE('',(#5878),#4162,.F.);
#5878 = FACE_BOUND('',#5879,.F.);
#5879 = EDGE_LOOP('',(#5880,#5881,#5947,#5948));
#5880 = ORIENTED_EDGE('',*,*,#4123,.T.);
#5881 = ORIENTED_EDGE('',*,*,#5882,.T.);
#5882 = EDGE_CURVE('',#4124,#5375,#5883,.T.);
#5883 = SURFACE_CURVE('',#5884,(#5889,#5918),.PCURVE_S1.);
#5884 = CIRCLE('',#5885,0.3);
#5885 = AXIS2_PLACEMENT_3D('',#5886,#5887,#5888);
#5886 = CARTESIAN_POINT('',(1.652961067771,0.168516843686,1.566787517589
    ));
#5887 = DIRECTION('',(0.216759917998,-0.975786010904,2.927112694627E-02)
  );
#5888 = DIRECTION('',(0.976204305897,0.216852837539,-2.38288066362E-17)
  );
#5889 = PCURVE('',#4162,#5890);
#5890 = DEFINITIONAL_REPRESENTATION('',(#5891),#5917);
#5891 = B_SPLINE_CURVE_WITH_KNOTS('',3,(#5892,#5893,#5894,#5895,#5896,
    #5897,#5898,#5899,#5900,#5901,#5902,#5903,#5904,#5905,#5906,#5907,
    #5908,#5909,#5910,#5911,#5912,#5913,#5914,#5915,#5916),
  .UNSPECIFIED.,.F.,.F.,(4,1,1,1,1,1,1,1,1,1,1,1,1,1,1,1,1,1,1,1,1,1,4),
  (1.887136137184,1.918940661683,1.950745186183,1.982549710682,
    2.014354235181,2.046158759681,2.07796328418,2.10976780868,
    2.141572333179,2.173376857678,2.205181382178,2.236985906677,
    2.268790431176,2.300594955676,2.332399480175,2.364204004675,
    2.396008529174,2.427813053673,2.459617578173,2.491422102672,
    2.523226627172,2.555031151671,2.58683567617),.QUASI_UNIFORM_KNOTS.);
#5892 = CARTESIAN_POINT('',(6.977190829424E-05,0.));
#5893 = CARTESIAN_POINT('',(6.977190829424E-05,1.546502392734E-02));
#5894 = CARTESIAN_POINT('',(6.977190829424E-05,4.630829950776E-02));
#5895 = CARTESIAN_POINT('',(6.977190829424E-05,9.233775903023E-02));
#5896 = CARTESIAN_POINT('',(6.977190829424E-05,0.13815680454));
#5897 = CARTESIAN_POINT('',(6.977190829424E-05,0.18378985686));
#5898 = CARTESIAN_POINT('',(6.977190829424E-05,0.229260999467));
#5899 = CARTESIAN_POINT('',(6.977190829424E-05,0.274593969166));
#5900 = CARTESIAN_POINT('',(6.977190829424E-05,0.319812222806));
#5901 = CARTESIAN_POINT('',(6.977190829424E-05,0.36493898198));
#5902 = CARTESIAN_POINT('',(6.977190829424E-05,0.409997282274));
#5903 = CARTESIAN_POINT('',(6.977190829424E-05,0.455010020212));
#5904 = CARTESIAN_POINT('',(6.977190829424E-05,0.500000000009));
#5905 = CARTESIAN_POINT('',(6.977190829424E-05,0.544989979806));
#5906 = CARTESIAN_POINT('',(6.977190829424E-05,0.590002717744));
#5907 = CARTESIAN_POINT('',(6.977190829424E-05,0.635061018038));
#5908 = CARTESIAN_POINT('',(6.977190829424E-05,0.680187777212));
#5909 = CARTESIAN_POINT('',(6.977190829424E-05,0.725406030852));
#5910 = CARTESIAN_POINT('',(6.977190829424E-05,0.770739000552));
#5911 = CARTESIAN_POINT('',(6.977190829424E-05,0.816210143158));
#5912 = CARTESIAN_POINT('',(6.977190829424E-05,0.861843195478));
#5913 = CARTESIAN_POINT('',(6.977190829424E-05,0.907662240987));
#5914 = CARTESIAN_POINT('',(6.977190829424E-05,0.953691700514));
#5915 = CARTESIAN_POINT('',(6.977190829424E-05,0.984534976084));
#5916 = CARTESIAN_POINT('',(6.977190829424E-05,1.));
#5917 = ( GEOMETRIC_REPRESENTATION_CONTEXT(2) 
PARAMETRIC_REPRESENTATION_CONTEXT() REPRESENTATION_CONTEXT('2D SPACE',''
  ) );
#5918 = PCURVE('',#4496,#5919);
#5919 = DEFINITIONAL_REPRESENTATION('',(#5920),#5946);
#5920 = B_SPLINE_CURVE_WITH_KNOTS('',3,(#5921,#5922,#5923,#5924,#5925,
    #5926,#5927,#5928,#5929,#5930,#5931,#5932,#5933,#5934,#5935,#5936,
    #5937,#5938,#5939,#5940,#5941,#5942,#5943,#5944,#5945),
  .UNSPECIFIED.,.F.,.F.,(4,1,1,1,1,1,1,1,1,1,1,1,1,1,1,1,1,1,1,1,1,1,4),
  (1.887136137184,1.918940661683,1.950745186183,1.982549710682,
    2.014354235181,2.046158759681,2.07796328418,2.10976780868,
    2.141572333179,2.173376857678,2.205181382178,2.236985906677,
    2.268790431176,2.300594955676,2.332399480175,2.364204004675,
    2.396008529174,2.427813053673,2.459617578173,2.491422102672,
    2.523226627172,2.555031151671,2.58683567617),.QUASI_UNIFORM_KNOTS.);
#5921 = CARTESIAN_POINT('',(5.234257038217E-16,0.));
#5922 = CARTESIAN_POINT('',(5.234257038217E-16,1.546502392435E-02));
#5923 = CARTESIAN_POINT('',(5.234257038217E-16,4.630829950207E-02));
#5924 = CARTESIAN_POINT('',(5.234257038217E-16,9.233775902594E-02));
#5925 = CARTESIAN_POINT('',(5.234257038217E-16,0.138156804536));
#5926 = CARTESIAN_POINT('',(5.234257038217E-16,0.183789856856));
#5927 = CARTESIAN_POINT('',(5.234257038217E-16,0.229260999463));
#5928 = CARTESIAN_POINT('',(5.234257038217E-16,0.274593969162));
#5929 = CARTESIAN_POINT('',(5.234257038217E-16,0.319812222803));
#5930 = CARTESIAN_POINT('',(5.234257038217E-16,0.364938981977));
#5931 = CARTESIAN_POINT('',(5.234257038217E-16,0.409997282271));
#5932 = CARTESIAN_POINT('',(5.234257038217E-16,0.45501002021));
#5933 = CARTESIAN_POINT('',(5.234257038217E-16,0.500000000007));
#5934 = CARTESIAN_POINT('',(5.234257038217E-16,0.544989979803));
#5935 = CARTESIAN_POINT('',(5.234257038217E-16,0.590002717742));
#5936 = CARTESIAN_POINT('',(5.234257038217E-16,0.635061018036));
#5937 = CARTESIAN_POINT('',(5.234257038217E-16,0.68018777721));
#5938 = CARTESIAN_POINT('',(5.234257038217E-16,0.725406030851));
#5939 = CARTESIAN_POINT('',(5.234257038217E-16,0.77073900055));
#5940 = CARTESIAN_POINT('',(5.234257038217E-16,0.816210143157));
#5941 = CARTESIAN_POINT('',(5.234257038217E-16,0.861843195478));
#5942 = CARTESIAN_POINT('',(5.234257038217E-16,0.907662240987));
#5943 = CARTESIAN_POINT('',(5.234257038217E-16,0.953691700514));
#5944 = CARTESIAN_POINT('',(5.234257038217E-16,0.984534976084));
#5945 = CARTESIAN_POINT('',(5.234257038217E-16,1.));
#5946 = ( GEOMETRIC_REPRESENTATION_CONTEXT(2) 
PARAMETRIC_REPRESENTATION_CONTEXT() REPRESENTATION_CONTEXT('2D SPACE',''
  ) );
#5947 = ORIENTED_EDGE('',*,*,#5374,.T.);
#5948 = ORIENTED_EDGE('',*,*,#5809,.F.);
#5949 = ADVANCED_FACE('',(#5950),#4496,.F.);
#5950 = FACE_BOUND('',#5951,.F.);
#5951 = EDGE_LOOP('',(#5952,#5953,#5973,#5974));
#5952 = ORIENTED_EDGE('',*,*,#4421,.T.);
#5953 = ORIENTED_EDGE('',*,*,#5954,.T.);
#5954 = EDGE_CURVE('',#4422,#5443,#5955,.T.);
#5955 = SURFACE_CURVE('',#5956,(#5961,#5967),.PCURVE_S1.);
#5956 = CIRCLE('',#5957,0.3);
#5957 = AXIS2_PLACEMENT_3D('',#5958,#5959,#5960);
#5958 = CARTESIAN_POINT('',(-4.405485641538E-02,9.999999996651E-02,
    2.677119374398));
#5959 = DIRECTION('',(7.473610406226E-02,0.622834592928,-0.778775695949)
  );
#5960 = DIRECTION('',(2.823087628382E-17,0.780959769635,0.624581330342)
  );
#5961 = PCURVE('',#4496,#5962);
#5962 = DEFINITIONAL_REPRESENTATION('',(#5963),#5966);
#5963 = B_SPLINE_CURVE_WITH_KNOTS('',1,(#5964,#5965),.UNSPECIFIED.,.F.,
  .F.,(2,2),(1.511096316368,1.614263916989),.PIECEWISE_BEZIER_KNOTS.);
#5964 = CARTESIAN_POINT('',(2.828339263906E-03,4.447012477817E-10));
#5965 = CARTESIAN_POINT('',(2.828339263906E-03,1.));
#5966 = ( GEOMETRIC_REPRESENTATION_CONTEXT(2) 
PARAMETRIC_REPRESENTATION_CONTEXT() REPRESENTATION_CONTEXT('2D SPACE',''
  ) );
#5967 = PCURVE('',#4697,#5968);
#5968 = DEFINITIONAL_REPRESENTATION('',(#5969),#5972);
#5969 = B_SPLINE_CURVE_WITH_KNOTS('',1,(#5970,#5971),.UNSPECIFIED.,.F.,
  .F.,(2,2),(1.511096316368,1.614263916989),.PIECEWISE_BEZIER_KNOTS.);
#5970 = CARTESIAN_POINT('',(-4.403023574671E-15,4.72377494168E-10));
#5971 = CARTESIAN_POINT('',(-3.123363902855E-15,1.));
#5972 = ( GEOMETRIC_REPRESENTATION_CONTEXT(2) 
PARAMETRIC_REPRESENTATION_CONTEXT() REPRESENTATION_CONTEXT('2D SPACE',''
  ) );
#5973 = ORIENTED_EDGE('',*,*,#5442,.T.);
#5974 = ORIENTED_EDGE('',*,*,#5882,.F.);
#5975 = ADVANCED_FACE('',(#5976),#4697,.F.);
#5976 = FACE_BOUND('',#5977,.F.);
#5977 = EDGE_LOOP('',(#5978,#5979,#5980));
#5978 = ORIENTED_EDGE('',*,*,#5954,.F.);
#5979 = ORIENTED_EDGE('',*,*,#4657,.T.);
#5980 = ORIENTED_EDGE('',*,*,#5564,.T.);
#5981 = ADVANCED_FACE('',(#5982),#1414,.F.);
#5982 = FACE_BOUND('',#5983,.F.);
#5983 = EDGE_LOOP('',(#5984,#6004,#6005));
#5984 = ORIENTED_EDGE('',*,*,#5985,.T.);
#5985 = EDGE_CURVE('',#1373,#1794,#5986,.T.);
#5986 = SURFACE_CURVE('',#5987,(#5992,#5998),.PCURVE_S1.);
#5987 = CIRCLE('',#5988,0.3);
#5988 = AXIS2_PLACEMENT_3D('',#5989,#5990,#5991);
#5989 = CARTESIAN_POINT('',(5.044054856414,-1.E-01,2.677119374428));
#5990 = DIRECTION('',(7.473610405458E-02,0.622834592956,0.778775695928)
  );
#5991 = DIRECTION('',(-1.04514241952E-17,-0.780959769613,0.624581330369)
  );
#5992 = PCURVE('',#1414,#5993);
#5993 = DEFINITIONAL_REPRESENTATION('',(#5994),#5997);
#5994 = B_SPLINE_CURVE_WITH_KNOTS('',1,(#5995,#5996),.UNSPECIFIED.,.F.,
  .F.,(2,2),(4.668921390043,4.772088990664),.PIECEWISE_BEZIER_KNOTS.);
#5995 = CARTESIAN_POINT('',(3.601450007085E-18,0.999999999999));
#5996 = CARTESIAN_POINT('',(2.517450518208E-18,4.68049853057E-10));
#5997 = ( GEOMETRIC_REPRESENTATION_CONTEXT(2) 
PARAMETRIC_REPRESENTATION_CONTEXT() REPRESENTATION_CONTEXT('2D SPACE',''
  ) );
#5998 = PCURVE('',#1531,#5999);
#5999 = DEFINITIONAL_REPRESENTATION('',(#6000),#6003);
#6000 = B_SPLINE_CURVE_WITH_KNOTS('',1,(#6001,#6002),.UNSPECIFIED.,.F.,
  .F.,(2,2),(4.668921390043,4.772088990664),.PIECEWISE_BEZIER_KNOTS.);
#6001 = CARTESIAN_POINT('',(-1.166698705052E-16,1.140684802203E-12));
#6002 = CARTESIAN_POINT('',(-1.031838485156E-15,0.999999999556));
#6003 = ( GEOMETRIC_REPRESENTATION_CONTEXT(2) 
PARAMETRIC_REPRESENTATION_CONTEXT() REPRESENTATION_CONTEXT('2D SPACE',''
  ) );
#6004 = ORIENTED_EDGE('',*,*,#1901,.T.);
#6005 = ORIENTED_EDGE('',*,*,#1372,.T.);
#6006 = ADVANCED_FACE('',(#6007),#1531,.F.);
#6007 = FACE_BOUND('',#6008,.F.);
#6008 = EDGE_LOOP('',(#6009,#6010,#6076,#6077));
#6009 = ORIENTED_EDGE('',*,*,#1456,.T.);
#6010 = ORIENTED_EDGE('',*,*,#6011,.T.);
#6011 = EDGE_CURVE('',#1457,#3093,#6012,.T.);
#6012 = SURFACE_CURVE('',#6013,(#6018,#6047),.PCURVE_S1.);
#6013 = CIRCLE('',#6014,0.3);
#6014 = AXIS2_PLACEMENT_3D('',#6015,#6016,#6017);
#6015 = CARTESIAN_POINT('',(3.347038932229,-0.168516843686,
    1.566787517589));
#6016 = DIRECTION('',(0.216759918004,-0.975786010903,-2.927112694816E-02
    ));
#6017 = DIRECTION('',(0.976204305895,0.216852837545,-2.739929911166E-17)
  );
#6018 = PCURVE('',#1531,#6019);
#6019 = DEFINITIONAL_REPRESENTATION('',(#6020),#6046);
#6020 = B_SPLINE_CURVE_WITH_KNOTS('',3,(#6021,#6022,#6023,#6024,#6025,
    #6026,#6027,#6028,#6029,#6030,#6031,#6032,#6033,#6034,#6035,#6036,
    #6037,#6038,#6039,#6040,#6041,#6042,#6043,#6044,#6045),
  .UNSPECIFIED.,.F.,.F.,(4,1,1,1,1,1,1,1,1,1,1,1,1,1,1,1,1,1,1,1,1,1,4),
  (0.554756977421,0.58656150192,0.618366026419,0.650170550919,
    0.681975075418,0.713779599917,0.745584124417,0.777388648916,
    0.809193173415,0.840997697915,0.872802222414,0.904606746913,
    0.936411271413,0.968215795912,1.000020320411,1.031824844911,
    1.06362936941,1.095433893909,1.127238418409,1.159042942908,
    1.190847467407,1.222651991907,1.254456516406),
  .QUASI_UNIFORM_KNOTS.);
#6021 = CARTESIAN_POINT('',(2.80291318766E-03,0.));
#6022 = CARTESIAN_POINT('',(2.80291318766E-03,1.546502392292E-02));
#6023 = CARTESIAN_POINT('',(2.80291318766E-03,4.63082994992E-02));
#6024 = CARTESIAN_POINT('',(2.80291318766E-03,9.233775902323E-02));
#6025 = CARTESIAN_POINT('',(2.80291318766E-03,0.138156804533));
#6026 = CARTESIAN_POINT('',(2.80291318766E-03,0.183789856852));
#6027 = CARTESIAN_POINT('',(2.80291318766E-03,0.229260999459));
#6028 = CARTESIAN_POINT('',(2.80291318766E-03,0.274593969158));
#6029 = CARTESIAN_POINT('',(2.80291318766E-03,0.319812222798));
#6030 = CARTESIAN_POINT('',(2.80291318766E-03,0.364938981972));
#6031 = CARTESIAN_POINT('',(2.80291318766E-03,0.409997282266));
#6032 = CARTESIAN_POINT('',(2.80291318766E-03,0.455010020204));
#6033 = CARTESIAN_POINT('',(2.80291318766E-03,0.5));
#6034 = CARTESIAN_POINT('',(2.80291318766E-03,0.544989979797));
#6035 = CARTESIAN_POINT('',(2.80291318766E-03,0.590002717735));
#6036 = CARTESIAN_POINT('',(2.80291318766E-03,0.635061018029));
#6037 = CARTESIAN_POINT('',(2.80291318766E-03,0.680187777203));
#6038 = CARTESIAN_POINT('',(2.80291318766E-03,0.725406030843));
#6039 = CARTESIAN_POINT('',(2.80291318766E-03,0.770739000542));
#6040 = CARTESIAN_POINT('',(2.80291318766E-03,0.816210143148));
#6041 = CARTESIAN_POINT('',(2.80291318766E-03,0.861843195468));
#6042 = CARTESIAN_POINT('',(2.80291318766E-03,0.907662240977));
#6043 = CARTESIAN_POINT('',(2.80291318766E-03,0.953691700501));
#6044 = CARTESIAN_POINT('',(2.80291318766E-03,0.984534976077));
#6045 = CARTESIAN_POINT('',(2.80291318766E-03,1.));
#6046 = ( GEOMETRIC_REPRESENTATION_CONTEXT(2) 
PARAMETRIC_REPRESENTATION_CONTEXT() REPRESENTATION_CONTEXT('2D SPACE',''
  ) );
#6047 = PCURVE('',#1682,#6048);
#6048 = DEFINITIONAL_REPRESENTATION('',(#6049),#6075);
#6049 = B_SPLINE_CURVE_WITH_KNOTS('',3,(#6050,#6051,#6052,#6053,#6054,
    #6055,#6056,#6057,#6058,#6059,#6060,#6061,#6062,#6063,#6064,#6065,
    #6066,#6067,#6068,#6069,#6070,#6071,#6072,#6073,#6074),
  .UNSPECIFIED.,.F.,.F.,(4,1,1,1,1,1,1,1,1,1,1,1,1,1,1,1,1,1,1,1,1,1,4),
  (0.554756977421,0.58656150192,0.618366026419,0.650170550919,
    0.681975075418,0.713779599917,0.745584124417,0.777388648916,
    0.809193173415,0.840997697915,0.872802222414,0.904606746913,
    0.936411271413,0.968215795912,1.000020320411,1.031824844911,
    1.06362936941,1.095433893909,1.127238418409,1.159042942908,
    1.190847467407,1.222651991907,1.254456516406),
  .QUASI_UNIFORM_KNOTS.);
#6050 = CARTESIAN_POINT('',(-5.110759634507E-16,0.));
#6051 = CARTESIAN_POINT('',(-5.110759634507E-16,1.546502391677E-02));
#6052 = CARTESIAN_POINT('',(-5.110759634507E-16,4.630829948735E-02));
#6053 = CARTESIAN_POINT('',(-5.110759634507E-16,9.233775901382E-02));
#6054 = CARTESIAN_POINT('',(-5.110759634507E-16,0.138156804523));
#6055 = CARTESIAN_POINT('',(-5.110759634507E-16,0.183789856843));
#6056 = CARTESIAN_POINT('',(-5.110759634507E-16,0.229260999449));
#6057 = CARTESIAN_POINT('',(-5.110759634507E-16,0.274593969149));
#6058 = CARTESIAN_POINT('',(-5.110759634507E-16,0.319812222789));
#6059 = CARTESIAN_POINT('',(-5.110759634507E-16,0.364938981963));
#6060 = CARTESIAN_POINT('',(-5.110759634507E-16,0.409997282256));
#6061 = CARTESIAN_POINT('',(-5.110759634507E-16,0.455010020195));
#6062 = CARTESIAN_POINT('',(-5.110759634507E-16,0.499999999992));
#6063 = CARTESIAN_POINT('',(-5.110759634507E-16,0.544989979788));
#6064 = CARTESIAN_POINT('',(-5.110759634507E-16,0.590002717727));
#6065 = CARTESIAN_POINT('',(-5.110759634507E-16,0.63506101802));
#6066 = CARTESIAN_POINT('',(-5.110759634507E-16,0.680187777194));
#6067 = CARTESIAN_POINT('',(-5.110759634507E-16,0.725406030834));
#6068 = CARTESIAN_POINT('',(-5.110759634507E-16,0.770739000534));
#6069 = CARTESIAN_POINT('',(-5.110759634507E-16,0.81621014314));
#6070 = CARTESIAN_POINT('',(-5.110759634507E-16,0.86184319546));
#6071 = CARTESIAN_POINT('',(-5.110759634507E-16,0.90766224097));
#6072 = CARTESIAN_POINT('',(-5.110759634507E-16,0.953691700492));
#6073 = CARTESIAN_POINT('',(-5.110759634507E-16,0.984534976073));
#6074 = CARTESIAN_POINT('',(-5.110759634507E-16,1.));
#6075 = ( GEOMETRIC_REPRESENTATION_CONTEXT(2) 
PARAMETRIC_REPRESENTATION_CONTEXT() REPRESENTATION_CONTEXT('2D SPACE',''
  ) );
#6076 = ORIENTED_EDGE('',*,*,#5125,.T.);
#6077 = ORIENTED_EDGE('',*,*,#5985,.F.);
#6078 = ADVANCED_FACE('',(#6079),#1682,.F.);
#6079 = FACE_BOUND('',#6080,.F.);
#6080 = EDGE_LOOP('',(#6081,#6082,#6148,#6149));
#6081 = ORIENTED_EDGE('',*,*,#1643,.T.);
#6082 = ORIENTED_EDGE('',*,*,#6083,.T.);
#6083 = EDGE_CURVE('',#1644,#2322,#6084,.T.);
#6084 = SURFACE_CURVE('',#6085,(#6090,#6119),.PCURVE_S1.);
#6085 = CIRCLE('',#6086,0.3);
#6086 = AXIS2_PLACEMENT_3D('',#6087,#6088,#6089);
#6087 = CARTESIAN_POINT('',(3.334147872954,-0.1,1.569504484481));
#6088 = DIRECTION('',(0.153033894189,-0.987001258301,-4.908302497975E-02
    ));
#6089 = DIRECTION('',(0.988192324575,0.15321856823,-1.672835636538E-17)
  );
#6090 = PCURVE('',#1682,#6091);
#6091 = DEFINITIONAL_REPRESENTATION('',(#6092),#6118);
#6092 = B_SPLINE_CURVE_WITH_KNOTS('',3,(#6093,#6094,#6095,#6096,#6097,
    #6098,#6099,#6100,#6101,#6102,#6103,#6104,#6105,#6106,#6107,#6108,
    #6109,#6110,#6111,#6112,#6113,#6114,#6115,#6116,#6117),
  .UNSPECIFIED.,.F.,.F.,(4,1,1,1,1,1,1,1,1,1,1,1,1,1,1,1,1,1,1,1,1,1,4),
  (0.593063468195,0.623570283488,0.654077098781,0.684583914074,
    0.715090729366,0.745597544659,0.776104359952,0.806611175245,
    0.837117990538,0.867624805831,0.898131621124,0.928638436417,
    0.959145251709,0.989652067002,1.020158882295,1.050665697588,
    1.081172512881,1.111679328174,1.142186143467,1.17269295876,
    1.203199774052,1.233706589345,1.264213404638),
  .QUASI_UNIFORM_KNOTS.);
#6093 = CARTESIAN_POINT('',(6.977190829371E-05,0.));
#6094 = CARTESIAN_POINT('',(6.977190829371E-05,1.543963220558E-02));
#6095 = CARTESIAN_POINT('',(6.977190829371E-05,4.623924629707E-02));
#6096 = CARTESIAN_POINT('',(6.977190829371E-05,9.222245092864E-02));
#6097 = CARTESIAN_POINT('',(6.977190829371E-05,0.138012322606));
#6098 = CARTESIAN_POINT('',(6.977190829371E-05,0.183631223037));
#6099 = CARTESIAN_POINT('',(6.977190829371E-05,0.229101229091));
#6100 = CARTESIAN_POINT('',(6.977190829371E-05,0.27444412479));
#6101 = CARTESIAN_POINT('',(6.977190829371E-05,0.319681457451));
#6102 = CARTESIAN_POINT('',(6.977190829371E-05,0.36483457537));
#6103 = CARTESIAN_POINT('',(6.977190829371E-05,0.4099246694));
#6104 = CARTESIAN_POINT('',(6.977190829371E-05,0.45497281264));
#6105 = CARTESIAN_POINT('',(6.977190829371E-05,0.5));
#6106 = CARTESIAN_POINT('',(6.977190829371E-05,0.54502718736));
#6107 = CARTESIAN_POINT('',(6.977190829371E-05,0.5900753306));
#6108 = CARTESIAN_POINT('',(6.977190829371E-05,0.635165424629));
#6109 = CARTESIAN_POINT('',(6.977190829371E-05,0.680318542549));
#6110 = CARTESIAN_POINT('',(6.977190829371E-05,0.72555587521));
#6111 = CARTESIAN_POINT('',(6.977190829371E-05,0.770898770909));
#6112 = CARTESIAN_POINT('',(6.977190829371E-05,0.816368776963));
#6113 = CARTESIAN_POINT('',(6.977190829371E-05,0.861987677394));
#6114 = CARTESIAN_POINT('',(6.977190829371E-05,0.907777549071));
#6115 = CARTESIAN_POINT('',(6.977190829371E-05,0.953760753703));
#6116 = CARTESIAN_POINT('',(6.977190829371E-05,0.984560367794));
#6117 = CARTESIAN_POINT('',(6.977190829371E-05,1.));
#6118 = ( GEOMETRIC_REPRESENTATION_CONTEXT(2) 
PARAMETRIC_REPRESENTATION_CONTEXT() REPRESENTATION_CONTEXT('2D SPACE',''
  ) );
#6119 = PCURVE('',#900,#6120);
#6120 = DEFINITIONAL_REPRESENTATION('',(#6121),#6147);
#6121 = B_SPLINE_CURVE_WITH_KNOTS('',3,(#6122,#6123,#6124,#6125,#6126,
    #6127,#6128,#6129,#6130,#6131,#6132,#6133,#6134,#6135,#6136,#6137,
    #6138,#6139,#6140,#6141,#6142,#6143,#6144,#6145,#6146),
  .UNSPECIFIED.,.F.,.F.,(4,1,1,1,1,1,1,1,1,1,1,1,1,1,1,1,1,1,1,1,1,1,4),
  (0.593063468195,0.623570283488,0.654077098781,0.684583914074,
    0.715090729366,0.745597544659,0.776104359952,0.806611175245,
    0.837117990538,0.867624805831,0.898131621124,0.928638436417,
    0.959145251709,0.989652067002,1.020158882295,1.050665697588,
    1.081172512881,1.111679328174,1.142186143467,1.17269295876,
    1.203199774052,1.233706589345,1.264213404638),
  .QUASI_UNIFORM_KNOTS.);
#6122 = CARTESIAN_POINT('',(1.999999999992E-04,1.));
#6123 = CARTESIAN_POINT('',(1.999999999992E-04,0.984560367793));
#6124 = CARTESIAN_POINT('',(1.999999999992E-04,0.9537607537));
#6125 = CARTESIAN_POINT('',(1.999999999992E-04,0.907777549069));
#6126 = CARTESIAN_POINT('',(1.999999999992E-04,0.861987677391));
#6127 = CARTESIAN_POINT('',(1.999999999992E-04,0.81636877696));
#6128 = CARTESIAN_POINT('',(1.999999999992E-04,0.770898770907));
#6129 = CARTESIAN_POINT('',(1.999999999992E-04,0.725555875208));
#6130 = CARTESIAN_POINT('',(1.999999999992E-04,0.680318542547));
#6131 = CARTESIAN_POINT('',(1.999999999992E-04,0.635165424627));
#6132 = CARTESIAN_POINT('',(1.999999999992E-04,0.590075330598));
#6133 = CARTESIAN_POINT('',(1.999999999992E-04,0.545027187358));
#6134 = CARTESIAN_POINT('',(1.999999999992E-04,0.499999999998));
#6135 = CARTESIAN_POINT('',(1.999999999992E-04,0.454972812639));
#6136 = CARTESIAN_POINT('',(1.999999999992E-04,0.409924669399));
#6137 = CARTESIAN_POINT('',(1.999999999992E-04,0.364834575369));
#6138 = CARTESIAN_POINT('',(1.999999999992E-04,0.319681457449));
#6139 = CARTESIAN_POINT('',(1.999999999992E-04,0.274444124788));
#6140 = CARTESIAN_POINT('',(1.999999999992E-04,0.22910122909));
#6141 = CARTESIAN_POINT('',(1.999999999992E-04,0.183631223036));
#6142 = CARTESIAN_POINT('',(1.999999999992E-04,0.138012322605));
#6143 = CARTESIAN_POINT('',(1.999999999992E-04,9.222245092766E-02));
#6144 = CARTESIAN_POINT('',(1.999999999992E-04,4.623924629599E-02));
#6145 = CARTESIAN_POINT('',(1.999999999992E-04,1.543963220503E-02));
#6146 = CARTESIAN_POINT('',(1.999999999992E-04,0.));
#6147 = ( GEOMETRIC_REPRESENTATION_CONTEXT(2) 
PARAMETRIC_REPRESENTATION_CONTEXT() REPRESENTATION_CONTEXT('2D SPACE',''
  ) );
#6148 = ORIENTED_EDGE('',*,*,#3092,.T.);
#6149 = ORIENTED_EDGE('',*,*,#6011,.F.);
#6150 = ADVANCED_FACE('',(#6151),#900,.F.);
#6151 = FACE_BOUND('',#6152,.F.);
#6152 = EDGE_LOOP('',(#6153,#6154,#6155,#6221,#6222));
#6153 = ORIENTED_EDGE('',*,*,#1724,.T.);
#6154 = ORIENTED_EDGE('',*,*,#861,.T.);
#6155 = ORIENTED_EDGE('',*,*,#6156,.T.);
#6156 = EDGE_CURVE('',#862,#2320,#6157,.T.);
#6157 = SURFACE_CURVE('',#6158,(#6163,#6192),.PCURVE_S1.);
#6158 = CIRCLE('',#6159,0.3);
#6159 = AXIS2_PLACEMENT_3D('',#6160,#6161,#6162);
#6160 = CARTESIAN_POINT('',(3.334147872954,9.999999999901E-02,
    1.569504484481));
#6161 = DIRECTION('',(-0.153033894188,-0.987001258301,4.908302498005E-02
    ));
#6162 = DIRECTION('',(0.988192324575,-0.153218568229,1.551013602456E-17)
  );
#6163 = PCURVE('',#900,#6164);
#6164 = DEFINITIONAL_REPRESENTATION('',(#6165),#6191);
#6165 = B_SPLINE_CURVE_WITH_KNOTS('',3,(#6166,#6167,#6168,#6169,#6170,
    #6171,#6172,#6173,#6174,#6175,#6176,#6177,#6178,#6179,#6180,#6181,
    #6182,#6183,#6184,#6185,#6186,#6187,#6188,#6189,#6190),
  .UNSPECIFIED.,.F.,.F.,(4,1,1,1,1,1,1,1,1,1,1,1,1,1,1,1,1,1,1,1,1,1,4),
  (0.593063468196,0.623570283488,0.654077098781,0.684583914074,
    0.715090729367,0.74559754466,0.776104359953,0.806611175246,
    0.837117990538,0.867624805831,0.898131621124,0.928638436417,
    0.95914525171,0.989652067003,1.020158882296,1.050665697589,
    1.081172512881,1.111679328174,1.142186143467,1.17269295876,
    1.203199774053,1.233706589346,1.264213404639),
  .QUASI_UNIFORM_KNOTS.);
#6166 = CARTESIAN_POINT('',(1.696369824125E-16,1.));
#6167 = CARTESIAN_POINT('',(1.696369824125E-16,0.984560367794));
#6168 = CARTESIAN_POINT('',(1.696369824125E-16,0.953760753703));
#6169 = CARTESIAN_POINT('',(1.696369824125E-16,0.907777549071));
#6170 = CARTESIAN_POINT('',(1.696369824125E-16,0.861987677393));
#6171 = CARTESIAN_POINT('',(1.696369824125E-16,0.816368776963));
#6172 = CARTESIAN_POINT('',(1.696369824125E-16,0.770898770909));
#6173 = CARTESIAN_POINT('',(1.696369824125E-16,0.72555587521));
#6174 = CARTESIAN_POINT('',(1.696369824125E-16,0.680318542549));
#6175 = CARTESIAN_POINT('',(1.696369824125E-16,0.635165424629));
#6176 = CARTESIAN_POINT('',(1.696369824125E-16,0.590075330599));
#6177 = CARTESIAN_POINT('',(1.696369824125E-16,0.545027187359));
#6178 = CARTESIAN_POINT('',(1.696369824125E-16,0.5));
#6179 = CARTESIAN_POINT('',(1.696369824125E-16,0.45497281264));
#6180 = CARTESIAN_POINT('',(1.696369824125E-16,0.4099246694));
#6181 = CARTESIAN_POINT('',(1.696369824125E-16,0.36483457537));
#6182 = CARTESIAN_POINT('',(1.696369824125E-16,0.31968145745));
#6183 = CARTESIAN_POINT('',(1.696369824125E-16,0.274444124789));
#6184 = CARTESIAN_POINT('',(1.696369824125E-16,0.22910122909));
#6185 = CARTESIAN_POINT('',(1.696369824125E-16,0.183631223037));
#6186 = CARTESIAN_POINT('',(1.696369824125E-16,0.138012322606));
#6187 = CARTESIAN_POINT('',(1.696369824125E-16,9.222245092806E-02));
#6188 = CARTESIAN_POINT('',(1.696369824125E-16,4.623924629632E-02));
#6189 = CARTESIAN_POINT('',(1.696369824125E-16,1.543963220518E-02));
#6190 = CARTESIAN_POINT('',(1.696369824125E-16,0.));
#6191 = ( GEOMETRIC_REPRESENTATION_CONTEXT(2) 
PARAMETRIC_REPRESENTATION_CONTEXT() REPRESENTATION_CONTEXT('2D SPACE',''
  ) );
#6192 = PCURVE('',#987,#6193);
#6193 = DEFINITIONAL_REPRESENTATION('',(#6194),#6220);
#6194 = B_SPLINE_CURVE_WITH_KNOTS('',3,(#6195,#6196,#6197,#6198,#6199,
    #6200,#6201,#6202,#6203,#6204,#6205,#6206,#6207,#6208,#6209,#6210,
    #6211,#6212,#6213,#6214,#6215,#6216,#6217,#6218,#6219),
  .UNSPECIFIED.,.F.,.F.,(4,1,1,1,1,1,1,1,1,1,1,1,1,1,1,1,1,1,1,1,1,1,4),
  (0.593063468196,0.623570283488,0.654077098781,0.684583914074,
    0.715090729367,0.74559754466,0.776104359953,0.806611175246,
    0.837117990538,0.867624805831,0.898131621124,0.928638436417,
    0.95914525171,0.989652067003,1.020158882296,1.050665697589,
    1.081172512881,1.111679328174,1.142186143467,1.17269295876,
    1.203199774053,1.233706589346,1.264213404639),
  .QUASI_UNIFORM_KNOTS.);
#6195 = CARTESIAN_POINT('',(-4.404977901537E-16,0.));
#6196 = CARTESIAN_POINT('',(-4.404977901537E-16,1.543963220589E-02));
#6197 = CARTESIAN_POINT('',(-4.404977901537E-16,4.623924629768E-02));
#6198 = CARTESIAN_POINT('',(-4.404977901537E-16,9.222245092913E-02));
#6199 = CARTESIAN_POINT('',(-4.404977901537E-16,0.138012322607));
#6200 = CARTESIAN_POINT('',(-4.404977901537E-16,0.183631223038));
#6201 = CARTESIAN_POINT('',(-4.404977901537E-16,0.229101229092));
#6202 = CARTESIAN_POINT('',(-4.404977901537E-16,0.27444412479));
#6203 = CARTESIAN_POINT('',(-4.404977901537E-16,0.319681457451));
#6204 = CARTESIAN_POINT('',(-4.404977901537E-16,0.364834575371));
#6205 = CARTESIAN_POINT('',(-4.404977901537E-16,0.409924669401));
#6206 = CARTESIAN_POINT('',(-4.404977901537E-16,0.454972812641));
#6207 = CARTESIAN_POINT('',(-4.404977901537E-16,0.500000000001));
#6208 = CARTESIAN_POINT('',(-4.404977901537E-16,0.54502718736));
#6209 = CARTESIAN_POINT('',(-4.404977901537E-16,0.5900753306));
#6210 = CARTESIAN_POINT('',(-4.404977901537E-16,0.63516542463));
#6211 = CARTESIAN_POINT('',(-4.404977901537E-16,0.68031854255));
#6212 = CARTESIAN_POINT('',(-4.404977901537E-16,0.725555875211));
#6213 = CARTESIAN_POINT('',(-4.404977901537E-16,0.77089877091));
#6214 = CARTESIAN_POINT('',(-4.404977901537E-16,0.816368776963));
#6215 = CARTESIAN_POINT('',(-4.404977901537E-16,0.861987677394));
#6216 = CARTESIAN_POINT('',(-4.404977901537E-16,0.907777549072));
#6217 = CARTESIAN_POINT('',(-4.404977901537E-16,0.953760753704));
#6218 = CARTESIAN_POINT('',(-4.404977901537E-16,0.984560367795));
#6219 = CARTESIAN_POINT('',(-4.404977901537E-16,1.));
#6220 = ( GEOMETRIC_REPRESENTATION_CONTEXT(2) 
PARAMETRIC_REPRESENTATION_CONTEXT() REPRESENTATION_CONTEXT('2D SPACE',''
  ) );
#6221 = ORIENTED_EDGE('',*,*,#2319,.T.);
#6222 = ORIENTED_EDGE('',*,*,#6083,.F.);
#6223 = ADVANCED_FACE('',(#6224),#987,.F.);
#6224 = FACE_BOUND('',#6225,.F.);
#6225 = EDGE_LOOP('',(#6226,#6227,#6293,#6294));
#6226 = ORIENTED_EDGE('',*,*,#948,.T.);
#6227 = ORIENTED_EDGE('',*,*,#6228,.T.);
#6228 = EDGE_CURVE('',#949,#4278,#6229,.T.);
#6229 = SURFACE_CURVE('',#6230,(#6235,#6264),.PCURVE_S1.);
#6230 = CIRCLE('',#6231,0.3);
#6231 = AXIS2_PLACEMENT_3D('',#6232,#6233,#6234);
#6232 = CARTESIAN_POINT('',(3.347038932229,0.168516843686,1.566787517589
    ));
#6233 = DIRECTION('',(-0.216759918004,-0.975786010903,2.927112694807E-02
    ));
#6234 = DIRECTION('',(0.976204305895,-0.216852837545,2.447117666892E-17)
  );
#6235 = PCURVE('',#987,#6236);
#6236 = DEFINITIONAL_REPRESENTATION('',(#6237),#6263);
#6237 = B_SPLINE_CURVE_WITH_KNOTS('',3,(#6238,#6239,#6240,#6241,#6242,
    #6243,#6244,#6245,#6246,#6247,#6248,#6249,#6250,#6251,#6252,#6253,
    #6254,#6255,#6256,#6257,#6258,#6259,#6260,#6261,#6262),
  .UNSPECIFIED.,.F.,.F.,(4,1,1,1,1,1,1,1,1,1,1,1,1,1,1,1,1,1,1,1,1,1,4),
  (0.55475697742,0.58656150192,0.618366026419,0.650170550918,
    0.681975075418,0.713779599917,0.745584124417,0.777388648916,
    0.809193173415,0.840997697915,0.872802222414,0.904606746914,
    0.936411271413,0.968215795912,1.000020320412,1.031824844911,
    1.06362936941,1.09543389391,1.127238418409,1.159042942909,
    1.190847467408,1.222651991907,1.254456516407),
  .QUASI_UNIFORM_KNOTS.);
#6238 = CARTESIAN_POINT('',(6.977190829479E-05,0.));
#6239 = CARTESIAN_POINT('',(6.977190829479E-05,1.546502391655E-02));
#6240 = CARTESIAN_POINT('',(6.977190829479E-05,4.630829948694E-02));
#6241 = CARTESIAN_POINT('',(6.977190829479E-05,9.233775901357E-02));
#6242 = CARTESIAN_POINT('',(6.977190829479E-05,0.138156804522));
#6243 = CARTESIAN_POINT('',(6.977190829479E-05,0.183789856842));
#6244 = CARTESIAN_POINT('',(6.977190829479E-05,0.229260999449));
#6245 = CARTESIAN_POINT('',(6.977190829479E-05,0.274593969149));
#6246 = CARTESIAN_POINT('',(6.977190829479E-05,0.319812222789));
#6247 = CARTESIAN_POINT('',(6.977190829479E-05,0.364938981963));
#6248 = CARTESIAN_POINT('',(6.977190829479E-05,0.409997282257));
#6249 = CARTESIAN_POINT('',(6.977190829479E-05,0.455010020195));
#6250 = CARTESIAN_POINT('',(6.977190829479E-05,0.499999999992));
#6251 = CARTESIAN_POINT('',(6.977190829479E-05,0.544989979788));
#6252 = CARTESIAN_POINT('',(6.977190829479E-05,0.590002717727));
#6253 = CARTESIAN_POINT('',(6.977190829479E-05,0.635061018021));
#6254 = CARTESIAN_POINT('',(6.977190829479E-05,0.680187777195));
#6255 = CARTESIAN_POINT('',(6.977190829479E-05,0.725406030835));
#6256 = CARTESIAN_POINT('',(6.977190829479E-05,0.770739000534));
#6257 = CARTESIAN_POINT('',(6.977190829479E-05,0.816210143141));
#6258 = CARTESIAN_POINT('',(6.977190829479E-05,0.861843195461));
#6259 = CARTESIAN_POINT('',(6.977190829479E-05,0.907662240971));
#6260 = CARTESIAN_POINT('',(6.977190829479E-05,0.953691700493));
#6261 = CARTESIAN_POINT('',(6.977190829479E-05,0.984534976073));
#6262 = CARTESIAN_POINT('',(6.977190829479E-05,1.));
#6263 = ( GEOMETRIC_REPRESENTATION_CONTEXT(2) 
PARAMETRIC_REPRESENTATION_CONTEXT() REPRESENTATION_CONTEXT('2D SPACE',''
  ) );
#6264 = PCURVE('',#1100,#6265);
#6265 = DEFINITIONAL_REPRESENTATION('',(#6266),#6292);
#6266 = B_SPLINE_CURVE_WITH_KNOTS('',3,(#6267,#6268,#6269,#6270,#6271,
    #6272,#6273,#6274,#6275,#6276,#6277,#6278,#6279,#6280,#6281,#6282,
    #6283,#6284,#6285,#6286,#6287,#6288,#6289,#6290,#6291),
  .UNSPECIFIED.,.F.,.F.,(4,1,1,1,1,1,1,1,1,1,1,1,1,1,1,1,1,1,1,1,1,1,4),
  (0.55475697742,0.58656150192,0.618366026419,0.650170550918,
    0.681975075418,0.713779599917,0.745584124417,0.777388648916,
    0.809193173415,0.840997697915,0.872802222414,0.904606746914,
    0.936411271413,0.968215795912,1.000020320412,1.031824844911,
    1.06362936941,1.09543389391,1.127238418409,1.159042942909,
    1.190847467408,1.222651991907,1.254456516407),
  .QUASI_UNIFORM_KNOTS.);
#6267 = CARTESIAN_POINT('',(5.108489586209E-16,0.));
#6268 = CARTESIAN_POINT('',(5.108489586209E-16,1.546502391662E-02));
#6269 = CARTESIAN_POINT('',(5.108489586209E-16,4.630829948715E-02));
#6270 = CARTESIAN_POINT('',(5.108489586209E-16,9.2337759014E-02));
#6271 = CARTESIAN_POINT('',(5.108489586209E-16,0.138156804523));
#6272 = CARTESIAN_POINT('',(5.108489586209E-16,0.183789856843));
#6273 = CARTESIAN_POINT('',(5.108489586209E-16,0.22926099945));
#6274 = CARTESIAN_POINT('',(5.108489586209E-16,0.27459396915));
#6275 = CARTESIAN_POINT('',(5.108489586209E-16,0.31981222279));
#6276 = CARTESIAN_POINT('',(5.108489586209E-16,0.364938981965));
#6277 = CARTESIAN_POINT('',(5.108489586209E-16,0.409997282259));
#6278 = CARTESIAN_POINT('',(5.108489586209E-16,0.455010020197));
#6279 = CARTESIAN_POINT('',(5.108489586209E-16,0.499999999994));
#6280 = CARTESIAN_POINT('',(5.108489586209E-16,0.544989979791));
#6281 = CARTESIAN_POINT('',(5.108489586209E-16,0.59000271773));
#6282 = CARTESIAN_POINT('',(5.108489586209E-16,0.635061018024));
#6283 = CARTESIAN_POINT('',(5.108489586209E-16,0.680187777198));
#6284 = CARTESIAN_POINT('',(5.108489586209E-16,0.725406030839));
#6285 = CARTESIAN_POINT('',(5.108489586209E-16,0.770739000538));
#6286 = CARTESIAN_POINT('',(5.108489586209E-16,0.816210143145));
#6287 = CARTESIAN_POINT('',(5.108489586209E-16,0.861843195465));
#6288 = CARTESIAN_POINT('',(5.108489586209E-16,0.907662240975));
#6289 = CARTESIAN_POINT('',(5.108489586209E-16,0.953691700499));
#6290 = CARTESIAN_POINT('',(5.108489586209E-16,0.984534976076));
#6291 = CARTESIAN_POINT('',(5.108489586209E-16,1.));
#6292 = ( GEOMETRIC_REPRESENTATION_CONTEXT(2) 
PARAMETRIC_REPRESENTATION_CONTEXT() REPRESENTATION_CONTEXT('2D SPACE',''
  ) );
#6293 = ORIENTED_EDGE('',*,*,#4351,.T.);
#6294 = ORIENTED_EDGE('',*,*,#6156,.F.);
#6295 = ADVANCED_FACE('',(#6296),#1100,.F.);
#6296 = FACE_BOUND('',#6297,.F.);
#6297 = EDGE_LOOP('',(#6298,#6299,#6319,#6320));
#6298 = ORIENTED_EDGE('',*,*,#1029,.T.);
#6299 = ORIENTED_EDGE('',*,*,#6300,.T.);
#6300 = EDGE_CURVE('',#1030,#4876,#6301,.T.);
#6301 = SURFACE_CURVE('',#6302,(#6307,#6313),.PCURVE_S1.);
#6302 = CIRCLE('',#6303,0.3);
#6303 = AXIS2_PLACEMENT_3D('',#6304,#6305,#6306);
#6304 = CARTESIAN_POINT('',(5.044054856414,9.999999999984E-02,
    2.677119374429));
#6305 = DIRECTION('',(-7.473610405282E-02,0.622834592929,-0.77877569595)
  );
#6306 = DIRECTION('',(2.357457291181E-17,0.780959769635,0.624581330342)
  );
#6307 = PCURVE('',#1100,#6308);
#6308 = DEFINITIONAL_REPRESENTATION('',(#6309),#6312);
#6309 = B_SPLINE_CURVE_WITH_KNOTS('',1,(#6310,#6311),.UNSPECIFIED.,.F.,
  .F.,(2,2),(4.66892139004,4.772088990662),.PIECEWISE_BEZIER_KNOTS.);
#6310 = CARTESIAN_POINT('',(2.828339263901E-03,2.272974055425E-13));
#6311 = CARTESIAN_POINT('',(2.828339263901E-03,0.999999999557));
#6312 = ( GEOMETRIC_REPRESENTATION_CONTEXT(2) 
PARAMETRIC_REPRESENTATION_CONTEXT() REPRESENTATION_CONTEXT('2D SPACE',''
  ) );
#6313 = PCURVE('',#1254,#6314);
#6314 = DEFINITIONAL_REPRESENTATION('',(#6315),#6318);
#6315 = B_SPLINE_CURVE_WITH_KNOTS('',1,(#6316,#6317),.UNSPECIFIED.,.F.,
  .F.,(2,2),(4.66892139004,4.772088990662),.PIECEWISE_BEZIER_KNOTS.);
#6316 = CARTESIAN_POINT('',(-3.676029299003E-17,6.029744983049E-14));
#6317 = CARTESIAN_POINT('',(-1.316058604088E-15,0.99999999953));
#6318 = ( GEOMETRIC_REPRESENTATION_CONTEXT(2) 
PARAMETRIC_REPRESENTATION_CONTEXT() REPRESENTATION_CONTEXT('2D SPACE',''
  ) );
#6319 = ORIENTED_EDGE('',*,*,#4921,.T.);
#6320 = ORIENTED_EDGE('',*,*,#6228,.F.);
#6321 = ADVANCED_FACE('',(#6322),#1254,.F.);
#6322 = FACE_BOUND('',#6323,.F.);
#6323 = EDGE_LOOP('',(#6324,#6325,#6326));
#6324 = ORIENTED_EDGE('',*,*,#6300,.F.);
#6325 = ORIENTED_EDGE('',*,*,#1212,.T.);
#6326 = ORIENTED_EDGE('',*,*,#5051,.T.);
#6327 = ( GEOMETRIC_REPRESENTATION_CONTEXT(3) 
GLOBAL_UNCERTAINTY_ASSIGNED_CONTEXT((#6331)) 
GLOBAL_UNIT_ASSIGNED_CONTEXT((#6328,#6329,#6330)) REPRESENTATION_CONTEXT
('Context #1','3D Context with UNIT and UNCERTAINTY') );
#6328 = ( LENGTH_UNIT() NAMED_UNIT(*) SI_UNIT(.MILLI.,.METRE.) );
#6329 = ( NAMED_UNIT(*) PLANE_ANGLE_UNIT() SI_UNIT($,.RADIAN.) );
#6330 = ( NAMED_UNIT(*) SI_UNIT($,.STERADIAN.) SOLID_ANGLE_UNIT() );
#6331 = UNCERTAINTY_MEASURE_WITH_UNIT(LENGTH_MEASURE(2.E-04),#6328,
  'distance_accuracy_value','confusion accuracy');
#6332 = CONTEXT_DEPENDENT_SHAPE_REPRESENTATION(#6333,#6335);
#6333 = ( REPRESENTATION_RELATIONSHIP('','',#36,#10) 
REPRESENTATION_RELATIONSHIP_WITH_TRANSFORMATION(#6334) 
SHAPE_REPRESENTATION_RELATIONSHIP() );
#6334 = ITEM_DEFINED_TRANSFORMATION('','',#11,#15);
#6335 = PRODUCT_DEFINITION_SHAPE('Placement','Placement of an item',
  #6336);
#6336 = NEXT_ASSEMBLY_USAGE_OCCURRENCE('1','body','',#5,#31,$);
#6337 = PRODUCT_RELATED_PRODUCT_CATEGORY('part',$,(#33));
#6338 = SHAPE_DEFINITION_REPRESENTATION(#6339,#6345);
#6339 = PRODUCT_DEFINITION_SHAPE('','',#6340);
#6340 = PRODUCT_DEFINITION('design','',#6341,#6344);
#6341 = PRODUCT_DEFINITION_FORMATION('','',#6342);
#6342 = PRODUCT('leads','leads','',(#6343));
#6343 = PRODUCT_CONTEXT('',#2,'mechanical');
#6344 = PRODUCT_DEFINITION_CONTEXT('part definition',#2,'design');
#6345 = SHAPE_REPRESENTATION('',(#11,#6346,#6908),#7478);
#6346 = MANIFOLD_SOLID_BREP('',#6347);
#6347 = CLOSED_SHELL('',(#6348,#6467,#6549,#6598,#6603,#6636,#6744,#6796
    ,#6874,#6903));
#6348 = ADVANCED_FACE('',(#6349),#6364,.T.);
#6349 = FACE_BOUND('',#6350,.T.);
#6350 = EDGE_LOOP('',(#6351,#6387,#6416,#6445));
#6351 = ORIENTED_EDGE('',*,*,#6352,.T.);
#6352 = EDGE_CURVE('',#6353,#6355,#6357,.T.);
#6353 = VERTEX_POINT('',#6354);
#6354 = CARTESIAN_POINT('',(4.275,6.713443324581E-17,0.880459160514));
#6355 = VERTEX_POINT('',#6356);
#6356 = CARTESIAN_POINT('',(4.025,4.967653606491E-17,0.447446458622));
#6357 = SURFACE_CURVE('',#6358,(#6363,#6375),.PCURVE_S1.);
#6358 = CIRCLE('',#6359,0.25);
#6359 = AXIS2_PLACEMENT_3D('',#6360,#6361,#6362);
#6360 = CARTESIAN_POINT('',(4.15,7.37135696447E-17,0.663952809568));
#6361 = DIRECTION('',(-0.866025403784,5.551115123126E-17,0.5));
#6362 = DIRECTION('',(0.,-1.,1.110223024625E-16));
#6363 = PCURVE('',#6364,#6369);
#6364 = TOROIDAL_SURFACE('',#6365,0.3,0.25);
#6365 = AXIS2_PLACEMENT_3D('',#6366,#6367,#6368);
#6366 = CARTESIAN_POINT('',(4.3,1.025580099405E-16,0.923760430703));
#6367 = DIRECTION('',(-0.,1.,-1.110223024625E-16));
#6368 = DIRECTION('',(-1.,0.,0.));
#6369 = DEFINITIONAL_REPRESENTATION('',(#6370),#6374);
#6370 = LINE('',#6371,#6372);
#6371 = CARTESIAN_POINT('',(5.235987755983,4.712388980385));
#6372 = VECTOR('',#6373,1.);
#6373 = DIRECTION('',(8.481479150569E-16,-1.));
#6374 = ( GEOMETRIC_REPRESENTATION_CONTEXT(2) 
PARAMETRIC_REPRESENTATION_CONTEXT() REPRESENTATION_CONTEXT('2D SPACE',''
  ) );
#6375 = PCURVE('',#6376,#6381);
#6376 = CYLINDRICAL_SURFACE('',#6377,0.25);
#6377 = AXIS2_PLACEMENT_3D('',#6378,#6379,#6380);
#6378 = CARTESIAN_POINT('',(4.85,2.884444029575E-17,0.259807621135));
#6379 = DIRECTION('',(-0.866025403784,5.551115123126E-17,0.5));
#6380 = DIRECTION('',(-0.5,-9.614813431918E-17,-0.866025403784));
#6381 = DEFINITIONAL_REPRESENTATION('',(#6382),#6386);
#6382 = LINE('',#6383,#6384);
#6383 = CARTESIAN_POINT('',(1.570796326795,0.808290376865));
#6384 = VECTOR('',#6385,1.);
#6385 = DIRECTION('',(1.,-7.067899292141E-17));
#6386 = ( GEOMETRIC_REPRESENTATION_CONTEXT(2) 
PARAMETRIC_REPRESENTATION_CONTEXT() REPRESENTATION_CONTEXT('2D SPACE',''
  ) );
#6387 = ORIENTED_EDGE('',*,*,#6388,.T.);
#6388 = EDGE_CURVE('',#6355,#6389,#6391,.T.);
#6389 = VERTEX_POINT('',#6390);
#6390 = CARTESIAN_POINT('',(3.75,1.025580099405E-16,0.923760430703));
#6391 = SURFACE_CURVE('',#6392,(#6397,#6404),.PCURVE_S1.);
#6392 = CIRCLE('',#6393,0.55);
#6393 = AXIS2_PLACEMENT_3D('',#6394,#6395,#6396);
#6394 = CARTESIAN_POINT('',(4.3,1.025580099405E-16,0.923760430703));
#6395 = DIRECTION('',(0.,1.,-1.110223024625E-16));
#6396 = DIRECTION('',(-1.,0.,0.));
#6397 = PCURVE('',#6364,#6398);
#6398 = DEFINITIONAL_REPRESENTATION('',(#6399),#6403);
#6399 = LINE('',#6400,#6401);
#6400 = CARTESIAN_POINT('',(0.,0.));
#6401 = VECTOR('',#6402,1.);
#6402 = DIRECTION('',(1.,0.));
#6403 = ( GEOMETRIC_REPRESENTATION_CONTEXT(2) 
PARAMETRIC_REPRESENTATION_CONTEXT() REPRESENTATION_CONTEXT('2D SPACE',''
  ) );
#6404 = PCURVE('',#6405,#6410);
#6405 = TOROIDAL_SURFACE('',#6406,0.3,0.25);
#6406 = AXIS2_PLACEMENT_3D('',#6407,#6408,#6409);
#6407 = CARTESIAN_POINT('',(4.3,1.025580099405E-16,0.923760430703));
#6408 = DIRECTION('',(-0.,1.,-1.110223024625E-16));
#6409 = DIRECTION('',(-1.,0.,0.));
#6410 = DEFINITIONAL_REPRESENTATION('',(#6411),#6415);
#6411 = LINE('',#6412,#6413);
#6412 = CARTESIAN_POINT('',(0.,6.28318530718));
#6413 = VECTOR('',#6414,1.);
#6414 = DIRECTION('',(1.,0.));
#6415 = ( GEOMETRIC_REPRESENTATION_CONTEXT(2) 
PARAMETRIC_REPRESENTATION_CONTEXT() REPRESENTATION_CONTEXT('2D SPACE',''
  ) );
#6416 = ORIENTED_EDGE('',*,*,#6417,.F.);
#6417 = EDGE_CURVE('',#6418,#6389,#6420,.T.);
#6418 = VERTEX_POINT('',#6419);
#6419 = CARTESIAN_POINT('',(4.25,7.194183996177E-17,0.923760430703));
#6420 = SURFACE_CURVE('',#6421,(#6426,#6433),.PCURVE_S1.);
#6421 = CIRCLE('',#6422,0.25);
#6422 = AXIS2_PLACEMENT_3D('',#6423,#6424,#6425);
#6423 = CARTESIAN_POINT('',(4.,1.025580099405E-16,0.923760430703));
#6424 = DIRECTION('',(-0.,1.110223024625E-16,1.));
#6425 = DIRECTION('',(0.,-1.,1.110223024625E-16));
#6426 = PCURVE('',#6364,#6427);
#6427 = DEFINITIONAL_REPRESENTATION('',(#6428),#6432);
#6428 = LINE('',#6429,#6430);
#6429 = CARTESIAN_POINT('',(6.28318530718,4.712388980385));
#6430 = VECTOR('',#6431,1.);
#6431 = DIRECTION('',(0.,-1.));
#6432 = ( GEOMETRIC_REPRESENTATION_CONTEXT(2) 
PARAMETRIC_REPRESENTATION_CONTEXT() REPRESENTATION_CONTEXT('2D SPACE',''
  ) );
#6433 = PCURVE('',#6434,#6439);
#6434 = PLANE('',#6435);
#6435 = AXIS2_PLACEMENT_3D('',#6436,#6437,#6438);
#6436 = CARTESIAN_POINT('',(2.5,1.025580099405E-16,0.923760430703));
#6437 = DIRECTION('',(0.,1.110223024625E-16,1.));
#6438 = DIRECTION('',(0.,-1.,1.110223024625E-16));
#6439 = DEFINITIONAL_REPRESENTATION('',(#6440),#6444);
#6440 = CIRCLE('',#6441,0.25);
#6441 = AXIS2_PLACEMENT_2D('',#6442,#6443);
#6442 = CARTESIAN_POINT('',(0.,1.5));
#6443 = DIRECTION('',(1.,0.));
#6444 = ( GEOMETRIC_REPRESENTATION_CONTEXT(2) 
PARAMETRIC_REPRESENTATION_CONTEXT() REPRESENTATION_CONTEXT('2D SPACE',''
  ) );
#6445 = ORIENTED_EDGE('',*,*,#6446,.F.);
#6446 = EDGE_CURVE('',#6353,#6418,#6447,.T.);
#6447 = SURFACE_CURVE('',#6448,(#6453,#6460),.PCURVE_S1.);
#6448 = CIRCLE('',#6449,5.E-02);
#6449 = AXIS2_PLACEMENT_3D('',#6450,#6451,#6452);
#6450 = CARTESIAN_POINT('',(4.3,7.194183996177E-17,0.923760430703));
#6451 = DIRECTION('',(0.,1.,-1.110223024625E-16));
#6452 = DIRECTION('',(-1.,0.,0.));
#6453 = PCURVE('',#6364,#6454);
#6454 = DEFINITIONAL_REPRESENTATION('',(#6455),#6459);
#6455 = LINE('',#6456,#6457);
#6456 = CARTESIAN_POINT('',(8.881784197001E-16,3.14159265359));
#6457 = VECTOR('',#6458,1.);
#6458 = DIRECTION('',(1.,0.));
#6459 = ( GEOMETRIC_REPRESENTATION_CONTEXT(2) 
PARAMETRIC_REPRESENTATION_CONTEXT() REPRESENTATION_CONTEXT('2D SPACE',''
  ) );
#6460 = PCURVE('',#6405,#6461);
#6461 = DEFINITIONAL_REPRESENTATION('',(#6462),#6466);
#6462 = LINE('',#6463,#6464);
#6463 = CARTESIAN_POINT('',(8.881784197001E-16,3.14159265359));
#6464 = VECTOR('',#6465,1.);
#6465 = DIRECTION('',(1.,0.));
#6466 = ( GEOMETRIC_REPRESENTATION_CONTEXT(2) 
PARAMETRIC_REPRESENTATION_CONTEXT() REPRESENTATION_CONTEXT('2D SPACE',''
  ) );
#6467 = ADVANCED_FACE('',(#6468),#6376,.T.);
#6468 = FACE_BOUND('',#6469,.T.);
#6469 = EDGE_LOOP('',(#6470,#6498,#6527,#6548));
#6470 = ORIENTED_EDGE('',*,*,#6471,.F.);
#6471 = EDGE_CURVE('',#6472,#6353,#6474,.T.);
#6472 = VERTEX_POINT('',#6473);
#6473 = CARTESIAN_POINT('',(4.975,2.226530389686E-17,0.476313972081));
#6474 = SURFACE_CURVE('',#6475,(#6479,#6486),.PCURVE_S1.);
#6475 = LINE('',#6476,#6477);
#6476 = CARTESIAN_POINT('',(4.975,2.226530389686E-17,0.476313972081));
#6477 = VECTOR('',#6478,1.);
#6478 = DIRECTION('',(-0.866025403784,5.551115123126E-17,0.5));
#6479 = PCURVE('',#6376,#6480);
#6480 = DEFINITIONAL_REPRESENTATION('',(#6481),#6485);
#6481 = LINE('',#6482,#6483);
#6482 = CARTESIAN_POINT('',(3.14159265359,6.746771525753E-17));
#6483 = VECTOR('',#6484,1.);
#6484 = DIRECTION('',(0.,1.));
#6485 = ( GEOMETRIC_REPRESENTATION_CONTEXT(2) 
PARAMETRIC_REPRESENTATION_CONTEXT() REPRESENTATION_CONTEXT('2D SPACE',''
  ) );
#6486 = PCURVE('',#6487,#6492);
#6487 = CYLINDRICAL_SURFACE('',#6488,0.25);
#6488 = AXIS2_PLACEMENT_3D('',#6489,#6490,#6491);
#6489 = CARTESIAN_POINT('',(4.85,2.884444029575E-17,0.259807621135));
#6490 = DIRECTION('',(-0.866025403784,5.551115123126E-17,0.5));
#6491 = DIRECTION('',(-0.5,-9.614813431918E-17,-0.866025403784));
#6492 = DEFINITIONAL_REPRESENTATION('',(#6493),#6497);
#6493 = LINE('',#6494,#6495);
#6494 = CARTESIAN_POINT('',(3.14159265359,6.746771525753E-17));
#6495 = VECTOR('',#6496,1.);
#6496 = DIRECTION('',(0.,1.));
#6497 = ( GEOMETRIC_REPRESENTATION_CONTEXT(2) 
PARAMETRIC_REPRESENTATION_CONTEXT() REPRESENTATION_CONTEXT('2D SPACE',''
  ) );
#6498 = ORIENTED_EDGE('',*,*,#6499,.T.);
#6499 = EDGE_CURVE('',#6472,#6500,#6502,.T.);
#6500 = VERTEX_POINT('',#6501);
#6501 = CARTESIAN_POINT('',(4.725,4.807406715959E-18,4.330127018922E-02)
  );
#6502 = SURFACE_CURVE('',#6503,(#6508,#6515),.PCURVE_S1.);
#6503 = CIRCLE('',#6504,0.25);
#6504 = AXIS2_PLACEMENT_3D('',#6505,#6506,#6507);
#6505 = CARTESIAN_POINT('',(4.85,2.884444029575E-17,0.259807621135));
#6506 = DIRECTION('',(-0.866025403784,5.551115123126E-17,0.5));
#6507 = DIRECTION('',(0.,-1.,1.110223024625E-16));
#6508 = PCURVE('',#6376,#6509);
#6509 = DEFINITIONAL_REPRESENTATION('',(#6510),#6514);
#6510 = LINE('',#6511,#6512);
#6511 = CARTESIAN_POINT('',(1.570796326795,1.554312234475E-15));
#6512 = VECTOR('',#6513,1.);
#6513 = DIRECTION('',(1.,-2.827159716856E-16));
#6514 = ( GEOMETRIC_REPRESENTATION_CONTEXT(2) 
PARAMETRIC_REPRESENTATION_CONTEXT() REPRESENTATION_CONTEXT('2D SPACE',''
  ) );
#6515 = PCURVE('',#6516,#6521);
#6516 = TOROIDAL_SURFACE('',#6517,0.3,0.25);
#6517 = AXIS2_PLACEMENT_3D('',#6518,#6519,#6520);
#6518 = CARTESIAN_POINT('',(4.7,0.,0.));
#6519 = DIRECTION('',(0.,-1.,1.110223024625E-16));
#6520 = DIRECTION('',(1.,0.,0.));
#6521 = DEFINITIONAL_REPRESENTATION('',(#6522),#6526);
#6522 = LINE('',#6523,#6524);
#6523 = CARTESIAN_POINT('',(1.047197551197,7.853981633974));
#6524 = VECTOR('',#6525,1.);
#6525 = DIRECTION('',(2.473764752249E-15,-1.));
#6526 = ( GEOMETRIC_REPRESENTATION_CONTEXT(2) 
PARAMETRIC_REPRESENTATION_CONTEXT() REPRESENTATION_CONTEXT('2D SPACE',''
  ) );
#6527 = ORIENTED_EDGE('',*,*,#6528,.T.);
#6528 = EDGE_CURVE('',#6500,#6355,#6529,.T.);
#6529 = SURFACE_CURVE('',#6530,(#6534,#6541),.PCURVE_S1.);
#6530 = LINE('',#6531,#6532);
#6531 = CARTESIAN_POINT('',(4.725,4.807406715959E-18,4.330127018922E-02)
  );
#6532 = VECTOR('',#6533,1.);
#6533 = DIRECTION('',(-0.866025403784,5.551115123126E-17,0.5));
#6534 = PCURVE('',#6376,#6535);
#6535 = DEFINITIONAL_REPRESENTATION('',(#6536),#6540);
#6536 = LINE('',#6537,#6538);
#6537 = CARTESIAN_POINT('',(6.28318530718,-4.163336342344E-17));
#6538 = VECTOR('',#6539,1.);
#6539 = DIRECTION('',(0.,1.));
#6540 = ( GEOMETRIC_REPRESENTATION_CONTEXT(2) 
PARAMETRIC_REPRESENTATION_CONTEXT() REPRESENTATION_CONTEXT('2D SPACE',''
  ) );
#6541 = PCURVE('',#6487,#6542);
#6542 = DEFINITIONAL_REPRESENTATION('',(#6543),#6547);
#6543 = LINE('',#6544,#6545);
#6544 = CARTESIAN_POINT('',(0.,-4.163336342344E-17));
#6545 = VECTOR('',#6546,1.);
#6546 = DIRECTION('',(0.,1.));
#6547 = ( GEOMETRIC_REPRESENTATION_CONTEXT(2) 
PARAMETRIC_REPRESENTATION_CONTEXT() REPRESENTATION_CONTEXT('2D SPACE',''
  ) );
#6548 = ORIENTED_EDGE('',*,*,#6352,.F.);
#6549 = ADVANCED_FACE('',(#6550),#6405,.T.);
#6550 = FACE_BOUND('',#6551,.T.);
#6551 = EDGE_LOOP('',(#6552,#6553,#6575,#6576));
#6552 = ORIENTED_EDGE('',*,*,#6388,.F.);
#6553 = ORIENTED_EDGE('',*,*,#6554,.T.);
#6554 = EDGE_CURVE('',#6355,#6353,#6555,.T.);
#6555 = SURFACE_CURVE('',#6556,(#6561,#6568),.PCURVE_S1.);
#6556 = CIRCLE('',#6557,0.25);
#6557 = AXIS2_PLACEMENT_3D('',#6558,#6559,#6560);
#6558 = CARTESIAN_POINT('',(4.15,7.37135696447E-17,0.663952809568));
#6559 = DIRECTION('',(-0.866025403784,5.551115123126E-17,0.5));
#6560 = DIRECTION('',(0.,-1.,1.110223024625E-16));
#6561 = PCURVE('',#6405,#6562);
#6562 = DEFINITIONAL_REPRESENTATION('',(#6563),#6567);
#6563 = LINE('',#6564,#6565);
#6564 = CARTESIAN_POINT('',(5.235987755983,10.995574287564));
#6565 = VECTOR('',#6566,1.);
#6566 = DIRECTION('',(-8.481479150569E-16,-1.));
#6567 = ( GEOMETRIC_REPRESENTATION_CONTEXT(2) 
PARAMETRIC_REPRESENTATION_CONTEXT() REPRESENTATION_CONTEXT('2D SPACE',''
  ) );
#6568 = PCURVE('',#6487,#6569);
#6569 = DEFINITIONAL_REPRESENTATION('',(#6570),#6574);
#6570 = LINE('',#6571,#6572);
#6571 = CARTESIAN_POINT('',(-4.712388980385,0.808290376865));
#6572 = VECTOR('',#6573,1.);
#6573 = DIRECTION('',(1.,7.067899292141E-17));
#6574 = ( GEOMETRIC_REPRESENTATION_CONTEXT(2) 
PARAMETRIC_REPRESENTATION_CONTEXT() REPRESENTATION_CONTEXT('2D SPACE',''
  ) );
#6575 = ORIENTED_EDGE('',*,*,#6446,.T.);
#6576 = ORIENTED_EDGE('',*,*,#6577,.F.);
#6577 = EDGE_CURVE('',#6389,#6418,#6578,.T.);
#6578 = SURFACE_CURVE('',#6579,(#6584,#6591),.PCURVE_S1.);
#6579 = CIRCLE('',#6580,0.25);
#6580 = AXIS2_PLACEMENT_3D('',#6581,#6582,#6583);
#6581 = CARTESIAN_POINT('',(4.,1.025580099405E-16,0.923760430703));
#6582 = DIRECTION('',(-0.,1.110223024625E-16,1.));
#6583 = DIRECTION('',(0.,-1.,1.110223024625E-16));
#6584 = PCURVE('',#6405,#6585);
#6585 = DEFINITIONAL_REPRESENTATION('',(#6586),#6590);
#6586 = LINE('',#6587,#6588);
#6587 = CARTESIAN_POINT('',(6.28318530718,10.995574287564));
#6588 = VECTOR('',#6589,1.);
#6589 = DIRECTION('',(0.,-1.));
#6590 = ( GEOMETRIC_REPRESENTATION_CONTEXT(2) 
PARAMETRIC_REPRESENTATION_CONTEXT() REPRESENTATION_CONTEXT('2D SPACE',''
  ) );
#6591 = PCURVE('',#6434,#6592);
#6592 = DEFINITIONAL_REPRESENTATION('',(#6593),#6597);
#6593 = CIRCLE('',#6594,0.25);
#6594 = AXIS2_PLACEMENT_2D('',#6595,#6596);
#6595 = CARTESIAN_POINT('',(0.,1.5));
#6596 = DIRECTION('',(1.,0.));
#6597 = ( GEOMETRIC_REPRESENTATION_CONTEXT(2) 
PARAMETRIC_REPRESENTATION_CONTEXT() REPRESENTATION_CONTEXT('2D SPACE',''
  ) );
#6598 = ADVANCED_FACE('',(#6599),#6434,.T.);
#6599 = FACE_BOUND('',#6600,.T.);
#6600 = EDGE_LOOP('',(#6601,#6602));
#6601 = ORIENTED_EDGE('',*,*,#6417,.T.);
#6602 = ORIENTED_EDGE('',*,*,#6577,.T.);
#6603 = ADVANCED_FACE('',(#6604),#6487,.T.);
#6604 = FACE_BOUND('',#6605,.T.);
#6605 = EDGE_LOOP('',(#6606,#6633,#6634,#6635));
#6606 = ORIENTED_EDGE('',*,*,#6607,.T.);
#6607 = EDGE_CURVE('',#6500,#6472,#6608,.T.);
#6608 = SURFACE_CURVE('',#6609,(#6614,#6621),.PCURVE_S1.);
#6609 = CIRCLE('',#6610,0.25);
#6610 = AXIS2_PLACEMENT_3D('',#6611,#6612,#6613);
#6611 = CARTESIAN_POINT('',(4.85,2.884444029575E-17,0.259807621135));
#6612 = DIRECTION('',(-0.866025403784,5.551115123126E-17,0.5));
#6613 = DIRECTION('',(0.,-1.,1.110223024625E-16));
#6614 = PCURVE('',#6487,#6615);
#6615 = DEFINITIONAL_REPRESENTATION('',(#6616),#6620);
#6616 = LINE('',#6617,#6618);
#6617 = CARTESIAN_POINT('',(-4.712388980385,-1.110223024625E-15));
#6618 = VECTOR('',#6619,1.);
#6619 = DIRECTION('',(1.,2.827159716856E-16));
#6620 = ( GEOMETRIC_REPRESENTATION_CONTEXT(2) 
PARAMETRIC_REPRESENTATION_CONTEXT() REPRESENTATION_CONTEXT('2D SPACE',''
  ) );
#6621 = PCURVE('',#6622,#6627);
#6622 = TOROIDAL_SURFACE('',#6623,0.3,0.25);
#6623 = AXIS2_PLACEMENT_3D('',#6624,#6625,#6626);
#6624 = CARTESIAN_POINT('',(4.7,0.,0.));
#6625 = DIRECTION('',(0.,-1.,1.110223024625E-16));
#6626 = DIRECTION('',(1.,0.,0.));
#6627 = DEFINITIONAL_REPRESENTATION('',(#6628),#6632);
#6628 = LINE('',#6629,#6630);
#6629 = CARTESIAN_POINT('',(1.047197551197,7.853981633974));
#6630 = VECTOR('',#6631,1.);
#6631 = DIRECTION('',(-2.544443745171E-15,-1.));
#6632 = ( GEOMETRIC_REPRESENTATION_CONTEXT(2) 
PARAMETRIC_REPRESENTATION_CONTEXT() REPRESENTATION_CONTEXT('2D SPACE',''
  ) );
#6633 = ORIENTED_EDGE('',*,*,#6471,.T.);
#6634 = ORIENTED_EDGE('',*,*,#6554,.F.);
#6635 = ORIENTED_EDGE('',*,*,#6528,.F.);
#6636 = ADVANCED_FACE('',(#6637),#6516,.T.);
#6637 = FACE_BOUND('',#6638,.T.);
#6638 = EDGE_LOOP('',(#6639,#6663,#6692,#6721,#6743));
#6639 = ORIENTED_EDGE('',*,*,#6640,.F.);
#6640 = EDGE_CURVE('',#6641,#6472,#6643,.T.);
#6641 = VERTEX_POINT('',#6642);
#6642 = CARTESIAN_POINT('',(5.25,-1.925929944387E-31,-1.734723475977E-15
    ));
#6643 = SURFACE_CURVE('',#6644,(#6649,#6656),.PCURVE_S1.);
#6644 = CIRCLE('',#6645,0.55);
#6645 = AXIS2_PLACEMENT_3D('',#6646,#6647,#6648);
#6646 = CARTESIAN_POINT('',(4.7,0.,0.));
#6647 = DIRECTION('',(0.,-1.,1.110223024625E-16));
#6648 = DIRECTION('',(1.,0.,0.));
#6649 = PCURVE('',#6516,#6650);
#6650 = DEFINITIONAL_REPRESENTATION('',(#6651),#6655);
#6651 = LINE('',#6652,#6653);
#6652 = CARTESIAN_POINT('',(0.,6.28318530718));
#6653 = VECTOR('',#6654,1.);
#6654 = DIRECTION('',(1.,0.));
#6655 = ( GEOMETRIC_REPRESENTATION_CONTEXT(2) 
PARAMETRIC_REPRESENTATION_CONTEXT() REPRESENTATION_CONTEXT('2D SPACE',''
  ) );
#6656 = PCURVE('',#6622,#6657);
#6657 = DEFINITIONAL_REPRESENTATION('',(#6658),#6662);
#6658 = LINE('',#6659,#6660);
#6659 = CARTESIAN_POINT('',(0.,0.));
#6660 = VECTOR('',#6661,1.);
#6661 = DIRECTION('',(1.,0.));
#6662 = ( GEOMETRIC_REPRESENTATION_CONTEXT(2) 
PARAMETRIC_REPRESENTATION_CONTEXT() REPRESENTATION_CONTEXT('2D SPACE',''
  ) );
#6663 = ORIENTED_EDGE('',*,*,#6664,.T.);
#6664 = EDGE_CURVE('',#6641,#6665,#6667,.T.);
#6665 = VERTEX_POINT('',#6666);
#6666 = CARTESIAN_POINT('',(5.,0.25,-1.762479051592E-15));
#6667 = SURFACE_CURVE('',#6668,(#6673,#6680),.PCURVE_S1.);
#6668 = CIRCLE('',#6669,0.25);
#6669 = AXIS2_PLACEMENT_3D('',#6670,#6671,#6672);
#6670 = CARTESIAN_POINT('',(5.,-1.925929944387E-31,-1.734723475977E-15)
  );
#6671 = DIRECTION('',(-0.,1.110223024625E-16,1.));
#6672 = DIRECTION('',(0.,-1.,1.110223024625E-16));
#6673 = PCURVE('',#6516,#6674);
#6674 = DEFINITIONAL_REPRESENTATION('',(#6675),#6679);
#6675 = LINE('',#6676,#6677);
#6676 = CARTESIAN_POINT('',(0.,7.853981633974));
#6677 = VECTOR('',#6678,1.);
#6678 = DIRECTION('',(0.,-1.));
#6679 = ( GEOMETRIC_REPRESENTATION_CONTEXT(2) 
PARAMETRIC_REPRESENTATION_CONTEXT() REPRESENTATION_CONTEXT('2D SPACE',''
  ) );
#6680 = PCURVE('',#6681,#6686);
#6681 = CYLINDRICAL_SURFACE('',#6682,0.25);
#6682 = AXIS2_PLACEMENT_3D('',#6683,#6684,#6685);
#6683 = CARTESIAN_POINT('',(5.,-7.771561172376E-16,-7.));
#6684 = DIRECTION('',(0.,1.110223024625E-16,1.));
#6685 = DIRECTION('',(0.,-1.,1.110223024625E-16));
#6686 = DEFINITIONAL_REPRESENTATION('',(#6687),#6691);
#6687 = LINE('',#6688,#6689);
#6688 = CARTESIAN_POINT('',(0.,7.));
#6689 = VECTOR('',#6690,1.);
#6690 = DIRECTION('',(1.,0.));
#6691 = ( GEOMETRIC_REPRESENTATION_CONTEXT(2) 
PARAMETRIC_REPRESENTATION_CONTEXT() REPRESENTATION_CONTEXT('2D SPACE',''
  ) );
#6692 = ORIENTED_EDGE('',*,*,#6693,.T.);
#6693 = EDGE_CURVE('',#6665,#6694,#6696,.T.);
#6694 = VERTEX_POINT('',#6695);
#6695 = CARTESIAN_POINT('',(4.75,3.061616997868E-17,-1.734723475977E-15)
  );
#6696 = SURFACE_CURVE('',#6697,(#6702,#6709),.PCURVE_S1.);
#6697 = CIRCLE('',#6698,0.25);
#6698 = AXIS2_PLACEMENT_3D('',#6699,#6700,#6701);
#6699 = CARTESIAN_POINT('',(5.,-1.925929944387E-31,-1.734723475977E-15)
  );
#6700 = DIRECTION('',(-0.,1.110223024625E-16,1.));
#6701 = DIRECTION('',(0.,-1.,1.110223024625E-16));
#6702 = PCURVE('',#6516,#6703);
#6703 = DEFINITIONAL_REPRESENTATION('',(#6704),#6708);
#6704 = LINE('',#6705,#6706);
#6705 = CARTESIAN_POINT('',(0.,7.853981633974));
#6706 = VECTOR('',#6707,1.);
#6707 = DIRECTION('',(0.,-1.));
#6708 = ( GEOMETRIC_REPRESENTATION_CONTEXT(2) 
PARAMETRIC_REPRESENTATION_CONTEXT() REPRESENTATION_CONTEXT('2D SPACE',''
  ) );
#6709 = PCURVE('',#6710,#6715);
#6710 = CYLINDRICAL_SURFACE('',#6711,0.25);
#6711 = AXIS2_PLACEMENT_3D('',#6712,#6713,#6714);
#6712 = CARTESIAN_POINT('',(5.,-7.771561172376E-16,-7.));
#6713 = DIRECTION('',(0.,1.110223024625E-16,1.));
#6714 = DIRECTION('',(0.,-1.,1.110223024625E-16));
#6715 = DEFINITIONAL_REPRESENTATION('',(#6716),#6720);
#6716 = LINE('',#6717,#6718);
#6717 = CARTESIAN_POINT('',(0.,7.));
#6718 = VECTOR('',#6719,1.);
#6719 = DIRECTION('',(1.,0.));
#6720 = ( GEOMETRIC_REPRESENTATION_CONTEXT(2) 
PARAMETRIC_REPRESENTATION_CONTEXT() REPRESENTATION_CONTEXT('2D SPACE',''
  ) );
#6721 = ORIENTED_EDGE('',*,*,#6722,.T.);
#6722 = EDGE_CURVE('',#6694,#6500,#6723,.T.);
#6723 = SURFACE_CURVE('',#6724,(#6729,#6736),.PCURVE_S1.);
#6724 = CIRCLE('',#6725,5.E-02);
#6725 = AXIS2_PLACEMENT_3D('',#6726,#6727,#6728);
#6726 = CARTESIAN_POINT('',(4.7,3.061616997868E-17,-3.399077683617E-33)
  );
#6727 = DIRECTION('',(0.,-1.,1.110223024625E-16));
#6728 = DIRECTION('',(1.,0.,0.));
#6729 = PCURVE('',#6516,#6730);
#6730 = DEFINITIONAL_REPRESENTATION('',(#6731),#6735);
#6731 = LINE('',#6732,#6733);
#6732 = CARTESIAN_POINT('',(0.,3.14159265359));
#6733 = VECTOR('',#6734,1.);
#6734 = DIRECTION('',(1.,0.));
#6735 = ( GEOMETRIC_REPRESENTATION_CONTEXT(2) 
PARAMETRIC_REPRESENTATION_CONTEXT() REPRESENTATION_CONTEXT('2D SPACE',''
  ) );
#6736 = PCURVE('',#6622,#6737);
#6737 = DEFINITIONAL_REPRESENTATION('',(#6738),#6742);
#6738 = LINE('',#6739,#6740);
#6739 = CARTESIAN_POINT('',(0.,3.14159265359));
#6740 = VECTOR('',#6741,1.);
#6741 = DIRECTION('',(1.,0.));
#6742 = ( GEOMETRIC_REPRESENTATION_CONTEXT(2) 
PARAMETRIC_REPRESENTATION_CONTEXT() REPRESENTATION_CONTEXT('2D SPACE',''
  ) );
#6743 = ORIENTED_EDGE('',*,*,#6499,.F.);
#6744 = ADVANCED_FACE('',(#6745),#6622,.T.);
#6745 = FACE_BOUND('',#6746,.T.);
#6746 = EDGE_LOOP('',(#6747,#6771,#6772,#6773,#6774));
#6747 = ORIENTED_EDGE('',*,*,#6748,.T.);
#6748 = EDGE_CURVE('',#6749,#6641,#6751,.T.);
#6749 = VERTEX_POINT('',#6750);
#6750 = CARTESIAN_POINT('',(5.,-0.25,-1.706967900361E-15));
#6751 = SURFACE_CURVE('',#6752,(#6757,#6764),.PCURVE_S1.);
#6752 = CIRCLE('',#6753,0.25);
#6753 = AXIS2_PLACEMENT_3D('',#6754,#6755,#6756);
#6754 = CARTESIAN_POINT('',(5.,-1.925929944387E-31,-1.734723475977E-15)
  );
#6755 = DIRECTION('',(-0.,1.110223024625E-16,1.));
#6756 = DIRECTION('',(0.,-1.,1.110223024625E-16));
#6757 = PCURVE('',#6622,#6758);
#6758 = DEFINITIONAL_REPRESENTATION('',(#6759),#6763);
#6759 = LINE('',#6760,#6761);
#6760 = CARTESIAN_POINT('',(0.,1.570796326795));
#6761 = VECTOR('',#6762,1.);
#6762 = DIRECTION('',(0.,-1.));
#6763 = ( GEOMETRIC_REPRESENTATION_CONTEXT(2) 
PARAMETRIC_REPRESENTATION_CONTEXT() REPRESENTATION_CONTEXT('2D SPACE',''
  ) );
#6764 = PCURVE('',#6681,#6765);
#6765 = DEFINITIONAL_REPRESENTATION('',(#6766),#6770);
#6766 = LINE('',#6767,#6768);
#6767 = CARTESIAN_POINT('',(0.,7.));
#6768 = VECTOR('',#6769,1.);
#6769 = DIRECTION('',(1.,0.));
#6770 = ( GEOMETRIC_REPRESENTATION_CONTEXT(2) 
PARAMETRIC_REPRESENTATION_CONTEXT() REPRESENTATION_CONTEXT('2D SPACE',''
  ) );
#6771 = ORIENTED_EDGE('',*,*,#6640,.T.);
#6772 = ORIENTED_EDGE('',*,*,#6607,.F.);
#6773 = ORIENTED_EDGE('',*,*,#6722,.F.);
#6774 = ORIENTED_EDGE('',*,*,#6775,.T.);
#6775 = EDGE_CURVE('',#6694,#6749,#6776,.T.);
#6776 = SURFACE_CURVE('',#6777,(#6782,#6789),.PCURVE_S1.);
#6777 = CIRCLE('',#6778,0.25);
#6778 = AXIS2_PLACEMENT_3D('',#6779,#6780,#6781);
#6779 = CARTESIAN_POINT('',(5.,-1.925929944387E-31,-1.734723475977E-15)
  );
#6780 = DIRECTION('',(-0.,1.110223024625E-16,1.));
#6781 = DIRECTION('',(0.,-1.,1.110223024625E-16));
#6782 = PCURVE('',#6622,#6783);
#6783 = DEFINITIONAL_REPRESENTATION('',(#6784),#6788);
#6784 = LINE('',#6785,#6786);
#6785 = CARTESIAN_POINT('',(0.,7.853981633974));
#6786 = VECTOR('',#6787,1.);
#6787 = DIRECTION('',(0.,-1.));
#6788 = ( GEOMETRIC_REPRESENTATION_CONTEXT(2) 
PARAMETRIC_REPRESENTATION_CONTEXT() REPRESENTATION_CONTEXT('2D SPACE',''
  ) );
#6789 = PCURVE('',#6710,#6790);
#6790 = DEFINITIONAL_REPRESENTATION('',(#6791),#6795);
#6791 = LINE('',#6792,#6793);
#6792 = CARTESIAN_POINT('',(0.,7.));
#6793 = VECTOR('',#6794,1.);
#6794 = DIRECTION('',(1.,0.));
#6795 = ( GEOMETRIC_REPRESENTATION_CONTEXT(2) 
PARAMETRIC_REPRESENTATION_CONTEXT() REPRESENTATION_CONTEXT('2D SPACE',''
  ) );
#6796 = ADVANCED_FACE('',(#6797),#6681,.T.);
#6797 = FACE_BOUND('',#6798,.T.);
#6798 = EDGE_LOOP('',(#6799,#6822,#6851,#6872,#6873));
#6799 = ORIENTED_EDGE('',*,*,#6800,.F.);
#6800 = EDGE_CURVE('',#6801,#6749,#6803,.T.);
#6801 = VERTEX_POINT('',#6802);
#6802 = CARTESIAN_POINT('',(5.,-0.25,-2.6));
#6803 = SURFACE_CURVE('',#6804,(#6808,#6815),.PCURVE_S1.);
#6804 = LINE('',#6805,#6806);
#6805 = CARTESIAN_POINT('',(5.,-0.25,-7.));
#6806 = VECTOR('',#6807,1.);
#6807 = DIRECTION('',(0.,1.110223024625E-16,1.));
#6808 = PCURVE('',#6681,#6809);
#6809 = DEFINITIONAL_REPRESENTATION('',(#6810),#6814);
#6810 = LINE('',#6811,#6812);
#6811 = CARTESIAN_POINT('',(0.,0.));
#6812 = VECTOR('',#6813,1.);
#6813 = DIRECTION('',(0.,1.));
#6814 = ( GEOMETRIC_REPRESENTATION_CONTEXT(2) 
PARAMETRIC_REPRESENTATION_CONTEXT() REPRESENTATION_CONTEXT('2D SPACE',''
  ) );
#6815 = PCURVE('',#6710,#6816);
#6816 = DEFINITIONAL_REPRESENTATION('',(#6817),#6821);
#6817 = LINE('',#6818,#6819);
#6818 = CARTESIAN_POINT('',(6.28318530718,0.));
#6819 = VECTOR('',#6820,1.);
#6820 = DIRECTION('',(0.,1.));
#6821 = ( GEOMETRIC_REPRESENTATION_CONTEXT(2) 
PARAMETRIC_REPRESENTATION_CONTEXT() REPRESENTATION_CONTEXT('2D SPACE',''
  ) );
#6822 = ORIENTED_EDGE('',*,*,#6823,.T.);
#6823 = EDGE_CURVE('',#6801,#6824,#6826,.T.);
#6824 = VERTEX_POINT('',#6825);
#6825 = CARTESIAN_POINT('',(5.,0.25,-2.6));
#6826 = SURFACE_CURVE('',#6827,(#6832,#6839),.PCURVE_S1.);
#6827 = CIRCLE('',#6828,0.25);
#6828 = AXIS2_PLACEMENT_3D('',#6829,#6830,#6831);
#6829 = CARTESIAN_POINT('',(5.,-2.886579864025E-16,-2.6));
#6830 = DIRECTION('',(0.,1.110223024625E-16,1.));
#6831 = DIRECTION('',(0.,-1.,1.110223024625E-16));
#6832 = PCURVE('',#6681,#6833);
#6833 = DEFINITIONAL_REPRESENTATION('',(#6834),#6838);
#6834 = LINE('',#6835,#6836);
#6835 = CARTESIAN_POINT('',(0.,4.4));
#6836 = VECTOR('',#6837,1.);
#6837 = DIRECTION('',(1.,0.));
#6838 = ( GEOMETRIC_REPRESENTATION_CONTEXT(2) 
PARAMETRIC_REPRESENTATION_CONTEXT() REPRESENTATION_CONTEXT('2D SPACE',''
  ) );
#6839 = PCURVE('',#6840,#6845);
#6840 = PLANE('',#6841);
#6841 = AXIS2_PLACEMENT_3D('',#6842,#6843,#6844);
#6842 = CARTESIAN_POINT('',(-10.,-10.,-2.6));
#6843 = DIRECTION('',(0.,0.,1.));
#6844 = DIRECTION('',(1.,0.,-0.));
#6845 = DEFINITIONAL_REPRESENTATION('',(#6846),#6850);
#6846 = CIRCLE('',#6847,0.25);
#6847 = AXIS2_PLACEMENT_2D('',#6848,#6849);
#6848 = CARTESIAN_POINT('',(15.,10.));
#6849 = DIRECTION('',(0.,-1.));
#6850 = ( GEOMETRIC_REPRESENTATION_CONTEXT(2) 
PARAMETRIC_REPRESENTATION_CONTEXT() REPRESENTATION_CONTEXT('2D SPACE',''
  ) );
#6851 = ORIENTED_EDGE('',*,*,#6852,.T.);
#6852 = EDGE_CURVE('',#6824,#6665,#6853,.T.);
#6853 = SURFACE_CURVE('',#6854,(#6858,#6865),.PCURVE_S1.);
#6854 = LINE('',#6855,#6856);
#6855 = CARTESIAN_POINT('',(5.,0.25,-7.));
#6856 = VECTOR('',#6857,1.);
#6857 = DIRECTION('',(0.,1.110223024625E-16,1.));
#6858 = PCURVE('',#6681,#6859);
#6859 = DEFINITIONAL_REPRESENTATION('',(#6860),#6864);
#6860 = LINE('',#6861,#6862);
#6861 = CARTESIAN_POINT('',(3.14159265359,0.));
#6862 = VECTOR('',#6863,1.);
#6863 = DIRECTION('',(0.,1.));
#6864 = ( GEOMETRIC_REPRESENTATION_CONTEXT(2) 
PARAMETRIC_REPRESENTATION_CONTEXT() REPRESENTATION_CONTEXT('2D SPACE',''
  ) );
#6865 = PCURVE('',#6710,#6866);
#6866 = DEFINITIONAL_REPRESENTATION('',(#6867),#6871);
#6867 = LINE('',#6868,#6869);
#6868 = CARTESIAN_POINT('',(3.14159265359,0.));
#6869 = VECTOR('',#6870,1.);
#6870 = DIRECTION('',(0.,1.));
#6871 = ( GEOMETRIC_REPRESENTATION_CONTEXT(2) 
PARAMETRIC_REPRESENTATION_CONTEXT() REPRESENTATION_CONTEXT('2D SPACE',''
  ) );
#6872 = ORIENTED_EDGE('',*,*,#6664,.F.);
#6873 = ORIENTED_EDGE('',*,*,#6748,.F.);
#6874 = ADVANCED_FACE('',(#6875),#6710,.T.);
#6875 = FACE_BOUND('',#6876,.T.);
#6876 = EDGE_LOOP('',(#6877,#6878,#6900,#6901,#6902));
#6877 = ORIENTED_EDGE('',*,*,#6852,.F.);
#6878 = ORIENTED_EDGE('',*,*,#6879,.T.);
#6879 = EDGE_CURVE('',#6824,#6801,#6880,.T.);
#6880 = SURFACE_CURVE('',#6881,(#6886,#6893),.PCURVE_S1.);
#6881 = CIRCLE('',#6882,0.25);
#6882 = AXIS2_PLACEMENT_3D('',#6883,#6884,#6885);
#6883 = CARTESIAN_POINT('',(5.,-2.886579864025E-16,-2.6));
#6884 = DIRECTION('',(0.,1.110223024625E-16,1.));
#6885 = DIRECTION('',(0.,-1.,1.110223024625E-16));
#6886 = PCURVE('',#6710,#6887);
#6887 = DEFINITIONAL_REPRESENTATION('',(#6888),#6892);
#6888 = LINE('',#6889,#6890);
#6889 = CARTESIAN_POINT('',(0.,4.4));
#6890 = VECTOR('',#6891,1.);
#6891 = DIRECTION('',(1.,0.));
#6892 = ( GEOMETRIC_REPRESENTATION_CONTEXT(2) 
PARAMETRIC_REPRESENTATION_CONTEXT() REPRESENTATION_CONTEXT('2D SPACE',''
  ) );
#6893 = PCURVE('',#6840,#6894);
#6894 = DEFINITIONAL_REPRESENTATION('',(#6895),#6899);
#6895 = CIRCLE('',#6896,0.25);
#6896 = AXIS2_PLACEMENT_2D('',#6897,#6898);
#6897 = CARTESIAN_POINT('',(15.,10.));
#6898 = DIRECTION('',(0.,-1.));
#6899 = ( GEOMETRIC_REPRESENTATION_CONTEXT(2) 
PARAMETRIC_REPRESENTATION_CONTEXT() REPRESENTATION_CONTEXT('2D SPACE',''
  ) );
#6900 = ORIENTED_EDGE('',*,*,#6800,.T.);
#6901 = ORIENTED_EDGE('',*,*,#6775,.F.);
#6902 = ORIENTED_EDGE('',*,*,#6693,.F.);
#6903 = ADVANCED_FACE('',(#6904),#6840,.F.);
#6904 = FACE_BOUND('',#6905,.F.);
#6905 = EDGE_LOOP('',(#6906,#6907));
#6906 = ORIENTED_EDGE('',*,*,#6879,.T.);
#6907 = ORIENTED_EDGE('',*,*,#6823,.T.);
#6908 = MANIFOLD_SOLID_BREP('',#6909);
#6909 = CLOSED_SHELL('',(#6910,#7033,#7063,#7096,#7173,#7206,#7314,#7366
    ,#7444,#7473));
#6910 = ADVANCED_FACE('',(#6911),#6926,.T.);
#6911 = FACE_BOUND('',#6912,.T.);
#6912 = EDGE_LOOP('',(#6913,#6953,#6982,#7011));
#6913 = ORIENTED_EDGE('',*,*,#6914,.T.);
#6914 = EDGE_CURVE('',#6915,#6917,#6919,.T.);
#6915 = VERTEX_POINT('',#6916);
#6916 = CARTESIAN_POINT('',(0.75,7.194183996177E-17,0.923760430703));
#6917 = VERTEX_POINT('',#6918);
#6918 = CARTESIAN_POINT('',(1.25,1.025580099405E-16,0.923760430703));
#6919 = SURFACE_CURVE('',#6920,(#6925,#6937),.PCURVE_S1.);
#6920 = CIRCLE('',#6921,0.25);
#6921 = AXIS2_PLACEMENT_3D('',#6922,#6923,#6924);
#6922 = CARTESIAN_POINT('',(1.,1.025580099405E-16,0.923760430703));
#6923 = DIRECTION('',(-0.,-1.110223024625E-16,-1.));
#6924 = DIRECTION('',(0.,-1.,1.110223024625E-16));
#6925 = PCURVE('',#6926,#6931);
#6926 = TOROIDAL_SURFACE('',#6927,0.3,0.25);
#6927 = AXIS2_PLACEMENT_3D('',#6928,#6929,#6930);
#6928 = CARTESIAN_POINT('',(0.7,1.025580099405E-16,0.923760430703));
#6929 = DIRECTION('',(0.,1.,-1.110223024625E-16));
#6930 = DIRECTION('',(1.,0.,0.));
#6931 = DEFINITIONAL_REPRESENTATION('',(#6932),#6936);
#6932 = LINE('',#6933,#6934);
#6933 = CARTESIAN_POINT('',(0.,4.712388980385));
#6934 = VECTOR('',#6935,1.);
#6935 = DIRECTION('',(0.,-1.));
#6936 = ( GEOMETRIC_REPRESENTATION_CONTEXT(2) 
PARAMETRIC_REPRESENTATION_CONTEXT() REPRESENTATION_CONTEXT('2D SPACE',''
  ) );
#6937 = PCURVE('',#6938,#6943);
#6938 = PLANE('',#6939);
#6939 = AXIS2_PLACEMENT_3D('',#6940,#6941,#6942);
#6940 = CARTESIAN_POINT('',(2.5,1.025580099405E-16,0.923760430703));
#6941 = DIRECTION('',(0.,1.110223024625E-16,1.));
#6942 = DIRECTION('',(0.,-1.,1.110223024625E-16));
#6943 = DEFINITIONAL_REPRESENTATION('',(#6944),#6952);
#6944 = ( BOUNDED_CURVE() B_SPLINE_CURVE(2,(#6945,#6946,#6947,#6948,
#6949,#6950,#6951),.UNSPECIFIED.,.T.,.F.) B_SPLINE_CURVE_WITH_KNOTS((1,2
    ,2,2,2,1),(-2.094395102393,0.,2.094395102393,4.188790204786,
6.28318530718,8.377580409573),.UNSPECIFIED.) CURVE() 
GEOMETRIC_REPRESENTATION_ITEM() RATIONAL_B_SPLINE_CURVE((1.,0.5,1.,0.5,
1.,0.5,1.)) REPRESENTATION_ITEM('') );
#6945 = CARTESIAN_POINT('',(0.25,-1.5));
#6946 = CARTESIAN_POINT('',(0.25,-1.933012701892));
#6947 = CARTESIAN_POINT('',(-0.125,-1.716506350946));
#6948 = CARTESIAN_POINT('',(-0.5,-1.5));
#6949 = CARTESIAN_POINT('',(-0.125,-1.283493649054));
#6950 = CARTESIAN_POINT('',(0.25,-1.066987298108));
#6951 = CARTESIAN_POINT('',(0.25,-1.5));
#6952 = ( GEOMETRIC_REPRESENTATION_CONTEXT(2) 
PARAMETRIC_REPRESENTATION_CONTEXT() REPRESENTATION_CONTEXT('2D SPACE',''
  ) );
#6953 = ORIENTED_EDGE('',*,*,#6954,.T.);
#6954 = EDGE_CURVE('',#6917,#6955,#6957,.T.);
#6955 = VERTEX_POINT('',#6956);
#6956 = CARTESIAN_POINT('',(0.975,4.967653606491E-17,0.447446458622));
#6957 = SURFACE_CURVE('',#6958,(#6963,#6970),.PCURVE_S1.);
#6958 = CIRCLE('',#6959,0.55);
#6959 = AXIS2_PLACEMENT_3D('',#6960,#6961,#6962);
#6960 = CARTESIAN_POINT('',(0.7,1.025580099405E-16,0.923760430703));
#6961 = DIRECTION('',(-0.,1.,-1.110223024625E-16));
#6962 = DIRECTION('',(-1.,-0.,0.));
#6963 = PCURVE('',#6926,#6964);
#6964 = DEFINITIONAL_REPRESENTATION('',(#6965),#6969);
#6965 = LINE('',#6966,#6967);
#6966 = CARTESIAN_POINT('',(-3.14159265359,0.));
#6967 = VECTOR('',#6968,1.);
#6968 = DIRECTION('',(1.,0.));
#6969 = ( GEOMETRIC_REPRESENTATION_CONTEXT(2) 
PARAMETRIC_REPRESENTATION_CONTEXT() REPRESENTATION_CONTEXT('2D SPACE',''
  ) );
#6970 = PCURVE('',#6971,#6976);
#6971 = TOROIDAL_SURFACE('',#6972,0.3,0.25);
#6972 = AXIS2_PLACEMENT_3D('',#6973,#6974,#6975);
#6973 = CARTESIAN_POINT('',(0.7,1.025580099405E-16,0.923760430703));
#6974 = DIRECTION('',(0.,1.,-1.110223024625E-16));
#6975 = DIRECTION('',(1.,0.,0.));
#6976 = DEFINITIONAL_REPRESENTATION('',(#6977),#6981);
#6977 = LINE('',#6978,#6979);
#6978 = CARTESIAN_POINT('',(-3.14159265359,6.28318530718));
#6979 = VECTOR('',#6980,1.);
#6980 = DIRECTION('',(1.,0.));
#6981 = ( GEOMETRIC_REPRESENTATION_CONTEXT(2) 
PARAMETRIC_REPRESENTATION_CONTEXT() REPRESENTATION_CONTEXT('2D SPACE',''
  ) );
#6982 = ORIENTED_EDGE('',*,*,#6983,.F.);
#6983 = EDGE_CURVE('',#6984,#6955,#6986,.T.);
#6984 = VERTEX_POINT('',#6985);
#6985 = CARTESIAN_POINT('',(0.725,1.283667732032E-16,0.880459160514));
#6986 = SURFACE_CURVE('',#6987,(#6992,#6999),.PCURVE_S1.);
#6987 = CIRCLE('',#6988,0.25);
#6988 = AXIS2_PLACEMENT_3D('',#6989,#6990,#6991);
#6989 = CARTESIAN_POINT('',(0.85,7.37135696447E-17,0.663952809568));
#6990 = DIRECTION('',(-0.866025403784,-5.551115123126E-17,-0.5));
#6991 = DIRECTION('',(0.,-1.,1.110223024625E-16));
#6992 = PCURVE('',#6926,#6993);
#6993 = DEFINITIONAL_REPRESENTATION('',(#6994),#6998);
#6994 = LINE('',#6995,#6996);
#6995 = CARTESIAN_POINT('',(1.047197551197,4.712388980385));
#6996 = VECTOR('',#6997,1.);
#6997 = DIRECTION('',(-9.895059008998E-16,-1.));
#6998 = ( GEOMETRIC_REPRESENTATION_CONTEXT(2) 
PARAMETRIC_REPRESENTATION_CONTEXT() REPRESENTATION_CONTEXT('2D SPACE',''
  ) );
#6999 = PCURVE('',#7000,#7005);
#7000 = CYLINDRICAL_SURFACE('',#7001,0.25);
#7001 = AXIS2_PLACEMENT_3D('',#7002,#7003,#7004);
#7002 = CARTESIAN_POINT('',(0.15,2.884444029575E-17,0.259807621135));
#7003 = DIRECTION('',(0.866025403784,5.551115123126E-17,0.5));
#7004 = DIRECTION('',(0.5,-9.614813431918E-17,-0.866025403784));
#7005 = DEFINITIONAL_REPRESENTATION('',(#7006),#7010);
#7006 = LINE('',#7007,#7008);
#7007 = CARTESIAN_POINT('',(4.712388980385,0.808290376865));
#7008 = VECTOR('',#7009,1.);
#7009 = DIRECTION('',(-1.,-7.067899292141E-17));
#7010 = ( GEOMETRIC_REPRESENTATION_CONTEXT(2) 
PARAMETRIC_REPRESENTATION_CONTEXT() REPRESENTATION_CONTEXT('2D SPACE',''
  ) );
#7011 = ORIENTED_EDGE('',*,*,#7012,.F.);
#7012 = EDGE_CURVE('',#6915,#6984,#7013,.T.);
#7013 = SURFACE_CURVE('',#7014,(#7019,#7026),.PCURVE_S1.);
#7014 = CIRCLE('',#7015,5.E-02);
#7015 = AXIS2_PLACEMENT_3D('',#7016,#7017,#7018);
#7016 = CARTESIAN_POINT('',(0.7,7.194183996177E-17,0.923760430703));
#7017 = DIRECTION('',(-0.,1.,-1.110223024625E-16));
#7018 = DIRECTION('',(-1.,-0.,0.));
#7019 = PCURVE('',#6926,#7020);
#7020 = DEFINITIONAL_REPRESENTATION('',(#7021),#7025);
#7021 = LINE('',#7022,#7023);
#7022 = CARTESIAN_POINT('',(-3.14159265359,3.14159265359));
#7023 = VECTOR('',#7024,1.);
#7024 = DIRECTION('',(1.,0.));
#7025 = ( GEOMETRIC_REPRESENTATION_CONTEXT(2) 
PARAMETRIC_REPRESENTATION_CONTEXT() REPRESENTATION_CONTEXT('2D SPACE',''
  ) );
#7026 = PCURVE('',#6971,#7027);
#7027 = DEFINITIONAL_REPRESENTATION('',(#7028),#7032);
#7028 = LINE('',#7029,#7030);
#7029 = CARTESIAN_POINT('',(-3.14159265359,3.14159265359));
#7030 = VECTOR('',#7031,1.);
#7031 = DIRECTION('',(1.,0.));
#7032 = ( GEOMETRIC_REPRESENTATION_CONTEXT(2) 
PARAMETRIC_REPRESENTATION_CONTEXT() REPRESENTATION_CONTEXT('2D SPACE',''
  ) );
#7033 = ADVANCED_FACE('',(#7034),#6938,.T.);
#7034 = FACE_BOUND('',#7035,.T.);
#7035 = EDGE_LOOP('',(#7036,#7037));
#7036 = ORIENTED_EDGE('',*,*,#6914,.F.);
#7037 = ORIENTED_EDGE('',*,*,#7038,.F.);
#7038 = EDGE_CURVE('',#6917,#6915,#7039,.T.);
#7039 = SURFACE_CURVE('',#7040,(#7045,#7056),.PCURVE_S1.);
#7040 = CIRCLE('',#7041,0.25);
#7041 = AXIS2_PLACEMENT_3D('',#7042,#7043,#7044);
#7042 = CARTESIAN_POINT('',(1.,1.025580099405E-16,0.923760430703));
#7043 = DIRECTION('',(-0.,-1.110223024625E-16,-1.));
#7044 = DIRECTION('',(0.,-1.,1.110223024625E-16));
#7045 = PCURVE('',#6938,#7046);
#7046 = DEFINITIONAL_REPRESENTATION('',(#7047),#7055);
#7047 = ( BOUNDED_CURVE() B_SPLINE_CURVE(2,(#7048,#7049,#7050,#7051,
#7052,#7053,#7054),.UNSPECIFIED.,.T.,.F.) B_SPLINE_CURVE_WITH_KNOTS((1,2
    ,2,2,2,1),(-2.094395102393,0.,2.094395102393,4.188790204786,
6.28318530718,8.377580409573),.UNSPECIFIED.) CURVE() 
GEOMETRIC_REPRESENTATION_ITEM() RATIONAL_B_SPLINE_CURVE((1.,0.5,1.,0.5,
1.,0.5,1.)) REPRESENTATION_ITEM('') );
#7048 = CARTESIAN_POINT('',(0.25,-1.5));
#7049 = CARTESIAN_POINT('',(0.25,-1.933012701892));
#7050 = CARTESIAN_POINT('',(-0.125,-1.716506350946));
#7051 = CARTESIAN_POINT('',(-0.5,-1.5));
#7052 = CARTESIAN_POINT('',(-0.125,-1.283493649054));
#7053 = CARTESIAN_POINT('',(0.25,-1.066987298108));
#7054 = CARTESIAN_POINT('',(0.25,-1.5));
#7055 = ( GEOMETRIC_REPRESENTATION_CONTEXT(2) 
PARAMETRIC_REPRESENTATION_CONTEXT() REPRESENTATION_CONTEXT('2D SPACE',''
  ) );
#7056 = PCURVE('',#6971,#7057);
#7057 = DEFINITIONAL_REPRESENTATION('',(#7058),#7062);
#7058 = LINE('',#7059,#7060);
#7059 = CARTESIAN_POINT('',(0.,10.995574287564));
#7060 = VECTOR('',#7061,1.);
#7061 = DIRECTION('',(0.,-1.));
#7062 = ( GEOMETRIC_REPRESENTATION_CONTEXT(2) 
PARAMETRIC_REPRESENTATION_CONTEXT() REPRESENTATION_CONTEXT('2D SPACE',''
  ) );
#7063 = ADVANCED_FACE('',(#7064),#6971,.T.);
#7064 = FACE_BOUND('',#7065,.T.);
#7065 = EDGE_LOOP('',(#7066,#7067,#7068,#7069));
#7066 = ORIENTED_EDGE('',*,*,#6954,.F.);
#7067 = ORIENTED_EDGE('',*,*,#7038,.T.);
#7068 = ORIENTED_EDGE('',*,*,#7012,.T.);
#7069 = ORIENTED_EDGE('',*,*,#7070,.F.);
#7070 = EDGE_CURVE('',#6955,#6984,#7071,.T.);
#7071 = SURFACE_CURVE('',#7072,(#7077,#7084),.PCURVE_S1.);
#7072 = CIRCLE('',#7073,0.25);
#7073 = AXIS2_PLACEMENT_3D('',#7074,#7075,#7076);
#7074 = CARTESIAN_POINT('',(0.85,7.37135696447E-17,0.663952809568));
#7075 = DIRECTION('',(-0.866025403784,-5.551115123126E-17,-0.5));
#7076 = DIRECTION('',(0.,-1.,1.110223024625E-16));
#7077 = PCURVE('',#6971,#7078);
#7078 = DEFINITIONAL_REPRESENTATION('',(#7079),#7083);
#7079 = LINE('',#7080,#7081);
#7080 = CARTESIAN_POINT('',(1.047197551197,10.995574287564));
#7081 = VECTOR('',#7082,1.);
#7082 = DIRECTION('',(8.481479150569E-16,-1.));
#7083 = ( GEOMETRIC_REPRESENTATION_CONTEXT(2) 
PARAMETRIC_REPRESENTATION_CONTEXT() REPRESENTATION_CONTEXT('2D SPACE',''
  ) );
#7084 = PCURVE('',#7085,#7090);
#7085 = CYLINDRICAL_SURFACE('',#7086,0.25);
#7086 = AXIS2_PLACEMENT_3D('',#7087,#7088,#7089);
#7087 = CARTESIAN_POINT('',(0.15,2.884444029575E-17,0.259807621135));
#7088 = DIRECTION('',(0.866025403784,5.551115123126E-17,0.5));
#7089 = DIRECTION('',(0.5,-9.614813431918E-17,-0.866025403784));
#7090 = DEFINITIONAL_REPRESENTATION('',(#7091),#7095);
#7091 = LINE('',#7092,#7093);
#7092 = CARTESIAN_POINT('',(10.995574287564,0.808290376865));
#7093 = VECTOR('',#7094,1.);
#7094 = DIRECTION('',(-1.,7.067899292141E-17));
#7095 = ( GEOMETRIC_REPRESENTATION_CONTEXT(2) 
PARAMETRIC_REPRESENTATION_CONTEXT() REPRESENTATION_CONTEXT('2D SPACE',''
  ) );
#7096 = ADVANCED_FACE('',(#7097),#7000,.T.);
#7097 = FACE_BOUND('',#7098,.T.);
#7098 = EDGE_LOOP('',(#7099,#7130,#7151,#7152));
#7099 = ORIENTED_EDGE('',*,*,#7100,.F.);
#7100 = EDGE_CURVE('',#7101,#7103,#7105,.T.);
#7101 = VERTEX_POINT('',#7102);
#7102 = CARTESIAN_POINT('',(2.5E-02,8.349764385423E-17,0.476313972081));
#7103 = VERTEX_POINT('',#7104);
#7104 = CARTESIAN_POINT('',(0.275,4.807406715959E-18,4.330127018922E-02)
  );
#7105 = SURFACE_CURVE('',#7106,(#7111,#7118),.PCURVE_S1.);
#7106 = CIRCLE('',#7107,0.25);
#7107 = AXIS2_PLACEMENT_3D('',#7108,#7109,#7110);
#7108 = CARTESIAN_POINT('',(0.15,2.884444029575E-17,0.259807621135));
#7109 = DIRECTION('',(-0.866025403784,-5.551115123126E-17,-0.5));
#7110 = DIRECTION('',(0.,-1.,1.110223024625E-16));
#7111 = PCURVE('',#7000,#7112);
#7112 = DEFINITIONAL_REPRESENTATION('',(#7113),#7117);
#7113 = LINE('',#7114,#7115);
#7114 = CARTESIAN_POINT('',(4.712388980385,1.554312234475E-15));
#7115 = VECTOR('',#7116,1.);
#7116 = DIRECTION('',(-1.,-2.827159716856E-16));
#7117 = ( GEOMETRIC_REPRESENTATION_CONTEXT(2) 
PARAMETRIC_REPRESENTATION_CONTEXT() REPRESENTATION_CONTEXT('2D SPACE',''
  ) );
#7118 = PCURVE('',#7119,#7124);
#7119 = TOROIDAL_SURFACE('',#7120,0.3,0.25);
#7120 = AXIS2_PLACEMENT_3D('',#7121,#7122,#7123);
#7121 = CARTESIAN_POINT('',(0.3,0.,0.));
#7122 = DIRECTION('',(0.,-1.,1.110223024625E-16));
#7123 = DIRECTION('',(-1.,0.,0.));
#7124 = DEFINITIONAL_REPRESENTATION('',(#7125),#7129);
#7125 = LINE('',#7126,#7127);
#7126 = CARTESIAN_POINT('',(5.235987755983,7.853981633974));
#7127 = VECTOR('',#7128,1.);
#7128 = DIRECTION('',(-2.544443745171E-15,-1.));
#7129 = ( GEOMETRIC_REPRESENTATION_CONTEXT(2) 
PARAMETRIC_REPRESENTATION_CONTEXT() REPRESENTATION_CONTEXT('2D SPACE',''
  ) );
#7130 = ORIENTED_EDGE('',*,*,#7131,.T.);
#7131 = EDGE_CURVE('',#7101,#6984,#7132,.T.);
#7132 = SURFACE_CURVE('',#7133,(#7137,#7144),.PCURVE_S1.);
#7133 = LINE('',#7134,#7135);
#7134 = CARTESIAN_POINT('',(2.5E-02,8.349764385423E-17,0.476313972081));
#7135 = VECTOR('',#7136,1.);
#7136 = DIRECTION('',(0.866025403784,5.551115123126E-17,0.5));
#7137 = PCURVE('',#7000,#7138);
#7138 = DEFINITIONAL_REPRESENTATION('',(#7139),#7143);
#7139 = LINE('',#7140,#7141);
#7140 = CARTESIAN_POINT('',(3.14159265359,6.746771525753E-17));
#7141 = VECTOR('',#7142,1.);
#7142 = DIRECTION('',(0.,1.));
#7143 = ( GEOMETRIC_REPRESENTATION_CONTEXT(2) 
PARAMETRIC_REPRESENTATION_CONTEXT() REPRESENTATION_CONTEXT('2D SPACE',''
  ) );
#7144 = PCURVE('',#7085,#7145);
#7145 = DEFINITIONAL_REPRESENTATION('',(#7146),#7150);
#7146 = LINE('',#7147,#7148);
#7147 = CARTESIAN_POINT('',(3.14159265359,6.746771525753E-17));
#7148 = VECTOR('',#7149,1.);
#7149 = DIRECTION('',(0.,1.));
#7150 = ( GEOMETRIC_REPRESENTATION_CONTEXT(2) 
PARAMETRIC_REPRESENTATION_CONTEXT() REPRESENTATION_CONTEXT('2D SPACE',''
  ) );
#7151 = ORIENTED_EDGE('',*,*,#6983,.T.);
#7152 = ORIENTED_EDGE('',*,*,#7153,.F.);
#7153 = EDGE_CURVE('',#7103,#6955,#7154,.T.);
#7154 = SURFACE_CURVE('',#7155,(#7159,#7166),.PCURVE_S1.);
#7155 = LINE('',#7156,#7157);
#7156 = CARTESIAN_POINT('',(0.275,4.807406715959E-18,4.330127018922E-02)
  );
#7157 = VECTOR('',#7158,1.);
#7158 = DIRECTION('',(0.866025403784,5.551115123126E-17,0.5));
#7159 = PCURVE('',#7000,#7160);
#7160 = DEFINITIONAL_REPRESENTATION('',(#7161),#7165);
#7161 = LINE('',#7162,#7163);
#7162 = CARTESIAN_POINT('',(0.,-4.163336342344E-17));
#7163 = VECTOR('',#7164,1.);
#7164 = DIRECTION('',(0.,1.));
#7165 = ( GEOMETRIC_REPRESENTATION_CONTEXT(2) 
PARAMETRIC_REPRESENTATION_CONTEXT() REPRESENTATION_CONTEXT('2D SPACE',''
  ) );
#7166 = PCURVE('',#7085,#7167);
#7167 = DEFINITIONAL_REPRESENTATION('',(#7168),#7172);
#7168 = LINE('',#7169,#7170);
#7169 = CARTESIAN_POINT('',(6.28318530718,-4.163336342344E-17));
#7170 = VECTOR('',#7171,1.);
#7171 = DIRECTION('',(0.,1.));
#7172 = ( GEOMETRIC_REPRESENTATION_CONTEXT(2) 
PARAMETRIC_REPRESENTATION_CONTEXT() REPRESENTATION_CONTEXT('2D SPACE',''
  ) );
#7173 = ADVANCED_FACE('',(#7174),#7085,.T.);
#7174 = FACE_BOUND('',#7175,.T.);
#7175 = EDGE_LOOP('',(#7176,#7177,#7204,#7205));
#7176 = ORIENTED_EDGE('',*,*,#7131,.F.);
#7177 = ORIENTED_EDGE('',*,*,#7178,.F.);
#7178 = EDGE_CURVE('',#7103,#7101,#7179,.T.);
#7179 = SURFACE_CURVE('',#7180,(#7185,#7192),.PCURVE_S1.);
#7180 = CIRCLE('',#7181,0.25);
#7181 = AXIS2_PLACEMENT_3D('',#7182,#7183,#7184);
#7182 = CARTESIAN_POINT('',(0.15,2.884444029575E-17,0.259807621135));
#7183 = DIRECTION('',(-0.866025403784,-5.551115123126E-17,-0.5));
#7184 = DIRECTION('',(0.,-1.,1.110223024625E-16));
#7185 = PCURVE('',#7085,#7186);
#7186 = DEFINITIONAL_REPRESENTATION('',(#7187),#7191);
#7187 = LINE('',#7188,#7189);
#7188 = CARTESIAN_POINT('',(10.995574287564,-1.110223024625E-15));
#7189 = VECTOR('',#7190,1.);
#7190 = DIRECTION('',(-1.,2.827159716856E-16));
#7191 = ( GEOMETRIC_REPRESENTATION_CONTEXT(2) 
PARAMETRIC_REPRESENTATION_CONTEXT() REPRESENTATION_CONTEXT('2D SPACE',''
  ) );
#7192 = PCURVE('',#7193,#7198);
#7193 = TOROIDAL_SURFACE('',#7194,0.3,0.25);
#7194 = AXIS2_PLACEMENT_3D('',#7195,#7196,#7197);
#7195 = CARTESIAN_POINT('',(0.3,0.,0.));
#7196 = DIRECTION('',(0.,-1.,1.110223024625E-16));
#7197 = DIRECTION('',(-1.,0.,0.));
#7198 = DEFINITIONAL_REPRESENTATION('',(#7199),#7203);
#7199 = LINE('',#7200,#7201);
#7200 = CARTESIAN_POINT('',(5.235987755983,7.853981633974));
#7201 = VECTOR('',#7202,1.);
#7202 = DIRECTION('',(2.544443745171E-15,-1.));
#7203 = ( GEOMETRIC_REPRESENTATION_CONTEXT(2) 
PARAMETRIC_REPRESENTATION_CONTEXT() REPRESENTATION_CONTEXT('2D SPACE',''
  ) );
#7204 = ORIENTED_EDGE('',*,*,#7153,.T.);
#7205 = ORIENTED_EDGE('',*,*,#7070,.T.);
#7206 = ADVANCED_FACE('',(#7207),#7119,.T.);
#7207 = FACE_BOUND('',#7208,.T.);
#7208 = EDGE_LOOP('',(#7209,#7233,#7234,#7258,#7287));
#7209 = ORIENTED_EDGE('',*,*,#7210,.F.);
#7210 = EDGE_CURVE('',#7101,#7211,#7213,.T.);
#7211 = VERTEX_POINT('',#7212);
#7212 = CARTESIAN_POINT('',(-0.25,-1.925929944387E-31,
    -1.734723475977E-15));
#7213 = SURFACE_CURVE('',#7214,(#7219,#7226),.PCURVE_S1.);
#7214 = CIRCLE('',#7215,0.55);
#7215 = AXIS2_PLACEMENT_3D('',#7216,#7217,#7218);
#7216 = CARTESIAN_POINT('',(0.3,0.,0.));
#7217 = DIRECTION('',(0.,-1.,1.110223024625E-16));
#7218 = DIRECTION('',(1.,0.,0.));
#7219 = PCURVE('',#7119,#7220);
#7220 = DEFINITIONAL_REPRESENTATION('',(#7221),#7225);
#7221 = LINE('',#7222,#7223);
#7222 = CARTESIAN_POINT('',(3.14159265359,6.28318530718));
#7223 = VECTOR('',#7224,1.);
#7224 = DIRECTION('',(1.,0.));
#7225 = ( GEOMETRIC_REPRESENTATION_CONTEXT(2) 
PARAMETRIC_REPRESENTATION_CONTEXT() REPRESENTATION_CONTEXT('2D SPACE',''
  ) );
#7226 = PCURVE('',#7193,#7227);
#7227 = DEFINITIONAL_REPRESENTATION('',(#7228),#7232);
#7228 = LINE('',#7229,#7230);
#7229 = CARTESIAN_POINT('',(3.14159265359,0.));
#7230 = VECTOR('',#7231,1.);
#7231 = DIRECTION('',(1.,0.));
#7232 = ( GEOMETRIC_REPRESENTATION_CONTEXT(2) 
PARAMETRIC_REPRESENTATION_CONTEXT() REPRESENTATION_CONTEXT('2D SPACE',''
  ) );
#7233 = ORIENTED_EDGE('',*,*,#7100,.T.);
#7234 = ORIENTED_EDGE('',*,*,#7235,.T.);
#7235 = EDGE_CURVE('',#7103,#7236,#7238,.T.);
#7236 = VERTEX_POINT('',#7237);
#7237 = CARTESIAN_POINT('',(0.25,3.061616997868E-17,-1.734723475977E-15)
  );
#7238 = SURFACE_CURVE('',#7239,(#7244,#7251),.PCURVE_S1.);
#7239 = CIRCLE('',#7240,5.E-02);
#7240 = AXIS2_PLACEMENT_3D('',#7241,#7242,#7243);
#7241 = CARTESIAN_POINT('',(0.3,3.061616997868E-17,-3.399077683617E-33)
  );
#7242 = DIRECTION('',(0.,-1.,1.110223024625E-16));
#7243 = DIRECTION('',(1.,0.,0.));
#7244 = PCURVE('',#7119,#7245);
#7245 = DEFINITIONAL_REPRESENTATION('',(#7246),#7250);
#7246 = LINE('',#7247,#7248);
#7247 = CARTESIAN_POINT('',(3.14159265359,3.14159265359));
#7248 = VECTOR('',#7249,1.);
#7249 = DIRECTION('',(1.,0.));
#7250 = ( GEOMETRIC_REPRESENTATION_CONTEXT(2) 
PARAMETRIC_REPRESENTATION_CONTEXT() REPRESENTATION_CONTEXT('2D SPACE',''
  ) );
#7251 = PCURVE('',#7193,#7252);
#7252 = DEFINITIONAL_REPRESENTATION('',(#7253),#7257);
#7253 = LINE('',#7254,#7255);
#7254 = CARTESIAN_POINT('',(3.14159265359,3.14159265359));
#7255 = VECTOR('',#7256,1.);
#7256 = DIRECTION('',(1.,0.));
#7257 = ( GEOMETRIC_REPRESENTATION_CONTEXT(2) 
PARAMETRIC_REPRESENTATION_CONTEXT() REPRESENTATION_CONTEXT('2D SPACE',''
  ) );
#7258 = ORIENTED_EDGE('',*,*,#7259,.F.);
#7259 = EDGE_CURVE('',#7260,#7236,#7262,.T.);
#7260 = VERTEX_POINT('',#7261);
#7261 = CARTESIAN_POINT('',(-4.440892098501E-16,0.25,-1.762479051592E-15
    ));
#7262 = SURFACE_CURVE('',#7263,(#7268,#7275),.PCURVE_S1.);
#7263 = CIRCLE('',#7264,0.25);
#7264 = AXIS2_PLACEMENT_3D('',#7265,#7266,#7267);
#7265 = CARTESIAN_POINT('',(-4.440892098501E-16,-1.925929944387E-31,
    -1.734723475977E-15));
#7266 = DIRECTION('',(-0.,-1.110223024625E-16,-1.));
#7267 = DIRECTION('',(0.,-1.,1.110223024625E-16));
#7268 = PCURVE('',#7119,#7269);
#7269 = DEFINITIONAL_REPRESENTATION('',(#7270),#7274);
#7270 = LINE('',#7271,#7272);
#7271 = CARTESIAN_POINT('',(6.28318530718,7.853981633974));
#7272 = VECTOR('',#7273,1.);
#7273 = DIRECTION('',(0.,-1.));
#7274 = ( GEOMETRIC_REPRESENTATION_CONTEXT(2) 
PARAMETRIC_REPRESENTATION_CONTEXT() REPRESENTATION_CONTEXT('2D SPACE',''
  ) );
#7275 = PCURVE('',#7276,#7281);
#7276 = CYLINDRICAL_SURFACE('',#7277,0.25);
#7277 = AXIS2_PLACEMENT_3D('',#7278,#7279,#7280);
#7278 = CARTESIAN_POINT('',(-4.440892098501E-16,-7.771561172376E-16,-7.)
  );
#7279 = DIRECTION('',(0.,1.110223024625E-16,1.));
#7280 = DIRECTION('',(0.,-1.,1.110223024625E-16));
#7281 = DEFINITIONAL_REPRESENTATION('',(#7282),#7286);
#7282 = LINE('',#7283,#7284);
#7283 = CARTESIAN_POINT('',(6.28318530718,7.));
#7284 = VECTOR('',#7285,1.);
#7285 = DIRECTION('',(-1.,0.));
#7286 = ( GEOMETRIC_REPRESENTATION_CONTEXT(2) 
PARAMETRIC_REPRESENTATION_CONTEXT() REPRESENTATION_CONTEXT('2D SPACE',''
  ) );
#7287 = ORIENTED_EDGE('',*,*,#7288,.F.);
#7288 = EDGE_CURVE('',#7211,#7260,#7289,.T.);
#7289 = SURFACE_CURVE('',#7290,(#7295,#7302),.PCURVE_S1.);
#7290 = CIRCLE('',#7291,0.25);
#7291 = AXIS2_PLACEMENT_3D('',#7292,#7293,#7294);
#7292 = CARTESIAN_POINT('',(-4.440892098501E-16,-1.925929944387E-31,
    -1.734723475977E-15));
#7293 = DIRECTION('',(-0.,-1.110223024625E-16,-1.));
#7294 = DIRECTION('',(0.,-1.,1.110223024625E-16));
#7295 = PCURVE('',#7119,#7296);
#7296 = DEFINITIONAL_REPRESENTATION('',(#7297),#7301);
#7297 = LINE('',#7298,#7299);
#7298 = CARTESIAN_POINT('',(6.28318530718,7.853981633974));
#7299 = VECTOR('',#7300,1.);
#7300 = DIRECTION('',(0.,-1.));
#7301 = ( GEOMETRIC_REPRESENTATION_CONTEXT(2) 
PARAMETRIC_REPRESENTATION_CONTEXT() REPRESENTATION_CONTEXT('2D SPACE',''
  ) );
#7302 = PCURVE('',#7303,#7308);
#7303 = CYLINDRICAL_SURFACE('',#7304,0.25);
#7304 = AXIS2_PLACEMENT_3D('',#7305,#7306,#7307);
#7305 = CARTESIAN_POINT('',(-4.440892098501E-16,-7.771561172376E-16,-7.)
  );
#7306 = DIRECTION('',(0.,1.110223024625E-16,1.));
#7307 = DIRECTION('',(0.,-1.,1.110223024625E-16));
#7308 = DEFINITIONAL_REPRESENTATION('',(#7309),#7313);
#7309 = LINE('',#7310,#7311);
#7310 = CARTESIAN_POINT('',(6.28318530718,7.));
#7311 = VECTOR('',#7312,1.);
#7312 = DIRECTION('',(-1.,0.));
#7313 = ( GEOMETRIC_REPRESENTATION_CONTEXT(2) 
PARAMETRIC_REPRESENTATION_CONTEXT() REPRESENTATION_CONTEXT('2D SPACE',''
  ) );
#7314 = ADVANCED_FACE('',(#7315),#7193,.T.);
#7315 = FACE_BOUND('',#7316,.T.);
#7316 = EDGE_LOOP('',(#7317,#7318,#7319,#7343,#7365));
#7317 = ORIENTED_EDGE('',*,*,#7178,.T.);
#7318 = ORIENTED_EDGE('',*,*,#7210,.T.);
#7319 = ORIENTED_EDGE('',*,*,#7320,.F.);
#7320 = EDGE_CURVE('',#7321,#7211,#7323,.T.);
#7321 = VERTEX_POINT('',#7322);
#7322 = CARTESIAN_POINT('',(-4.440892098501E-16,-0.25,
    -1.706967900361E-15));
#7323 = SURFACE_CURVE('',#7324,(#7329,#7336),.PCURVE_S1.);
#7324 = CIRCLE('',#7325,0.25);
#7325 = AXIS2_PLACEMENT_3D('',#7326,#7327,#7328);
#7326 = CARTESIAN_POINT('',(-4.440892098501E-16,-1.925929944387E-31,
    -1.734723475977E-15));
#7327 = DIRECTION('',(-0.,-1.110223024625E-16,-1.));
#7328 = DIRECTION('',(0.,-1.,1.110223024625E-16));
#7329 = PCURVE('',#7193,#7330);
#7330 = DEFINITIONAL_REPRESENTATION('',(#7331),#7335);
#7331 = LINE('',#7332,#7333);
#7332 = CARTESIAN_POINT('',(6.28318530718,1.570796326795));
#7333 = VECTOR('',#7334,1.);
#7334 = DIRECTION('',(0.,-1.));
#7335 = ( GEOMETRIC_REPRESENTATION_CONTEXT(2) 
PARAMETRIC_REPRESENTATION_CONTEXT() REPRESENTATION_CONTEXT('2D SPACE',''
  ) );
#7336 = PCURVE('',#7303,#7337);
#7337 = DEFINITIONAL_REPRESENTATION('',(#7338),#7342);
#7338 = LINE('',#7339,#7340);
#7339 = CARTESIAN_POINT('',(6.28318530718,7.));
#7340 = VECTOR('',#7341,1.);
#7341 = DIRECTION('',(-1.,0.));
#7342 = ( GEOMETRIC_REPRESENTATION_CONTEXT(2) 
PARAMETRIC_REPRESENTATION_CONTEXT() REPRESENTATION_CONTEXT('2D SPACE',''
  ) );
#7343 = ORIENTED_EDGE('',*,*,#7344,.F.);
#7344 = EDGE_CURVE('',#7236,#7321,#7345,.T.);
#7345 = SURFACE_CURVE('',#7346,(#7351,#7358),.PCURVE_S1.);
#7346 = CIRCLE('',#7347,0.25);
#7347 = AXIS2_PLACEMENT_3D('',#7348,#7349,#7350);
#7348 = CARTESIAN_POINT('',(-4.440892098501E-16,-1.925929944387E-31,
    -1.734723475977E-15));
#7349 = DIRECTION('',(-0.,-1.110223024625E-16,-1.));
#7350 = DIRECTION('',(0.,-1.,1.110223024625E-16));
#7351 = PCURVE('',#7193,#7352);
#7352 = DEFINITIONAL_REPRESENTATION('',(#7353),#7357);
#7353 = LINE('',#7354,#7355);
#7354 = CARTESIAN_POINT('',(6.28318530718,7.853981633974));
#7355 = VECTOR('',#7356,1.);
#7356 = DIRECTION('',(0.,-1.));
#7357 = ( GEOMETRIC_REPRESENTATION_CONTEXT(2) 
PARAMETRIC_REPRESENTATION_CONTEXT() REPRESENTATION_CONTEXT('2D SPACE',''
  ) );
#7358 = PCURVE('',#7276,#7359);
#7359 = DEFINITIONAL_REPRESENTATION('',(#7360),#7364);
#7360 = LINE('',#7361,#7362);
#7361 = CARTESIAN_POINT('',(6.28318530718,7.));
#7362 = VECTOR('',#7363,1.);
#7363 = DIRECTION('',(-1.,0.));
#7364 = ( GEOMETRIC_REPRESENTATION_CONTEXT(2) 
PARAMETRIC_REPRESENTATION_CONTEXT() REPRESENTATION_CONTEXT('2D SPACE',''
  ) );
#7365 = ORIENTED_EDGE('',*,*,#7235,.F.);
#7366 = ADVANCED_FACE('',(#7367),#7276,.T.);
#7367 = FACE_BOUND('',#7368,.T.);
#7368 = EDGE_LOOP('',(#7369,#7400,#7421,#7422,#7423));
#7369 = ORIENTED_EDGE('',*,*,#7370,.T.);
#7370 = EDGE_CURVE('',#7371,#7373,#7375,.T.);
#7371 = VERTEX_POINT('',#7372);
#7372 = CARTESIAN_POINT('',(-4.440892098501E-16,-0.25,-2.6));
#7373 = VERTEX_POINT('',#7374);
#7374 = CARTESIAN_POINT('',(-4.440892098501E-16,0.25,-2.6));
#7375 = SURFACE_CURVE('',#7376,(#7381,#7388),.PCURVE_S1.);
#7376 = CIRCLE('',#7377,0.25);
#7377 = AXIS2_PLACEMENT_3D('',#7378,#7379,#7380);
#7378 = CARTESIAN_POINT('',(-4.440892098501E-16,-2.886579864025E-16,-2.6
    ));
#7379 = DIRECTION('',(0.,1.110223024625E-16,1.));
#7380 = DIRECTION('',(0.,-1.,1.110223024625E-16));
#7381 = PCURVE('',#7276,#7382);
#7382 = DEFINITIONAL_REPRESENTATION('',(#7383),#7387);
#7383 = LINE('',#7384,#7385);
#7384 = CARTESIAN_POINT('',(0.,4.4));
#7385 = VECTOR('',#7386,1.);
#7386 = DIRECTION('',(1.,0.));
#7387 = ( GEOMETRIC_REPRESENTATION_CONTEXT(2) 
PARAMETRIC_REPRESENTATION_CONTEXT() REPRESENTATION_CONTEXT('2D SPACE',''
  ) );
#7388 = PCURVE('',#7389,#7394);
#7389 = PLANE('',#7390);
#7390 = AXIS2_PLACEMENT_3D('',#7391,#7392,#7393);
#7391 = CARTESIAN_POINT('',(-10.,-10.,-2.6));
#7392 = DIRECTION('',(0.,0.,1.));
#7393 = DIRECTION('',(1.,0.,-0.));
#7394 = DEFINITIONAL_REPRESENTATION('',(#7395),#7399);
#7395 = CIRCLE('',#7396,0.25);
#7396 = AXIS2_PLACEMENT_2D('',#7397,#7398);
#7397 = CARTESIAN_POINT('',(10.,10.));
#7398 = DIRECTION('',(0.,-1.));
#7399 = ( GEOMETRIC_REPRESENTATION_CONTEXT(2) 
PARAMETRIC_REPRESENTATION_CONTEXT() REPRESENTATION_CONTEXT('2D SPACE',''
  ) );
#7400 = ORIENTED_EDGE('',*,*,#7401,.T.);
#7401 = EDGE_CURVE('',#7373,#7260,#7402,.T.);
#7402 = SURFACE_CURVE('',#7403,(#7407,#7414),.PCURVE_S1.);
#7403 = LINE('',#7404,#7405);
#7404 = CARTESIAN_POINT('',(-4.440892098501E-16,0.25,-7.));
#7405 = VECTOR('',#7406,1.);
#7406 = DIRECTION('',(0.,1.110223024625E-16,1.));
#7407 = PCURVE('',#7276,#7408);
#7408 = DEFINITIONAL_REPRESENTATION('',(#7409),#7413);
#7409 = LINE('',#7410,#7411);
#7410 = CARTESIAN_POINT('',(3.14159265359,0.));
#7411 = VECTOR('',#7412,1.);
#7412 = DIRECTION('',(0.,1.));
#7413 = ( GEOMETRIC_REPRESENTATION_CONTEXT(2) 
PARAMETRIC_REPRESENTATION_CONTEXT() REPRESENTATION_CONTEXT('2D SPACE',''
  ) );
#7414 = PCURVE('',#7303,#7415);
#7415 = DEFINITIONAL_REPRESENTATION('',(#7416),#7420);
#7416 = LINE('',#7417,#7418);
#7417 = CARTESIAN_POINT('',(3.14159265359,0.));
#7418 = VECTOR('',#7419,1.);
#7419 = DIRECTION('',(0.,1.));
#7420 = ( GEOMETRIC_REPRESENTATION_CONTEXT(2) 
PARAMETRIC_REPRESENTATION_CONTEXT() REPRESENTATION_CONTEXT('2D SPACE',''
  ) );
#7421 = ORIENTED_EDGE('',*,*,#7259,.T.);
#7422 = ORIENTED_EDGE('',*,*,#7344,.T.);
#7423 = ORIENTED_EDGE('',*,*,#7424,.F.);
#7424 = EDGE_CURVE('',#7371,#7321,#7425,.T.);
#7425 = SURFACE_CURVE('',#7426,(#7430,#7437),.PCURVE_S1.);
#7426 = LINE('',#7427,#7428);
#7427 = CARTESIAN_POINT('',(-4.440892098501E-16,-0.25,-7.));
#7428 = VECTOR('',#7429,1.);
#7429 = DIRECTION('',(0.,1.110223024625E-16,1.));
#7430 = PCURVE('',#7276,#7431);
#7431 = DEFINITIONAL_REPRESENTATION('',(#7432),#7436);
#7432 = LINE('',#7433,#7434);
#7433 = CARTESIAN_POINT('',(0.,0.));
#7434 = VECTOR('',#7435,1.);
#7435 = DIRECTION('',(0.,1.));
#7436 = ( GEOMETRIC_REPRESENTATION_CONTEXT(2) 
PARAMETRIC_REPRESENTATION_CONTEXT() REPRESENTATION_CONTEXT('2D SPACE',''
  ) );
#7437 = PCURVE('',#7303,#7438);
#7438 = DEFINITIONAL_REPRESENTATION('',(#7439),#7443);
#7439 = LINE('',#7440,#7441);
#7440 = CARTESIAN_POINT('',(6.28318530718,0.));
#7441 = VECTOR('',#7442,1.);
#7442 = DIRECTION('',(0.,1.));
#7443 = ( GEOMETRIC_REPRESENTATION_CONTEXT(2) 
PARAMETRIC_REPRESENTATION_CONTEXT() REPRESENTATION_CONTEXT('2D SPACE',''
  ) );
#7444 = ADVANCED_FACE('',(#7445),#7303,.T.);
#7445 = FACE_BOUND('',#7446,.T.);
#7446 = EDGE_LOOP('',(#7447,#7448,#7470,#7471,#7472));
#7447 = ORIENTED_EDGE('',*,*,#7401,.F.);
#7448 = ORIENTED_EDGE('',*,*,#7449,.T.);
#7449 = EDGE_CURVE('',#7373,#7371,#7450,.T.);
#7450 = SURFACE_CURVE('',#7451,(#7456,#7463),.PCURVE_S1.);
#7451 = CIRCLE('',#7452,0.25);
#7452 = AXIS2_PLACEMENT_3D('',#7453,#7454,#7455);
#7453 = CARTESIAN_POINT('',(-4.440892098501E-16,-2.886579864025E-16,-2.6
    ));
#7454 = DIRECTION('',(0.,1.110223024625E-16,1.));
#7455 = DIRECTION('',(0.,-1.,1.110223024625E-16));
#7456 = PCURVE('',#7303,#7457);
#7457 = DEFINITIONAL_REPRESENTATION('',(#7458),#7462);
#7458 = LINE('',#7459,#7460);
#7459 = CARTESIAN_POINT('',(0.,4.4));
#7460 = VECTOR('',#7461,1.);
#7461 = DIRECTION('',(1.,0.));
#7462 = ( GEOMETRIC_REPRESENTATION_CONTEXT(2) 
PARAMETRIC_REPRESENTATION_CONTEXT() REPRESENTATION_CONTEXT('2D SPACE',''
  ) );
#7463 = PCURVE('',#7389,#7464);
#7464 = DEFINITIONAL_REPRESENTATION('',(#7465),#7469);
#7465 = CIRCLE('',#7466,0.25);
#7466 = AXIS2_PLACEMENT_2D('',#7467,#7468);
#7467 = CARTESIAN_POINT('',(10.,10.));
#7468 = DIRECTION('',(0.,-1.));
#7469 = ( GEOMETRIC_REPRESENTATION_CONTEXT(2) 
PARAMETRIC_REPRESENTATION_CONTEXT() REPRESENTATION_CONTEXT('2D SPACE',''
  ) );
#7470 = ORIENTED_EDGE('',*,*,#7424,.T.);
#7471 = ORIENTED_EDGE('',*,*,#7320,.T.);
#7472 = ORIENTED_EDGE('',*,*,#7288,.T.);
#7473 = ADVANCED_FACE('',(#7474),#7389,.F.);
#7474 = FACE_BOUND('',#7475,.F.);
#7475 = EDGE_LOOP('',(#7476,#7477));
#7476 = ORIENTED_EDGE('',*,*,#7449,.T.);
#7477 = ORIENTED_EDGE('',*,*,#7370,.T.);
#7478 = ( GEOMETRIC_REPRESENTATION_CONTEXT(3) 
GLOBAL_UNCERTAINTY_ASSIGNED_CONTEXT((#7482)) 
GLOBAL_UNIT_ASSIGNED_CONTEXT((#7479,#7480,#7481)) REPRESENTATION_CONTEXT
('Context #1','3D Context with UNIT and UNCERTAINTY') );
#7479 = ( LENGTH_UNIT() NAMED_UNIT(*) SI_UNIT(.MILLI.,.METRE.) );
#7480 = ( NAMED_UNIT(*) PLANE_ANGLE_UNIT() SI_UNIT($,.RADIAN.) );
#7481 = ( NAMED_UNIT(*) SI_UNIT($,.STERADIAN.) SOLID_ANGLE_UNIT() );
#7482 = UNCERTAINTY_MEASURE_WITH_UNIT(LENGTH_MEASURE(1.E-07),#7479,
  'distance_accuracy_value','confusion accuracy');
#7483 = CONTEXT_DEPENDENT_SHAPE_REPRESENTATION(#7484,#7486);
#7484 = ( REPRESENTATION_RELATIONSHIP('','',#6345,#10) 
REPRESENTATION_RELATIONSHIP_WITH_TRANSFORMATION(#7485) 
SHAPE_REPRESENTATION_RELATIONSHIP() );
#7485 = ITEM_DEFINED_TRANSFORMATION('','',#11,#19);
#7486 = PRODUCT_DEFINITION_SHAPE('Placement','Placement of an item',
  #7487);
#7487 = NEXT_ASSEMBLY_USAGE_OCCURRENCE('2','leads','',#5,#6340,$);
#7488 = PRODUCT_RELATED_PRODUCT_CATEGORY('part',$,(#6342));
#7489 = MECHANICAL_DESIGN_GEOMETRIC_PRESENTATION_REPRESENTATION('',(
    #7490),#6327);
#7490 = STYLED_ITEM('color',(#7491),#37);
#7491 = PRESENTATION_STYLE_ASSIGNMENT((#7492));
#7492 = SURFACE_STYLE_USAGE(.BOTH.,#7493);
#7493 = SURFACE_SIDE_STYLE('',(#7494));
#7494 = SURFACE_STYLE_FILL_AREA(#7495);
#7495 = FILL_AREA_STYLE('',(#7496));
#7496 = FILL_AREA_STYLE_COLOUR('',#7497);
#7497 = COLOUR_RGB('',0.317647058758,0.627450987486,0.850980378684);
#7498 = MECHANICAL_DESIGN_GEOMETRIC_PRESENTATION_REPRESENTATION('',(
    #7499,#7507),#7478);
#7499 = STYLED_ITEM('color',(#7500),#6346);
#7500 = PRESENTATION_STYLE_ASSIGNMENT((#7501));
#7501 = SURFACE_STYLE_USAGE(.BOTH.,#7502);
#7502 = SURFACE_SIDE_STYLE('',(#7503));
#7503 = SURFACE_STYLE_FILL_AREA(#7504);
#7504 = FILL_AREA_STYLE('',(#7505));
#7505 = FILL_AREA_STYLE_COLOUR('',#7506);
#7506 = COLOUR_RGB('',0.819999987296,0.819999987296,0.839999997739);
#7507 = STYLED_ITEM('color',(#7508),#6908);
#7508 = PRESENTATION_STYLE_ASSIGNMENT((#7509));
#7509 = SURFACE_STYLE_USAGE(.BOTH.,#7510);
#7510 = SURFACE_SIDE_STYLE('',(#7511));
#7511 = SURFACE_STYLE_FILL_AREA(#7512);
#7512 = FILL_AREA_STYLE('',(#7513));
#7513 = FILL_AREA_STYLE_COLOUR('',#7506);
ENDSEC;
END-ISO-10303-21;
